ISO-10303-21;
HEADER;
FILE_DESCRIPTION (( 'STEP AP214' ),
    '1' );
FILE_NAME ('Petrov.STEP',
    '2022-10-17T03:04:48',
    ( '' ),
    ( '' ),
    'SwSTEP 2.0',
    'SolidWorks 2021',
    '' );
FILE_SCHEMA (( 'AUTOMOTIVE_DESIGN' ));
ENDSEC;

DATA;
#1 = ORIENTED_EDGE ( 'NONE', *, *, #7872, .F. ) ;
#2 = DIRECTION ( 'NONE',  ( 1.000000000000000000, -0.000000000000000000, -0.000000000000000000 ) ) ;
#3 = ORIENTED_EDGE ( 'NONE', *, *, #2828, .T. ) ;
#4 = ORIENTED_EDGE ( 'NONE', *, *, #5137, .F. ) ;
#5 = ORIENTED_EDGE ( 'NONE', *, *, #1879, .F. ) ;
#6 = CARTESIAN_POINT ( 'NONE',  ( -106.1299999999999955, -111.5450820850404767, 0.000000000000000000 ) ) ;
#7 = CARTESIAN_POINT ( 'NONE',  ( 152.4002906799316008, -4.665784838024103820, 11.81000000000000050 ) ) ;
#8 = EDGE_CURVE ( 'NONE', #6499, #4251, #7939, .T. ) ;
#9 = CARTESIAN_POINT ( 'NONE',  ( 4.400558720224445655E-12, -140.5902906799316838, 0.000000000000000000 ) ) ;
#10 =( LENGTH_UNIT ( ) NAMED_UNIT ( * ) SI_UNIT ( .MILLI., .METRE. ) );
#11 = APPLICATION_CONTEXT ( 'automotive_design' ) ;
#12 = DIRECTION ( 'NONE',  ( -1.000000000000000000, 0.000000000000000000, 0.000000000000000000 ) ) ;
#13 = EDGE_CURVE ( 'NONE', #8306, #3582, #3780, .T. ) ;
#14 = ORIENTED_EDGE ( 'NONE', *, *, #7981, .T. ) ;
#15 = CARTESIAN_POINT ( 'NONE',  ( 304.8000000000000114, -26.87841541837373427, 0.000000000000000000 ) ) ;
#16 = ORIENTED_EDGE ( 'NONE', *, *, #1459, .T. ) ;
#17 = VERTEX_POINT ( 'NONE', #379 ) ;
#18 = CARTESIAN_POINT ( 'NONE',  ( -25.39999999999567493, 457.1997093200683935, 0.000000000000000000 ) ) ;
#19 = CLOSED_SHELL ( 'NONE', ( #1088, #5901, #7214, #7495, #4330, #7657, #4953, #2704, #2770, #5675, #942, #6109, #8793, #5242, #3057, #169, #5122, #3425, #3316, #4215, #450, #5669, #3177, #1566, #4859, #6240, #5761, #8584, #1418, #3696 ) ) ;
#20 = CARTESIAN_POINT ( 'NONE',  ( -152.3999999999999773, -80.73000000000001819, 0.000000000000000000 ) ) ;
#21 = CARTESIAN_POINT ( 'NONE',  ( -382.7386812835923138, -88.82781013178517071, 11.81000000000000050 ) ) ;
#22 = PRESENTATION_STYLE_ASSIGNMENT (( #6238 ) ) ;
#23 = FACE_OUTER_BOUND ( 'NONE', #6402, .T. ) ;
#24 = VECTOR ( 'NONE', #5989, 1000.000000000000000 ) ;
#25 = DIRECTION ( 'NONE',  ( 1.894642264054528850E-16, 1.000000000000000000, -0.000000000000000000 ) ) ;
#26 = ORIENTED_EDGE ( 'NONE', *, *, #4916, .F. ) ;
#27 = DIRECTION ( 'NONE',  ( 0.000000000000000000, -1.000000000000000000, 0.000000000000000000 ) ) ;
#28 = DIRECTION ( 'NONE',  ( 0.000000000000000000, -0.000000000000000000, 1.000000000000000000 ) ) ;
#29 = EDGE_CURVE ( 'NONE', #1631, #1905, #5916, .T. ) ;
#30 = CARTESIAN_POINT ( 'NONE',  ( -59.26666666666662309, -304.8000000000000114, 11.81000000000000050 ) ) ;
#31 = AXIS2_PLACEMENT_3D ( 'NONE', #4013, #6283, #8845 ) ;
#32 = DIRECTION ( 'NONE',  ( 0.000000000000000000, 0.000000000000000000, 1.000000000000000000 ) ) ;
#33 = ORIENTED_EDGE ( 'NONE', *, *, #1779, .F. ) ;
#34 = LINE ( 'NONE', #8240, #7877 ) ;
#35 = CONTEXT_DEPENDENT_SHAPE_REPRESENTATION ( #6506, #698 ) ;
#36 = LINE ( 'NONE', #6427, #2556 ) ;
#37 = VERTEX_POINT ( 'NONE', #5826 ) ;
#38 = EDGE_CURVE ( 'NONE', #831, #395, #973, .T. ) ;
#39 = ORIENTED_EDGE ( 'NONE', *, *, #6287, .T. ) ;
#40 = PLANE ( 'NONE',  #3294 ) ;
#41 = LINE ( 'NONE', #1537, #3156 ) ;
#42 = PRODUCT ( 'Wood_Accent_Front_Cover', 'Wood_Accent_Front_Cover', '', ( #1891 ) ) ;
#43 = CARTESIAN_POINT ( 'NONE',  ( -25.39999999999560387, 165.0997093200683992, 0.000000000000000000 ) ) ;
#44 = SURFACE_STYLE_FILL_AREA ( #8332 ) ;
#45 = DIRECTION ( 'NONE',  ( -0.000000000000000000, -1.000000000000000000, -0.000000000000000000 ) ) ;
#46 = ORIENTED_EDGE ( 'NONE', *, *, #3162, .T. ) ;
#47 = ORIENTED_EDGE ( 'NONE', *, *, #6094, .T. ) ;
#48 = DIRECTION ( 'NONE',  ( 4.200324197239087429E-15, 1.000000000000000000, 0.000000000000000000 ) ) ;
#49 = CARTESIAN_POINT ( 'NONE',  ( 152.4002906799316008, 58.83421516197587664, 0.000000000000000000 ) ) ;
#50 = PLANE ( 'NONE',  #2109 ) ;
#51 = CARTESIAN_POINT ( 'NONE',  ( 152.4002906799316008, 71.53421516197586527, 11.81000000000000050 ) ) ;
#52 = CARTESIAN_POINT ( 'NONE',  ( -25.39999999999560387, 139.6997093200683935, 0.000000000000000000 ) ) ;
#53 = ORIENTED_EDGE ( 'NONE', *, *, #1407, .F. ) ;
#54 = LINE ( 'NONE', #2818, #635 ) ;
#55 = VECTOR ( 'NONE', #3982, 1000.000000000000000 ) ;
#56 = ORIENTED_EDGE ( 'NONE', *, *, #3589, .F. ) ;
#57 = EDGE_CURVE ( 'NONE', #6895, #2607, #4455, .T. ) ;
#58 = VERTEX_POINT ( 'NONE', #1016 ) ;
#59 = CARTESIAN_POINT ( 'NONE',  ( 25.40000000000001279, 11.81000000000000050, -304.8000000000000682 ) ) ;
#60 = LINE ( 'NONE', #2104, #6429 ) ;
#61 = LINE ( 'NONE', #1296, #6623 ) ;
#62 = EDGE_CURVE ( 'NONE', #6661, #8721, #2367, .T. ) ;
#63 = LINE ( 'NONE', #6954, #6014 ) ;
#64 = AXIS2_PLACEMENT_3D ( 'NONE', #6392, #4389, #2938 ) ;
#65 = PLANE ( 'NONE',  #8844 ) ;
#66 = VERTEX_POINT ( 'NONE', #4539 ) ;
#67 = ADVANCED_FACE ( 'NONE', ( #602 ), #1286, .F. ) ;
#68 = CARTESIAN_POINT ( 'NONE',  ( -304.8000000000000114, 32.38825124829288171, 11.81000000000000050 ) ) ;
#69 = VECTOR ( 'NONE', #3022, 1000.000000000000000 ) ;
#70 = LINE ( 'NONE', #6872, #4574 ) ;
#71 = DIRECTION ( 'NONE',  ( -0.000000000000000000, 1.000000000000000000, 0.000000000000000000 ) ) ;
#72 = ORIENTED_EDGE ( 'NONE', *, *, #5384, .T. ) ;
#73 = PLANE ( 'NONE',  #4989 ) ;
#74 = APPLICATION_PROTOCOL_DEFINITION ( 'draft international standard', 'automotive_design', 1998, #7296 ) ;
#75 = MECHANICAL_DESIGN_GEOMETRIC_PRESENTATION_REPRESENTATION (  '', ( #5580 ), #2103 ) ;
#76 = PRODUCT_RELATED_PRODUCT_CATEGORY ( 'part', '', ( #7137 ) ) ;
#77 = PLANE ( 'NONE',  #108 ) ;
#78 = ORIENTED_EDGE ( 'NONE', *, *, #2647, .F. ) ;
#79 = EDGE_CURVE ( 'NONE', #6130, #8736, #7441, .T. ) ;
#80 = ORIENTED_EDGE ( 'NONE', *, *, #5663, .F. ) ;
#81 = DIRECTION ( 'NONE',  ( -0.000000000000000000, -0.000000000000000000, -1.000000000000000000 ) ) ;
#82 = VECTOR ( 'NONE', #8162, 1000.000000000000000 ) ;
#83 = LINE ( 'NONE', #2845, #4601 ) ;
#84 = FACE_OUTER_BOUND ( 'NONE', #3662, .T. ) ;
#85 = DIRECTION ( 'NONE',  ( 1.706325926237332771E-16, -1.000000000000000000, -0.000000000000000000 ) ) ;
#86 = VECTOR ( 'NONE', #1458, 1000.000000000000000 ) ;
#87 = ADVANCED_FACE ( 'NONE', ( #6770 ), #8214, .T. ) ;
#88 = ORIENTED_EDGE ( 'NONE', *, *, #7967, .F. ) ;
#89 = ORIENTED_EDGE ( 'NONE', *, *, #8368, .T. ) ;
#90 = CARTESIAN_POINT ( 'NONE',  ( 80.73000000000001819, -111.5450820850404767, 11.81000000000000050 ) ) ;
#91 = CARTESIAN_POINT ( 'NONE',  ( -152.3999999999999773, -80.73000000000001819, 0.000000000000000000 ) ) ;
#92 = VECTOR ( 'NONE', #262, 1000.000000000000000 ) ;
#93 = DIRECTION ( 'NONE',  ( 0.000000000000000000, 0.000000000000000000, -1.000000000000000000 ) ) ;
#94 = ORIENTED_EDGE ( 'NONE', *, *, #8660, .F. ) ;
#95 = DIRECTION ( 'NONE',  ( 1.000000000000000000, 0.000000000000000000, 0.000000000000000000 ) ) ;
#96 = DIRECTION ( 'NONE',  ( 0.000000000000000000, 0.000000000000000000, -1.000000000000000000 ) ) ;
#97 = ORIENTED_EDGE ( 'NONE', *, *, #3350, .F. ) ;
#98 = DIRECTION ( 'NONE',  ( -1.000000000000000000, -0.000000000000000000, -0.000000000000000000 ) ) ;
#99 = VECTOR ( 'NONE', #2875, 1000.000000000000000 ) ;
#100 = VECTOR ( 'NONE', #1435, 1000.000000000000000 ) ;
#101 = ORIENTED_EDGE ( 'NONE', *, *, #839, .F. ) ;
#102 = EDGE_LOOP ( 'NONE', ( #6035, #3317, #7523, #282 ) ) ;
#103 = CARTESIAN_POINT ( 'NONE',  ( 59.26666666666674388, 292.9900000000000091, 0.000000000000000000 ) ) ;
#104 = DIRECTION ( 'NONE',  ( 0.000000000000000000, 1.000000000000000000, 0.000000000000000000 ) ) ;
#105 = LINE ( 'NONE', #6278, #7155 ) ;
#106 = CARTESIAN_POINT ( 'NONE',  ( 267.5900000000043519, 139.6997093200683935, 11.81000000000000050 ) ) ;
#107 = FILL_AREA_STYLE_COLOUR ( '', #8229 ) ;
#108 = AXIS2_PLACEMENT_3D ( 'NONE', #3620, #2120, #4974 ) ;
#109 = PRESENTATION_STYLE_ASSIGNMENT (( #3649 ) ) ;
#110 = VECTOR ( 'NONE', #1544, 1000.000000000000000 ) ;
#111 = PRODUCT_DEFINITION_CONTEXT ( 'detailed design', #7765, 'design' ) ;
#112 = EDGE_CURVE ( 'NONE', #6639, #4294, #557, .T. ) ;
#113 = MANIFOLD_SOLID_BREP ( 'Mirror3', #4217 ) ;
#114 = ORIENTED_EDGE ( 'NONE', *, *, #5272, .F. ) ;
#115 = PRODUCT ( 'Wood_Accent_Front', 'Wood_Accent_Front', '', ( #895 ) ) ;
#116 = VECTOR ( 'NONE', #3540, 1000.000000000000000 ) ;
#117 = CARTESIAN_POINT ( 'NONE',  ( -457.1999999999999886, 71.53421516197580843, 0.000000000000000000 ) ) ;
#118 =( GEOMETRIC_REPRESENTATION_CONTEXT ( 3 ) GLOBAL_UNCERTAINTY_ASSIGNED_CONTEXT ( ( #304 ) ) GLOBAL_UNIT_ASSIGNED_CONTEXT ( ( #3343, #3971, #3297 ) ) REPRESENTATION_CONTEXT ( 'NONE', 'WORKASPACE' ) );
#119 = DIRECTION ( 'NONE',  ( 1.000000000000000000, -9.106159978880874930E-17, 0.000000000000000000 ) ) ;
#120 = DIRECTION ( 'NONE',  ( -1.000000000000000000, 0.000000000000000000, 0.000000000000000000 ) ) ;
#121 = FACE_OUTER_BOUND ( 'NONE', #624, .T. ) ;
#122 = SHAPE_DEFINITION_REPRESENTATION ( #5775, #4212 ) ;
#123 = VECTOR ( 'NONE', #4516, 1000.000000000000000 ) ;
#124 = EDGE_CURVE ( 'NONE', #499, #1988, #2772, .T. ) ;
#125 = PLANE ( 'NONE',  #7564 ) ;
#126 = VERTEX_POINT ( 'NONE', #4092 ) ;
#127 = EDGE_CURVE ( 'NONE', #5124, #5740, #8259, .T. ) ;
#128 = DIRECTION ( 'NONE',  ( 1.000000000000000000, 0.000000000000000000, 0.000000000000000000 ) ) ;
#129 = ORIENTED_EDGE ( 'NONE', *, *, #7895, .T. ) ;
#130 = VECTOR ( 'NONE', #7947, 1000.000000000000000 ) ;
#131 = ORIENTED_EDGE ( 'NONE', *, *, #3506, .F. ) ;
#132 = CARTESIAN_POINT ( 'NONE',  ( 152.4000000000000057, 304.8000000000000114, 0.000000000000000000 ) ) ;
#133 = LINE ( 'NONE', #4980, #1432 ) ;
#134 = DIRECTION ( 'NONE',  ( -2.185478394931409786E-15, 1.000000000000000000, 0.000000000000000000 ) ) ;
#135 = LINE ( 'NONE', #4258, #8034 ) ;
#136 = ORIENTED_EDGE ( 'NONE', *, *, #1401, .F. ) ;
#137 = ORIENTED_EDGE ( 'NONE', *, *, #7782, .T. ) ;
#138 = FACE_OUTER_BOUND ( 'NONE', #1548, .T. ) ;
#139 = LINE ( 'NONE', #7748, #8783 ) ;
#140 = AXIS2_PLACEMENT_3D ( 'NONE', #2654, #8139, #7468 ) ;
#141 = EDGE_CURVE ( 'NONE', #5124, #726, #6854, .T. ) ;
#142 = LINE ( 'NONE', #1464, #4137 ) ;
#143 = ORIENTED_EDGE ( 'NONE', *, *, #1588, .T. ) ;
#144 = CARTESIAN_POINT ( 'NONE',  ( 152.4002906799316008, 20.73421516197590009, 0.000000000000000000 ) ) ;
#145 = CARTESIAN_POINT ( 'NONE',  ( -346.6871619467640357, 11.81000000000000050, -616.1005700363344886 ) ) ;
#146 = ORIENTED_EDGE ( 'NONE', *, *, #7706, .F. ) ;
#147 = CARTESIAN_POINT ( 'NONE',  ( 140.5900000000000034, -292.9900000000000091, 0.000000000000000000 ) ) ;
#148 = CARTESIAN_POINT ( 'NONE',  ( -457.1999999999999886, -4.665784838024156223, 11.81000000000000050 ) ) ;
#149 = ORIENTED_EDGE ( 'NONE', *, *, #4053, .T. ) ;
#150 = ORIENTED_EDGE ( 'NONE', *, *, #4589, .F. ) ;
#151 = LINE ( 'NONE', #7758, #1115 ) ;
#152 = EDGE_CURVE ( 'NONE', #3172, #6547, #7493, .T. ) ;
#153 = DIRECTION ( 'NONE',  ( -0.000000000000000000, 0.000000000000000000, 1.000000000000000000 ) ) ;
#154 = DIRECTION ( 'NONE',  ( 1.000000000000000000, 1.706325926237332771E-16, 0.000000000000000000 ) ) ;
#155 = DIRECTION ( 'NONE',  ( -0.000000000000000000, -0.000000000000000000, 1.000000000000000000 ) ) ;
#156 = PRESENTATION_STYLE_ASSIGNMENT (( #4960 ) ) ;
#157 = CARTESIAN_POINT ( 'NONE',  ( -165.8523359398624279, -152.5178101317848700, 11.81000000000000050 ) ) ;
#158 = ORIENTED_EDGE ( 'NONE', *, *, #6042, .F. ) ;
#159 = CARTESIAN_POINT ( 'NONE',  ( -292.9900000000000091, 91.65491791495954033, 11.81000000000000050 ) ) ;
#160 = EDGE_CURVE ( 'NONE', #1094, #8529, #6811, .T. ) ;
#161 = LINE ( 'NONE', #934, #8762 ) ;
#162 = CARTESIAN_POINT ( 'NONE',  ( -152.3999999999999773, -267.5900000000000318, 11.81000000000000050 ) ) ;
#163 = DIRECTION ( 'NONE',  ( 0.000000000000000000, 0.000000000000000000, -1.000000000000000000 ) ) ;
#164 = APPLICATION_PROTOCOL_DEFINITION ( 'draft international standard', 'automotive_design', 1998, #11 ) ;
#165 = VECTOR ( 'NONE', #8300, 1000.000000000000000 ) ;
#166 = EDGE_LOOP ( 'NONE', ( #5582, #3391, #7291, #8836 ) ) ;
#167 = CARTESIAN_POINT ( 'NONE',  ( -165.8523359398624279, -152.5178101317848700, 11.81000000000000050 ) ) ;
#168 = ORIENTED_EDGE ( 'NONE', *, *, #193, .F. ) ;
#169 = ADVANCED_FACE ( 'NONE', ( #5501 ), #2052, .T. ) ;
#170 = ADVANCED_BREP_SHAPE_REPRESENTATION ( '', ( #485, #3886 ), #8075 ) ;
#171 = ORIENTED_EDGE ( 'NONE', *, *, #4549, .F. ) ;
#172 = EDGE_CURVE ( 'NONE', #6184, #2578, #6228, .T. ) ;
#173 = PRESENTATION_STYLE_ASSIGNMENT (( #7865 ) ) ;
#174 = LINE ( 'NONE', #5708, #6324 ) ;
#175 = DIRECTION ( 'NONE',  ( 2.014845802307676854E-15, 1.000000000000000000, 0.000000000000000000 ) ) ;
#176 = CARTESIAN_POINT ( 'NONE',  ( -25.40000000000000213, 11.81000000000000050, -164.2100000000000364 ) ) ;
#177 = FILL_AREA_STYLE_COLOUR ( '', #421 ) ;
#178 = EDGE_CURVE ( 'NONE', #3362, #2623, #3997, .T. ) ;
#179 = DIRECTION ( 'NONE',  ( 0.000000000000000000, -0.000000000000000000, 1.000000000000000000 ) ) ;
#180 = ORIENTED_EDGE ( 'NONE', *, *, #3825, .T. ) ;
#181 = ORIENTED_EDGE ( 'NONE', *, *, #235, .T. ) ;
#182 = EDGE_CURVE ( 'NONE', #4700, #3243, #8790, .T. ) ;
#183 = CARTESIAN_POINT ( 'NONE',  ( 127.0000000000001137, 292.9900000000000091, 11.81000000000000050 ) ) ;
#184 =( REPRESENTATION_RELATIONSHIP ('NONE','NONE', #853, #3527 ) REPRESENTATION_RELATIONSHIP_WITH_TRANSFORMATION ( #8127 )SHAPE_REPRESENTATION_RELATIONSHIP( ) );
#185 = ADVANCED_FACE ( 'NONE', ( #4995 ), #189, .T. ) ;
#186 = CARTESIAN_POINT ( 'NONE',  ( -326.7190026065292159, -152.5178101317848132, 11.81000000000000050 ) ) ;
#187 = DIRECTION ( 'NONE',  ( 1.000000000000000000, -0.000000000000000000, 0.000000000000000000 ) ) ;
#188 = ORIENTED_EDGE ( 'NONE', *, *, #2879, .T. ) ;
#189 = PLANE ( 'NONE',  #3498 ) ;
#190 = DIRECTION ( 'NONE',  ( 2.014845802307676854E-15, 1.000000000000000000, 0.000000000000000000 ) ) ;
#191 = ORIENTED_EDGE ( 'NONE', *, *, #1769, .T. ) ;
#192 = VERTEX_POINT ( 'NONE', #7752 ) ;
#193 = EDGE_CURVE ( 'NONE', #1292, #6882, #5680, .T. ) ;
#194 = ORIENTED_EDGE ( 'NONE', *, *, #4127, .T. ) ;
#195 = LINE ( 'NONE', #7089, #8642 ) ;
#196 = DIRECTION ( 'NONE',  ( 0.000000000000000000, 0.000000000000000000, 1.000000000000000000 ) ) ;
#197 = DIRECTION ( 'NONE',  ( 1.000000000000000000, -1.894642264054528850E-16, 0.000000000000000000 ) ) ;
#198 = CARTESIAN_POINT ( 'NONE',  ( 140.5900000000000034, -292.9900000000000091, 0.000000000000000000 ) ) ;
#199 = DIRECTION ( 'NONE',  ( 0.000000000000000000, -0.000000000000000000, 1.000000000000000000 ) ) ;
#200 = AXIS2_PLACEMENT_3D ( 'NONE', #4685, #565, #8840 ) ;
#201 = LINE ( 'NONE', #1518, #3215 ) ;
#202 = VERTEX_POINT ( 'NONE', #4185 ) ;
#203 = EDGE_CURVE ( 'NONE', #4975, #1508, #2950, .T. ) ;
#204 = LINE ( 'NONE', #117, #3857 ) ;
#205 = AXIS2_PLACEMENT_3D ( 'NONE', #3050, #2364, #5823 ) ;
#206 = CARTESIAN_POINT ( 'NONE',  ( -352.1190026065291363, -140.7078101317848393, 11.81000000000000050 ) ) ;
#207 = LINE ( 'NONE', #6289, #7217 ) ;
#208 = CARTESIAN_POINT ( 'NONE',  ( 33.86666666666673819, 292.9900000000000091, 11.81000000000000050 ) ) ;
#209 = DIRECTION ( 'NONE',  ( 0.000000000000000000, 0.000000000000000000, -1.000000000000000000 ) ) ;
#210 = PRODUCT_CONTEXT ( 'NONE', #11, 'mechanical' ) ;
#211 = AXIS2_PLACEMENT_3D ( 'NONE', #8172, #3288, #6864 ) ;
#212 = VERTEX_POINT ( 'NONE', #6361 ) ;
#213 = CARTESIAN_POINT ( 'NONE',  ( 152.4002906799316008, 71.53421516197586527, 11.81000000000000050 ) ) ;
#214 = ORIENTED_EDGE ( 'NONE', *, *, #1231, .F. ) ;
#215 = ORIENTED_EDGE ( 'NONE', *, *, #8267, .T. ) ;
#216 = CARTESIAN_POINT ( 'NONE',  ( 80.73000000000001819, -111.5450820850404767, 0.000000000000000000 ) ) ;
#217 = LINE ( 'NONE', #2889, #5894 ) ;
#218 = PLANE ( 'NONE',  #4313 ) ;
#219 = CARTESIAN_POINT ( 'NONE',  ( 0.000000000000000000, 0.000000000000000000, 0.000000000000000000 ) ) ;
#220 = AXIS2_PLACEMENT_3D ( 'NONE', #1235, #6093, #5406 ) ;
#221 = EDGE_CURVE ( 'NONE', #8220, #1882, #6984, .T. ) ;
#222 = FACE_OUTER_BOUND ( 'NONE', #4362, .T. ) ;
#223 = VECTOR ( 'NONE', #227, 1000.000000000000000 ) ;
#224 = ORIENTED_EDGE ( 'NONE', *, *, #6797, .T. ) ;
#225 = LINE ( 'NONE', #8519, #3585 ) ;
#226 = CARTESIAN_POINT ( 'NONE',  ( 304.8000000000000114, -26.87841541837373427, 11.81000000000000050 ) ) ;
#227 = DIRECTION ( 'NONE',  ( -0.000000000000000000, -0.000000000000000000, 1.000000000000000000 ) ) ;
#228 = AXIS2_PLACEMENT_3D ( 'NONE', #6076, #5482, #8908 ) ;
#229 = EDGE_CURVE ( 'NONE', #2046, #8781, #4225, .T. ) ;
#230 = ORIENTED_EDGE ( 'NONE', *, *, #2328, .T. ) ;
#231 = CARTESIAN_POINT ( 'NONE',  ( 267.5900000000043519, -140.5902906799316838, 11.81000000000000050 ) ) ;
#232 = ORIENTED_EDGE ( 'NONE', *, *, #1081, .F. ) ;
#233 = LINE ( 'NONE', #5000, #3240 ) ;
#234 = ORIENTED_EDGE ( 'NONE', *, *, #1198, .F. ) ;
#235 = EDGE_CURVE ( 'NONE', #8367, #2774, #5724, .T. ) ;
#236 = EDGE_LOOP ( 'NONE', ( #1962, #782, #888, #4799 ) ) ;
#237 = VECTOR ( 'NONE', #7191, 1000.000000000000000 ) ;
#238 = DIRECTION ( 'NONE',  ( -1.000000000000000000, -0.000000000000000000, -0.000000000000000000 ) ) ;
#239 = LINE ( 'NONE', #8568, #2509 ) ;
#240 = CARTESIAN_POINT ( 'NONE',  ( -304.8000000000000114, 66.25491791495954885, 11.81000000000000050 ) ) ;
#241 = LINE ( 'NONE', #5867, #3117 ) ;
#242 = EDGE_CURVE ( 'NONE', #1722, #7086, #6944, .T. ) ;
#243 = VECTOR ( 'NONE', #666, 1000.000000000000000 ) ;
#244 = AXIS2_PLACEMENT_3D ( 'NONE', #5994, #644, #6674 ) ;
#245 = DIRECTION ( 'NONE',  ( 1.000000000000000000, -0.000000000000000000, 0.000000000000000000 ) ) ;
#246 = VERTEX_POINT ( 'NONE', #3637 ) ;
#247 = LINE ( 'NONE', #7138, #7630 ) ;
#248 = VECTOR ( 'NONE', #4639, 1000.000000000000000 ) ;
#249 = VECTOR ( 'NONE', #3806, 1000.000000000000000 ) ;
#250 = FACE_OUTER_BOUND ( 'NONE', #6667, .T. ) ;
#251 = PLANE ( 'NONE',  #2805 ) ;
#252 = LINE ( 'NONE', #2291, #4409 ) ;
#253 = ITEM_DEFINED_TRANSFORMATION ( 'NONE', 'NONE', #723,  #3886 ) ;
#254 = ADVANCED_FACE ( 'NONE', ( #7671 ), #8475, .F. ) ;
#255 = AXIS2_PLACEMENT_3D ( 'NONE', #3767, #1001, #8602 ) ;
#256 = CARTESIAN_POINT ( 'NONE',  ( -445.3899999999999864, -4.665784838024156223, 0.000000000000000000 ) ) ;
#257 = VERTEX_POINT ( 'NONE', #5779 ) ;
#258 = DIRECTION ( 'NONE',  ( 1.000000000000000000, -0.000000000000000000, 0.000000000000000000 ) ) ;
#259 = ORIENTED_EDGE ( 'NONE', *, *, #4774, .T. ) ;
#260 = VERTEX_POINT ( 'NONE', #823 ) ;
#261 = DIRECTION ( 'NONE',  ( -1.000000000000000000, -1.706325926237332771E-16, 0.000000000000000000 ) ) ;
#262 = DIRECTION ( 'NONE',  ( 0.000000000000000000, 1.000000000000000000, 0.000000000000000000 ) ) ;
#263 = LINE ( 'NONE', #3837, #5480 ) ;
#264 = EDGE_CURVE ( 'NONE', #3066, #4618, #2220, .T. ) ;
#265 = PRODUCT ( 'Base_Plate', 'Base_Plate', '', ( #1447 ) ) ;
#266 = AXIS2_PLACEMENT_3D ( 'NONE', #3401, #7573, #728 ) ;
#267 = LINE ( 'NONE', #3035, #5135 ) ;
#268 = VECTOR ( 'NONE', #6918, 1000.000000000000000 ) ;
#269 = SURFACE_STYLE_USAGE ( .BOTH. , #2254 ) ;
#270 = DIRECTION ( 'NONE',  ( 0.000000000000000000, -1.000000000000000000, 0.000000000000000000 ) ) ;
#271 =( GEOMETRIC_REPRESENTATION_CONTEXT ( 3 ) GLOBAL_UNCERTAINTY_ASSIGNED_CONTEXT ( ( #6105 ) ) GLOBAL_UNIT_ASSIGNED_CONTEXT ( ( #5645, #1436, #6193 ) ) REPRESENTATION_CONTEXT ( 'NONE', 'WORKASPACE' ) );
#272 = ORIENTED_EDGE ( 'NONE', *, *, #8581, .T. ) ;
#273 = ORIENTED_EDGE ( 'NONE', *, *, #494, .F. ) ;
#274 = CARTESIAN_POINT ( 'NONE',  ( 292.9900000000000091, 91.65491791495954033, 11.81000000000000050 ) ) ;
#275 = CARTESIAN_POINT ( 'NONE',  ( 106.1299999999999955, -111.5450820850404767, 11.81000000000000050 ) ) ;
#276 = EDGE_CURVE ( 'NONE', #8834, #4165, #740, .T. ) ;
#277 = COLOUR_RGB ( '',1.000000000000000000, 1.000000000000000000, 1.000000000000000000 ) ;
#278 = EDGE_LOOP ( 'NONE', ( #3045, #319, #3447, #688 ) ) ;
#279 = DIRECTION ( 'NONE',  ( 1.000000000000000000, 1.252096997096120642E-16, -0.000000000000000000 ) ) ;
#280 = LINE ( 'NONE', #1809, #375 ) ;
#281 = MANIFOLD_SOLID_BREP ( 'Boss-Extrude1', #2330 ) ;
#282 = ORIENTED_EDGE ( 'NONE', *, *, #112, .T. ) ;
#283 = ORIENTED_EDGE ( 'NONE', *, *, #7115, .T. ) ;
#284 = ORIENTED_EDGE ( 'NONE', *, *, #7697, .F. ) ;
#285 = AXIS2_PLACEMENT_3D ( 'NONE', #7282, #8593, #6698 ) ;
#286 = ORIENTED_EDGE ( 'NONE', *, *, #2155, .T. ) ;
#287 = PLANE ( 'NONE',  #5463 ) ;
#288 = EDGE_CURVE ( 'NONE', #3224, #7620, #5587, .T. ) ;
#289 = PLANE ( 'NONE',  #205 ) ;
#290 = CARTESIAN_POINT ( 'NONE',  ( -445.3899999999999864, 33.43421516197582832, 0.000000000000000000 ) ) ;
#291 = FACE_OUTER_BOUND ( 'NONE', #6374, .T. ) ;
#292 = EDGE_CURVE ( 'NONE', #7445, #3546, #2140, .T. ) ;
#293 = CARTESIAN_POINT ( 'NONE',  ( -13.58999999999560160, -140.5902906799316554, 0.000000000000000000 ) ) ;
#294 = ORIENTED_EDGE ( 'NONE', *, *, #7103, .T. ) ;
#295 = DIRECTION ( 'NONE',  ( 0.000000000000000000, -0.000000000000000000, -1.000000000000000000 ) ) ;
#296 = ORIENTED_EDGE ( 'NONE', *, *, #347, .T. ) ;
#297 = CARTESIAN_POINT ( 'NONE',  ( -292.9900000000000091, 32.38825124829288171, 0.000000000000000000 ) ) ;
#298 = MANIFOLD_SOLID_BREP ( 'Boss-Extrude1', #3921 ) ;
#299 = ADVANCED_FACE ( 'NONE', ( #4485 ), #8562, .F. ) ;
#300 = ADVANCED_FACE ( 'NONE', ( #7251 ), #6494, .F. ) ;
#301 = LINE ( 'NONE', #3019, #6899 ) ;
#302 = LINE ( 'NONE', #5149, #1291 ) ;
#303 = PLANE ( 'NONE',  #651 ) ;
#304 = UNCERTAINTY_MEASURE_WITH_UNIT (LENGTH_MEASURE( 1.000000000000000082E-05 ), #3343, 'distance_accuracy_value', 'NONE');
#305 = CARTESIAN_POINT ( 'NONE',  ( -126.9999999999999716, 292.9900000000000091, 0.000000000000000000 ) ) ;
#306 = ORIENTED_EDGE ( 'NONE', *, *, #8471, .F. ) ;
#307 = DIRECTION ( 'NONE',  ( -0.000000000000000000, 1.000000000000000000, -0.000000000000000000 ) ) ;
#308 = ORIENTED_EDGE ( 'NONE', *, *, #7060, .T. ) ;
#309 = ADVANCED_FACE ( 'NONE', ( #3180 ), #2487, .F. ) ;
#310 = ORIENTED_EDGE ( 'NONE', *, *, #1007, .F. ) ;
#311 = CARTESIAN_POINT ( 'NONE',  ( -675.7286812835919818, -114.2278101317851906, 0.000000000000000000 ) ) ;
#312 = CARTESIAN_POINT ( 'NONE',  ( 152.3999999999999773, 80.73000000000001819, 0.000000000000000000 ) ) ;
#313 = FACE_OUTER_BOUND ( 'NONE', #2798, .T. ) ;
#314 = LINE ( 'NONE', #8639, #796 ) ;
#315 = DIRECTION ( 'NONE',  ( -2.553393886560284648E-21, -1.000000000000000000, 1.734723475976807094E-18 ) ) ;
#316 = CARTESIAN_POINT ( 'NONE',  ( -59.12900260652909168, -127.1178101317847791, 11.81000000000000050 ) ) ;
#317 = VECTOR ( 'NONE', #8582, 1000.000000000000000 ) ;
#318 = ORIENTED_EDGE ( 'NONE', *, *, #5955, .T. ) ;
#319 = ORIENTED_EDGE ( 'NONE', *, *, #2214, .T. ) ;
#320 = CARTESIAN_POINT ( 'NONE',  ( -382.7386812835922569, -50.72781013178523324, 11.81000000000000050 ) ) ;
#321 = CARTESIAN_POINT ( 'NONE',  ( -47.31900260652908941, 50.68218986821523941, 11.81000000000000050 ) ) ;
#322 = VECTOR ( 'NONE', #5420, 1000.000000000000000 ) ;
#323 = ORIENTED_EDGE ( 'NONE', *, *, #8019, .F. ) ;
#324 = FACE_OUTER_BOUND ( 'NONE', #2778, .T. ) ;
#325 = CARTESIAN_POINT ( 'NONE',  ( 106.1299999999999955, -99.73508208504047445, 0.000000000000000000 ) ) ;
#326 = ORIENTED_EDGE ( 'NONE', *, *, #8333, .T. ) ;
#327 = VERTEX_POINT ( 'NONE', #7928 ) ;
#328 = ORIENTED_EDGE ( 'NONE', *, *, #6094, .F. ) ;
#329 = CARTESIAN_POINT ( 'NONE',  ( -346.6871619467639789, 11.81000000000000050, -514.5005700363345795 ) ) ;
#330 = DIRECTION ( 'NONE',  ( 0.000000000000000000, 1.000000000000000000, 0.000000000000000000 ) ) ;
#331 = DIRECTION ( 'NONE',  ( 2.937719688360373903E-16, 1.000000000000000000, 0.000000000000000000 ) ) ;
#332 = VERTEX_POINT ( 'NONE', #3131 ) ;
#333 = VERTEX_POINT ( 'NONE', #5131 ) ;
#334 = CARTESIAN_POINT ( 'NONE',  ( -352.1190026065291363, -152.5178101317848132, 0.000000000000000000 ) ) ;
#335 = ADVANCED_FACE ( 'NONE', ( #324 ), #7164, .F. ) ;
#336 = ORIENTED_EDGE ( 'NONE', *, *, #7872, .T. ) ;
#337 = LINE ( 'NONE', #4544, #2368 ) ;
#338 = PRODUCT_DEFINITION_SHAPE ( 'NONE', 'NONE',  #8277 ) ;
#339 = LINE ( 'NONE', #2417, #7485 ) ;
#340 = EDGE_CURVE ( 'NONE', #6142, #4532, #2449, .T. ) ;
#341 = FACE_OUTER_BOUND ( 'NONE', #1059, .T. ) ;
#342 = FACE_OUTER_BOUND ( 'NONE', #8871, .T. ) ;
#343 = LINE ( 'NONE', #1828, #2097 ) ;
#344 = ITEM_DEFINED_TRANSFORMATION ( 'NONE', 'NONE', #6513,  #3886 ) ;
#345 = VECTOR ( 'NONE', #4911, 1000.000000000000000 ) ;
#346 = DIRECTION ( 'NONE',  ( 1.000000000000000000, 0.000000000000000000, 0.000000000000000000 ) ) ;
#347 = EDGE_CURVE ( 'NONE', #7682, #7964, #7880, .T. ) ;
#348 = ORIENTED_EDGE ( 'NONE', *, *, #7378, .T. ) ;
#349 = FACE_OUTER_BOUND ( 'NONE', #3868, .T. ) ;
#350 = ORIENTED_EDGE ( 'NONE', *, *, #1770, .F. ) ;
#351 = VECTOR ( 'NONE', #5186, 1000.000000000000000 ) ;
#352 = ORIENTED_EDGE ( 'NONE', *, *, #1128, .T. ) ;
#353 = PLANE ( 'NONE',  #6202 ) ;
#354 = CARTESIAN_POINT ( 'NONE',  ( -304.8000000000000114, 66.25491791495954885, 0.000000000000000000 ) ) ;
#355 = LINE ( 'NONE', #5978, #2870 ) ;
#356 = ORIENTED_EDGE ( 'NONE', *, *, #2038, .T. ) ;
#357 = CARTESIAN_POINT ( 'NONE',  ( 304.8000000000000114, -52.27841541837373995, 11.81000000000000050 ) ) ;
#358 = DIRECTION ( 'NONE',  ( 1.000000000000000000, 0.000000000000000000, 0.000000000000000000 ) ) ;
#359 =( REPRESENTATION_RELATIONSHIP ('NONE','NONE', #853, #2203 ) REPRESENTATION_RELATIONSHIP_WITH_TRANSFORMATION ( #4378 )SHAPE_REPRESENTATION_RELATIONSHIP( ) );
#360 = AXIS2_PLACEMENT_3D ( 'NONE', #568, #6104, #4739 ) ;
#361 = EDGE_CURVE ( 'NONE', #5602, #2874, #8694, .T. ) ;
#362 = CARTESIAN_POINT ( 'NONE',  ( -140.5900000000000034, 292.9900000000000091, 0.000000000000000000 ) ) ;
#363 = ORIENTED_EDGE ( 'NONE', *, *, #3489, .T. ) ;
#364 = DIRECTION ( 'NONE',  ( -1.706325926237332771E-16, 1.000000000000000000, 0.000000000000000000 ) ) ;
#365 = VECTOR ( 'NONE', #2191, 1000.000000000000000 ) ;
#366 = CARTESIAN_POINT ( 'NONE',  ( -72.71900260652908798, -140.7078101317849246, 0.000000000000000000 ) ) ;
#367 = ADVANCED_FACE ( 'NONE', ( #4441 ), #4577, .F. ) ;
#368 = VERTEX_POINT ( 'NONE', #7209 ) ;
#369 = LINE ( 'NONE', #325, #370 ) ;
#370 = VECTOR ( 'NONE', #8607, 1000.000000000000000 ) ;
#371 = EDGE_LOOP ( 'NONE', ( #903, #6759, #8132, #1380 ) ) ;
#372 = ORIENTED_EDGE ( 'NONE', *, *, #5432, .F. ) ;
#373 = EDGE_LOOP ( 'NONE', ( #181, #4471, #5528, #5536 ) ) ;
#374 = DIRECTION ( 'NONE',  ( 1.000000000000000000, 0.000000000000000000, -4.370956789862819572E-15 ) ) ;
#375 = VECTOR ( 'NONE', #3044, 1000.000000000000000 ) ;
#376 = FACE_OUTER_BOUND ( 'NONE', #8346, .T. ) ;
#377 = EDGE_CURVE ( 'NONE', #3373, #1174, #1005, .T. ) ;
#378 = CARTESIAN_POINT ( 'NONE',  ( -47.31900260652910362, -33.98447679845144620, 11.81000000000000050 ) ) ;
#379 = CARTESIAN_POINT ( 'NONE',  ( 292.9900000000000659, -52.27841541837373285, 0.000000000000000000 ) ) ;
#380 = VERTEX_POINT ( 'NONE', #5858 ) ;
#381 = CARTESIAN_POINT ( 'NONE',  ( 114.3000000000043173, -152.4002906799316861, 0.000000000000000000 ) ) ;
#382 = VECTOR ( 'NONE', #2045, 1000.000000000000000 ) ;
#383 = ORIENTED_EDGE ( 'NONE', *, *, #7625, .F. ) ;
#384 = DIRECTION ( 'NONE',  ( -0.000000000000000000, -1.000000000000000000, -0.000000000000000000 ) ) ;
#385 = PLANE ( 'NONE',  #972 ) ;
#386 = CARTESIAN_POINT ( 'NONE',  ( -140.4523359398625075, -140.7078101317848393, 0.000000000000000000 ) ) ;
#387 = EDGE_CURVE ( 'NONE', #8506, #5988, #6668, .T. ) ;
#388 = CARTESIAN_POINT ( 'NONE',  ( -394.5486812835924297, -114.2278101317851764, 0.000000000000000000 ) ) ;
#389 = AXIS2_PLACEMENT_3D ( 'NONE', #2156, #2030, #4926 ) ;
#390 = CONTEXT_DEPENDENT_SHAPE_REPRESENTATION ( #2200, #3081 ) ;
#391 = ORIENTED_EDGE ( 'NONE', *, *, #1594, .T. ) ;
#392 = VECTOR ( 'NONE', #467, 1000.000000000000000 ) ;
#393 = PLANE ( 'NONE',  #5753 ) ;
#394 = VECTOR ( 'NONE', #2596, 1000.000000000000000 ) ;
#395 = VERTEX_POINT ( 'NONE', #1368 ) ;
#396 = FACE_OUTER_BOUND ( 'NONE', #3471, .T. ) ;
#397 = CARTESIAN_POINT ( 'NONE',  ( -292.9900000000000091, -99.73508208504048866, 11.81000000000000050 ) ) ;
#398 = FACE_OUTER_BOUND ( 'NONE', #2472, .T. ) ;
#399 = ORIENTED_EDGE ( 'NONE', *, *, #6998, .F. ) ;
#400 = EDGE_CURVE ( 'NONE', #7585, #5756, #3985, .T. ) ;
#401 = LINE ( 'NONE', #7376, #2231 ) ;
#402 = DIRECTION ( 'NONE',  ( -1.051488783018137525E-16, -1.000000000000000000, 6.070773319253859099E-17 ) ) ;
#403 = VECTOR ( 'NONE', #374, 1000.000000000000000 ) ;
#404 = EDGE_CURVE ( 'NONE', #7518, #7931, #4129, .T. ) ;
#405 = DIRECTION ( 'NONE',  ( 1.000000000000000000, 0.000000000000000000, 0.000000000000000000 ) ) ;
#406 = ORIENTED_EDGE ( 'NONE', *, *, #8877, .T. ) ;
#407 = VECTOR ( 'NONE', #6523, 1000.000000000000000 ) ;
#408 = VERTEX_POINT ( 'NONE', #3359 ) ;
#410 = CARTESIAN_POINT ( 'NONE',  ( -394.5486812835924297, -152.3278101317849860, 11.81000000000000050 ) ) ;
#409 = MECHANICAL_DESIGN_GEOMETRIC_PRESENTATION_REPRESENTATION (  '', ( #2425 ), #2861 ) ;
#411 = CARTESIAN_POINT ( 'NONE',  ( 304.7999999999999545, 91.65491791495961138, 11.81000000000000050 ) ) ;
#412 = EDGE_CURVE ( 'NONE', #2767, #5094, #8869, .T. ) ;
#413 = SHAPE_REPRESENTATION ( 'Side_Plate_Cover', ( #3886 ), #271 ) ;
#414 = VERTEX_POINT ( 'NONE', #7430 ) ;
#415 = CARTESIAN_POINT ( 'NONE',  ( 114.3000000000043030, 445.3897093200683912, 11.81000000000000050 ) ) ;
#416 = ORIENTED_EDGE ( 'NONE', *, *, #2963, .F. ) ;
#417 = VERTEX_POINT ( 'NONE', #6803 ) ;
#418 = ORIENTED_EDGE ( 'NONE', *, *, #6359, .F. ) ;
#419 = EDGE_CURVE ( 'NONE', #368, #3226, #1320, .T. ) ;
#420 = DIRECTION ( 'NONE',  ( -0.000000000000000000, -0.000000000000000000, -1.000000000000000000 ) ) ;
#421 = COLOUR_RGB ( '',1.000000000000000000, 1.000000000000000000, 1.000000000000000000 ) ;
#422 = CARTESIAN_POINT ( 'NONE',  ( -140.4523359398625075, -152.5178101317848700, 0.000000000000000000 ) ) ;
#423 = CARTESIAN_POINT ( 'NONE',  ( -140.5900000000000034, -292.9900000000000091, 11.81000000000000050 ) ) ;
#424 = EDGE_LOOP ( 'NONE', ( #4912, #1975, #3967, #538 ) ) ;
#425 = ORIENTED_EDGE ( 'NONE', *, *, #8453, .T. ) ;
#426 =( GEOMETRIC_REPRESENTATION_CONTEXT ( 3 ) GLOBAL_UNCERTAINTY_ASSIGNED_CONTEXT ( ( #1025 ) ) GLOBAL_UNIT_ASSIGNED_CONTEXT ( ( #2893, #7070, #7742 ) ) REPRESENTATION_CONTEXT ( 'NONE', 'WORKASPACE' ) );
#427 = CARTESIAN_POINT ( 'NONE',  ( -662.1386812835920637, -152.3278101317851565, 0.000000000000000000 ) ) ;
#428 = ORIENTED_EDGE ( 'NONE', *, *, #6829, .T. ) ;
#429 = EDGE_CURVE ( 'NONE', #1681, #2794, #1996, .T. ) ;
#430 = DIRECTION ( 'NONE',  ( -9.106159978880878627E-17, 1.000000000000000000, -0.000000000000000000 ) ) ;
#431 = DIRECTION ( 'NONE',  ( 0.000000000000000000, 0.000000000000000000, 1.000000000000000000 ) ) ;
#432 = FACE_OUTER_BOUND ( 'NONE', #581, .T. ) ;
#433 = AXIS2_PLACEMENT_3D ( 'NONE', #5430, #2702, #6745 ) ;
#434 = PLANE ( 'NONE',  #2379 ) ;
#435 = ORIENTED_EDGE ( 'NONE', *, *, #6106, .T. ) ;
#436 = EDGE_CURVE ( 'NONE', #917, #3770, #6756, .T. ) ;
#437 =( NAMED_UNIT ( * ) SI_UNIT ( $, .STERADIAN. ) SOLID_ANGLE_UNIT ( ) );
#438 = VERTEX_POINT ( 'NONE', #5439 ) ;
#439 = DIRECTION ( 'NONE',  ( 0.000000000000000000, -0.000000000000000000, 1.000000000000000000 ) ) ;
#440 = CARTESIAN_POINT ( 'NONE',  ( -140.5900000000000034, 292.9900000000000091, 11.81000000000000050 ) ) ;
#441 = PLANE ( 'NONE',  #707 ) ;
#442 = ORIENTED_EDGE ( 'NONE', *, *, #6570, .T. ) ;
#443 = DIRECTION ( 'NONE',  ( -1.000000000000000000, -0.000000000000000000, -0.000000000000000000 ) ) ;
#444 = DIRECTION ( 'NONE',  ( 2.553393886560284648E-21, -1.000000000000000000, 1.734723475976807094E-18 ) ) ;
#445 = CARTESIAN_POINT ( 'NONE',  ( 114.3000000000043173, 457.1997093200683935, 0.000000000000000000 ) ) ;
#446 = EDGE_CURVE ( 'NONE', #2037, #5608, #6128, .T. ) ;
#447 = ORIENTED_EDGE ( 'NONE', *, *, #5713, .T. ) ;
#448 = VECTOR ( 'NONE', #4777, 1000.000000000000000 ) ;
#449 = ORIENTED_EDGE ( 'NONE', *, *, #897, .T. ) ;
#450 = ADVANCED_FACE ( 'NONE', ( #4713 ), #3943, .F. ) ;
#451 = DIRECTION ( 'NONE',  ( 0.000000000000000000, -1.000000000000000000, 0.000000000000000000 ) ) ;
#452 = FILL_AREA_STYLE_COLOUR ( '', #2878 ) ;
#453 = VECTOR ( 'NONE', #4467, 1000.000000000000000 ) ;
#454 = ORIENTED_EDGE ( 'NONE', *, *, #7558, .F. ) ;
#455 = CARTESIAN_POINT ( 'NONE',  ( -25.39999999999560387, 419.9897093200684139, 0.000000000000000000 ) ) ;
#456 = ORIENTED_EDGE ( 'NONE', *, *, #4789, .T. ) ;
#457 = VERTEX_POINT ( 'NONE', #2715 ) ;
#458 = LINE ( 'NONE', #4630, #6043 ) ;
#459 = VECTOR ( 'NONE', #5192, 1000.000000000000000 ) ;
#460 = CARTESIAN_POINT ( 'NONE',  ( -295.8871619467639675, 0.000000000000000000, -616.1005700363347160 ) ) ;
#461 = DIRECTION ( 'NONE',  ( 0.000000000000000000, 0.000000000000000000, -1.000000000000000000 ) ) ;
#462 = CARTESIAN_POINT ( 'NONE',  ( 127.0000000000001137, -304.8000000000000114, 0.000000000000000000 ) ) ;
#463 = VERTEX_POINT ( 'NONE', #5491 ) ;
#464 = EDGE_CURVE ( 'NONE', #1082, #1650, #2044, .T. ) ;
#465 = EDGE_LOOP ( 'NONE', ( #4570, #2569, #7530, #5783 ) ) ;
#466 = VERTEX_POINT ( 'NONE', #545 ) ;
#467 = DIRECTION ( 'NONE',  ( -1.000000000000000000, -0.000000000000000000, -0.000000000000000000 ) ) ;
#468 =( REPRESENTATION_RELATIONSHIP ('NONE','NONE', #853, #3137 ) REPRESENTATION_RELATIONSHIP_WITH_TRANSFORMATION ( #7776 )SHAPE_REPRESENTATION_RELATIONSHIP( ) );
#469 = LINE ( 'NONE', #5460, #7437 ) ;
#470 = CARTESIAN_POINT ( 'NONE',  ( -25.39999999999560387, 165.0997093200683992, 11.81000000000000050 ) ) ;
#471 =( LENGTH_UNIT ( ) NAMED_UNIT ( * ) SI_UNIT ( .MILLI., .METRE. ) );
#472 = FACE_OUTER_BOUND ( 'NONE', #8252, .T. ) ;
#473 = UNCERTAINTY_MEASURE_WITH_UNIT (LENGTH_MEASURE( 1.000000000000000082E-05 ), #1942, 'distance_accuracy_value', 'NONE');
#474 = EDGE_CURVE ( 'NONE', #665, #2776, #2527, .T. ) ;
#475 = CARTESIAN_POINT ( 'NONE',  ( -25.39999999999560387, 165.0997093200683992, 11.81000000000000050 ) ) ;
#476 = ORIENTED_EDGE ( 'NONE', *, *, #1662, .T. ) ;
#477 = LINE ( 'NONE', #4647, #708 ) ;
#478 = EDGE_LOOP ( 'NONE', ( #8302, #1143, #1132, #131 ) ) ;
#479 = SURFACE_STYLE_FILL_AREA ( #1791 ) ;
#480 = CARTESIAN_POINT ( 'NONE',  ( 152.3999999999999773, -106.1299999999999955, 11.81000000000000050 ) ) ;
#481 = FACE_OUTER_BOUND ( 'NONE', #5811, .T. ) ;
#482 = VERTEX_POINT ( 'NONE', #7387 ) ;
#483 = CARTESIAN_POINT ( 'NONE',  ( -152.3999999999999773, -106.1299999999999955, 11.81000000000000050 ) ) ;
#485 = MANIFOLD_SOLID_BREP ( 'Mirror1', #2764 ) ;
#484 = DIRECTION ( 'NONE',  ( 0.000000000000000000, 0.000000000000000000, 1.000000000000000000 ) ) ;
#486 = FACE_OUTER_BOUND ( 'NONE', #705, .T. ) ;
#487 = AXIS2_PLACEMENT_3D ( 'NONE', #2014, #6948, #8479 ) ;
#488 = VERTEX_POINT ( 'NONE', #7143 ) ;
#489 = VERTEX_POINT ( 'NONE', #2975 ) ;
#490 = LINE ( 'NONE', #6124, #8814 ) ;
#491 = LINE ( 'NONE', #8558, #5322 ) ;
#492 = AXIS2_PLACEMENT_3D ( 'NONE', #20, #5734, #7680 ) ;
#493 = LINE ( 'NONE', #8777, #8004 ) ;
#494 = EDGE_CURVE ( 'NONE', #2694, #7028, #4667, .T. ) ;
#495 = ORIENTED_EDGE ( 'NONE', *, *, #731, .F. ) ;
#496 = SURFACE_STYLE_FILL_AREA ( #1225 ) ;
#497 = CARTESIAN_POINT ( 'NONE',  ( -25.39999999999567493, 457.1997093200683935, 0.000000000000000000 ) ) ;
#498 = ORIENTED_EDGE ( 'NONE', *, *, #8396, .F. ) ;
#499 = VERTEX_POINT ( 'NONE', #4335 ) ;
#500 = VECTOR ( 'NONE', #2073, 1000.000000000000000 ) ;
#501 = ORIENTED_EDGE ( 'NONE', *, *, #5387, .T. ) ;
#502 = DIRECTION ( 'NONE',  ( -0.000000000000000000, 0.000000000000000000, 1.000000000000000000 ) ) ;
#503 = DIRECTION ( 'NONE',  ( 0.000000000000000000, 0.000000000000000000, -1.000000000000000000 ) ) ;
#504 = DIRECTION ( 'NONE',  ( -1.000000000000000000, -1.092739197465705287E-15, 0.000000000000000000 ) ) ;
#505 = EDGE_CURVE ( 'NONE', #2624, #7012, #7183, .T. ) ;
#506 = CARTESIAN_POINT ( 'NONE',  ( -295.8871619467639675, 11.81000000000000050, -514.5005700363348069 ) ) ;
#507 = AXIS2_PLACEMENT_3D ( 'NONE', #2064, #4829, #7593 ) ;
#508 = CARTESIAN_POINT ( 'NONE',  ( -25.39999999999567493, 457.1997093200683935, 0.000000000000000000 ) ) ;
#509 = EDGE_CURVE ( 'NONE', #126, #3342, #7778, .T. ) ;
#510 = ORIENTED_EDGE ( 'NONE', *, *, #4075, .T. ) ;
#511 = CARTESIAN_POINT ( 'NONE',  ( -457.1999999999999886, 71.53421516197580843, 0.000000000000000000 ) ) ;
#512 = ORIENTED_EDGE ( 'NONE', *, *, #8133, .T. ) ;
#513 = EDGE_LOOP ( 'NONE', ( #8105, #1403, #5115, #4543 ) ) ;
#514 = CARTESIAN_POINT ( 'NONE',  ( -547.8386812835921091, -152.3278101317850712, 0.000000000000000000 ) ) ;
#515 = VECTOR ( 'NONE', #7030, 1000.000000000000000 ) ;
#516 = DIRECTION ( 'NONE',  ( 4.200324197239087429E-15, 1.000000000000000000, 0.000000000000000000 ) ) ;
#517 = DIRECTION ( 'NONE',  ( 0.000000000000000000, -1.000000000000000000, 0.000000000000000000 ) ) ;
#518 = DIRECTION ( 'NONE',  ( -0.000000000000000000, -0.000000000000000000, 1.000000000000000000 ) ) ;
#519 = CONTEXT_DEPENDENT_SHAPE_REPRESENTATION ( #6550, #6270 ) ;
#520 = VECTOR ( 'NONE', #8688, 1000.000000000000000 ) ;
#521 = DIRECTION ( 'NONE',  ( 0.000000000000000000, -0.000000000000000000, -1.000000000000000000 ) ) ;
#522 = VERTEX_POINT ( 'NONE', #5109 ) ;
#523 = PLANE ( 'NONE',  #6041 ) ;
#524 = ORIENTED_EDGE ( 'NONE', *, *, #1832, .T. ) ;
#525 = CARTESIAN_POINT ( 'NONE',  ( 152.4002906799316008, 58.83421516197587664, 0.000000000000000000 ) ) ;
#526 = VECTOR ( 'NONE', #5665, 1000.000000000000000 ) ;
#527 = ADVANCED_FACE ( 'NONE', ( #4972 ), #5657, .F. ) ;
#528 = DIRECTION ( 'NONE',  ( -1.000000000000000000, 0.000000000000000000, 0.000000000000000000 ) ) ;
#529 = CARTESIAN_POINT ( 'NONE',  ( -340.3090026065290772, 25.28218986821520531, 0.000000000000000000 ) ) ;
#530 = ORIENTED_EDGE ( 'NONE', *, *, #6936, .F. ) ;
#531 = DIRECTION ( 'NONE',  ( 1.000000000000000000, 4.553079989440438697E-17, 0.000000000000000000 ) ) ;
#532 = DIRECTION ( 'NONE',  ( -6.839255870354803239E-17, 1.000000000000000000, -1.035852183908476990E-16 ) ) ;
#533 = VECTOR ( 'NONE', #5921, 1000.000000000000000 ) ;
#534 = LINE ( 'NONE', #676, #7618 ) ;
#535 = VECTOR ( 'NONE', #8354, 1000.000000000000000 ) ;
#536 = ORIENTED_EDGE ( 'NONE', *, *, #2548, .F. ) ;
#537 = EDGE_CURVE ( 'NONE', #3596, #2257, #6516, .T. ) ;
#538 = ORIENTED_EDGE ( 'NONE', *, *, #5436, .T. ) ;
#539 = CARTESIAN_POINT ( 'NONE',  ( 33.86666666666673819, 292.9900000000000091, 0.000000000000000000 ) ) ;
#540 = LINE ( 'NONE', #293, #2148 ) ;
#541 = AXIS2_PLACEMENT_3D ( 'NONE', #2146, #5551, #656 ) ;
#542 = VECTOR ( 'NONE', #8728, 1000.000000000000000 ) ;
#543 = PRESENTATION_STYLE_ASSIGNMENT (( #684 ) ) ;
#544 = ORIENTED_EDGE ( 'NONE', *, *, #6067, .T. ) ;
#545 = CARTESIAN_POINT ( 'NONE',  ( -165.8523359398624279, -152.5178101317848700, 0.000000000000000000 ) ) ;
#546 = CARTESIAN_POINT ( 'NONE',  ( -72.71900260652908798, -152.5178101317848984, 11.81000000000000050 ) ) ;
#547 = ORIENTED_EDGE ( 'NONE', *, *, #1621, .T. ) ;
#548 = VERTEX_POINT ( 'NONE', #305 ) ;
#549 = AXIS2_PLACEMENT_3D ( 'NONE', #7976, #7216, #1815 ) ;
#550 = VECTOR ( 'NONE', #3531, 1000.000000000000000 ) ;
#551 = ORIENTED_EDGE ( 'NONE', *, *, #3446, .F. ) ;
#552 = EDGE_CURVE ( 'NONE', #1631, #5615, #7823, .T. ) ;
#553 = DIRECTION ( 'NONE',  ( -0.000000000000000000, -0.000000000000000000, 1.000000000000000000 ) ) ;
#554 = DIRECTION ( 'NONE',  ( 0.000000000000000000, 0.000000000000000000, 1.000000000000000000 ) ) ;
#555 = AXIS2_PLACEMENT_3D ( 'NONE', #5291, #5162, #4610 ) ;
#556 = DIRECTION ( 'NONE',  ( -0.000000000000000000, -0.000000000000000000, 1.000000000000000000 ) ) ;
#557 = LINE ( 'NONE', #1194, #5236 ) ;
#558 = CARTESIAN_POINT ( 'NONE',  ( -25.39999999999560387, 445.3897093200683912, 0.000000000000000000 ) ) ;
#559 = VERTEX_POINT ( 'NONE', #898 ) ;
#560 = LINE ( 'NONE', #6903, #4658 ) ;
#561 = ORIENTED_EDGE ( 'NONE', *, *, #5454, .F. ) ;
#562 = EDGE_CURVE ( 'NONE', #8518, #7745, #7105, .T. ) ;
#563 = ORIENTED_EDGE ( 'NONE', *, *, #3861, .T. ) ;
#564 = CARTESIAN_POINT ( 'NONE',  ( -165.0998546600341967, -4.665784838024212178, 0.000000000000000000 ) ) ;
#565 = DIRECTION ( 'NONE',  ( -1.000000000000000000, 0.000000000000000000, 0.000000000000000000 ) ) ;
#566 = DIRECTION ( 'NONE',  ( 1.000000000000000000, -1.894642264054528850E-16, 0.000000000000000000 ) ) ;
#567 = EDGE_CURVE ( 'NONE', #3582, #6696, #7901, .T. ) ;
#568 = CARTESIAN_POINT ( 'NONE',  ( 254.0000000000042348, -140.5902906799316554, 0.000000000000000000 ) ) ;
#569 = CONTEXT_DEPENDENT_SHAPE_REPRESENTATION ( #7366, #2084 ) ;
#570 = UNCERTAINTY_MEASURE_WITH_UNIT (LENGTH_MEASURE( 1.000000000000000082E-05 ), #3541, 'distance_accuracy_value', 'NONE');
#571 = LINE ( 'NONE', #663, #8279 ) ;
#572 = ORIENTED_EDGE ( 'NONE', *, *, #3521, .T. ) ;
#573 = ADVANCED_FACE ( 'NONE', ( #854 ), #3617, .T. ) ;
#574 = PLANE ( 'NONE',  #8070 ) ;
#575 = ADVANCED_FACE ( 'NONE', ( #1026 ), #125, .F. ) ;
#576 = AXIS2_PLACEMENT_3D ( 'NONE', #1311, #675, #4754 ) ;
#577 = ORIENTED_EDGE ( 'NONE', *, *, #1594, .F. ) ;
#578 = PLANE ( 'NONE',  #2720 ) ;
#579 = LINE ( 'NONE', #5474, #820 ) ;
#580 = CARTESIAN_POINT ( 'NONE',  ( -59.26666666666662309, 304.8000000000000114, 0.000000000000000000 ) ) ;
#581 = EDGE_LOOP ( 'NONE', ( #6428, #7010, #922, #7884 ) ) ;
#582 = CARTESIAN_POINT ( 'NONE',  ( -140.5900000000000034, 80.73000000000001819, 11.81000000000000050 ) ) ;
#583 = DIRECTION ( 'NONE',  ( 5.551115123125782702E-17, -1.734723475976794961E-18, -1.000000000000000000 ) ) ;
#584 = LINE ( 'NONE', #2801, #5622 ) ;
#585 = PLANE ( 'NONE',  #7315 ) ;
#586 = EDGE_CURVE ( 'NONE', #3958, #901, #1744, .T. ) ;
#587 = ORIENTED_EDGE ( 'NONE', *, *, #6683, .F. ) ;
#588 = ORIENTED_EDGE ( 'NONE', *, *, #1449, .T. ) ;
#589 = LINE ( 'NONE', #8773, #3302 ) ;
#590 = SHAPE_REPRESENTATION_RELATIONSHIP ( 'NONE' , 'NONE' ,  #2302, #5477 ) ;
#591 = EDGE_LOOP ( 'NONE', ( #442, #7245, #6690, #1322 ) ) ;
#592 = DIRECTION ( 'NONE',  ( 1.000000000000000000, 0.000000000000000000, 0.000000000000000000 ) ) ;
#593 = EDGE_CURVE ( 'NONE', #5961, #1267, #8035, .T. ) ;
#594 = VERTEX_POINT ( 'NONE', #475 ) ;
#595 = ORIENTED_EDGE ( 'NONE', *, *, #7257, .T. ) ;
#596 = VERTEX_POINT ( 'NONE', #8628 ) ;
#597 = ORIENTED_EDGE ( 'NONE', *, *, #62, .F. ) ;
#598 = DIRECTION ( 'NONE',  ( 0.000000000000000000, -0.000000000000000000, 1.000000000000000000 ) ) ;
#599 = DIRECTION ( 'NONE',  ( 1.000000000000000000, -0.000000000000000000, 0.000000000000000000 ) ) ;
#600 = VECTOR ( 'NONE', #6720, 1000.000000000000000 ) ;
#601 = PLANE ( 'NONE',  #6305 ) ;
#602 = FACE_OUTER_BOUND ( 'NONE', #424, .T. ) ;
#603 = FACE_OUTER_BOUND ( 'NONE', #5490, .T. ) ;
#604 = ORIENTED_EDGE ( 'NONE', *, *, #1505, .T. ) ;
#605 = FACE_OUTER_BOUND ( 'NONE', #6132, .T. ) ;
#606 = ORIENTED_EDGE ( 'NONE', *, *, #797, .F. ) ;
#607 = VECTOR ( 'NONE', #5818, 1000.000000000000000 ) ;
#608 = ORIENTED_EDGE ( 'NONE', *, *, #7268, .F. ) ;
#609 = DIRECTION ( 'NONE',  ( -2.472932452667691008E-15, 1.000000000000000000, -0.000000000000000000 ) ) ;
#610 = CARTESIAN_POINT ( 'NONE',  ( -352.1190026065291363, -140.7078101317848393, 11.81000000000000050 ) ) ;
#611 = CARTESIAN_POINT ( 'NONE',  ( -457.1999999999999886, 58.83421516197583401, 0.000000000000000000 ) ) ;
#612 = DIRECTION ( 'NONE',  ( -0.000000000000000000, -0.000000000000000000, 1.000000000000000000 ) ) ;
#613 = ITEM_DEFINED_TRANSFORMATION ( 'NONE', 'NONE', #2743,  #3886 ) ;
#614 = AXIS2_PLACEMENT_3D ( 'NONE', #8026, #6546, #2500 ) ;
#615 = ADVANCED_FACE ( 'NONE', ( #1160 ), #8084, .T. ) ;
#616 = DIRECTION ( 'NONE',  ( -1.000000000000000000, 1.894642264054528850E-16, 0.000000000000000000 ) ) ;
#617 = ORIENTED_EDGE ( 'NONE', *, *, #1346, .T. ) ;
#618 = ADVANCED_FACE ( 'NONE', ( #5244 ), #3242, .F. ) ;
#619 = DIRECTION ( 'NONE',  ( 0.000000000000000000, -0.000000000000000000, 1.000000000000000000 ) ) ;
#620 = ORIENTED_EDGE ( 'NONE', *, *, #6926, .F. ) ;
#621 = CARTESIAN_POINT ( 'NONE',  ( -47.31900260652910362, -33.98447679845144620, 0.000000000000000000 ) ) ;
#622 = LINE ( 'NONE', #3484, #8482 ) ;
#623 = LINE ( 'NONE', #529, #6635 ) ;
#624 = EDGE_LOOP ( 'NONE', ( #1142, #1224, #547, #3511 ) ) ;
#625 = DIRECTION ( 'NONE',  ( -0.000000000000000000, -0.000000000000000000, 1.000000000000000000 ) ) ;
#626 = DIRECTION ( 'NONE',  ( -0.4999999999999945599, -1.239037099348071043E-16, -0.8660254037844418162 ) ) ;
#627 = EDGE_CURVE ( 'NONE', #8005, #7001, #1831, .T. ) ;
#628 = DIRECTION ( 'NONE',  ( 0.000000000000000000, 1.000000000000000000, 0.000000000000000000 ) ) ;
#629 = ADVANCED_FACE ( 'NONE', ( #1922 ), #6645, .T. ) ;
#630 = ORIENTED_EDGE ( 'NONE', *, *, #7577, .T. ) ;
#631 = VERTEX_POINT ( 'NONE', #4692 ) ;
#632 = LINE ( 'NONE', #6166, #2139 ) ;
#633 = CARTESIAN_POINT ( 'NONE',  ( 25.40000000000001279, 11.81000000000000050, 304.8000000000000682 ) ) ;
#634 = PRODUCT_DEFINITION ( 'UNKNOWN', '', #3036, #6554 ) ;
#635 = VECTOR ( 'NONE', #5590, 1000.000000000000000 ) ;
#636 = PRODUCT_DEFINITION_SHAPE ( 'NONE', 'NONE',  #8959 ) ;
#637 = EDGE_LOOP ( 'NONE', ( #8160, #7307, #8609, #8599 ) ) ;
#638 = DIRECTION ( 'NONE',  ( 1.000000000000000000, -0.000000000000000000, -0.000000000000000000 ) ) ;
#639 = PLANE ( 'NONE',  #2676 ) ;
#640 = ORIENTED_EDGE ( 'NONE', *, *, #7978, .F. ) ;
#641 = ORIENTED_EDGE ( 'NONE', *, *, #8858, .T. ) ;
#642 = EDGE_LOOP ( 'NONE', ( #4231, #4490, #6654, #2394 ) ) ;
#643 = ORIENTED_EDGE ( 'NONE', *, *, #2375, .T. ) ;
#644 = DIRECTION ( 'NONE',  ( 0.000000000000000000, 1.000000000000000000, 0.000000000000000000 ) ) ;
#645 = VECTOR ( 'NONE', #6585, 1000.000000000000000 ) ;
#646 = LINE ( 'NONE', #6267, #5620 ) ;
#647 = EDGE_CURVE ( 'NONE', #6724, #1905, #5328, .T. ) ;
#648 = DIRECTION ( 'NONE',  ( 0.000000000000000000, -0.000000000000000000, -1.000000000000000000 ) ) ;
#649 =( REPRESENTATION_RELATIONSHIP ('NONE','NONE', #853, #2302 ) REPRESENTATION_RELATIONSHIP_WITH_TRANSFORMATION ( #5241 )SHAPE_REPRESENTATION_RELATIONSHIP( ) );
#650 = FACE_OUTER_BOUND ( 'NONE', #4716, .T. ) ;
#651 = AXIS2_PLACEMENT_3D ( 'NONE', #3102, #5240, #5150 ) ;
#652 = EDGE_LOOP ( 'NONE', ( #5190, #1253, #7399, #2094 ) ) ;
#653 = DIRECTION ( 'NONE',  ( 0.000000000000000000, -0.000000000000000000, 1.000000000000000000 ) ) ;
#654 = ORIENTED_EDGE ( 'NONE', *, *, #4661, .F. ) ;
#655 = ORIENTED_EDGE ( 'NONE', *, *, #1387, .F. ) ;
#656 = DIRECTION ( 'NONE',  ( 1.000000000000000000, 0.000000000000000000, 0.000000000000000000 ) ) ;
#657 = ADVANCED_FACE ( 'NONE', ( #1205 ), #4645, .T. ) ;
#658 = VECTOR ( 'NONE', #518, 1000.000000000000000 ) ;
#659 = DIRECTION ( 'NONE',  ( -1.000000000000000000, -0.000000000000000000, -0.000000000000000000 ) ) ;
#660 = LINE ( 'NONE', #2738, #2128 ) ;
#661 = FILL_AREA_STYLE_COLOUR ( '', #1138 ) ;
#662 = CARTESIAN_POINT ( 'NONE',  ( -140.4523359398625075, -140.7078101317848393, 0.000000000000000000 ) ) ;
#663 = CARTESIAN_POINT ( 'NONE',  ( 114.3000000000043030, -140.5902906799316554, 0.000000000000000000 ) ) ;
#664 = AXIS2_PLACEMENT_3D ( 'NONE', #8656, #1678, #1764 ) ;
#665 = VERTEX_POINT ( 'NONE', #2600 ) ;
#666 = DIRECTION ( 'NONE',  ( 1.000000000000000000, 0.000000000000000000, 0.000000000000000000 ) ) ;
#667 = CARTESIAN_POINT ( 'NONE',  ( -33.86666666666661740, 304.8000000000000114, 0.000000000000000000 ) ) ;
#668 = ADVANCED_FACE ( 'NONE', ( #1785 ), #6733, .T. ) ;
#669 = DIRECTION ( 'NONE',  ( -1.000000000000000000, -1.706325926237332771E-16, 0.000000000000000000 ) ) ;
#670 = CARTESIAN_POINT ( 'NONE',  ( -352.1190026065291363, -127.1178101317848075, 0.000000000000000000 ) ) ;
#671 = CARTESIAN_POINT ( 'NONE',  ( -267.5900000000000318, -111.5450820850404625, 11.81000000000000050 ) ) ;
#672 = EDGE_LOOP ( 'NONE', ( #825, #6088, #7357, #6231 ) ) ;
#673 = CARTESIAN_POINT ( 'NONE',  ( -340.3090026065291340, -67.85114346511814176, 0.000000000000000000 ) ) ;
#674 = VECTOR ( 'NONE', #6880, 1000.000000000000000 ) ;
#675 = DIRECTION ( 'NONE',  ( -0.4999999999999945599, -1.239037099348071043E-16, -0.8660254037844418162 ) ) ;
#676 = CARTESIAN_POINT ( 'NONE',  ( -687.5386812835920409, -140.5178101317850974, 11.81000000000000050 ) ) ;
#677 = VECTOR ( 'NONE', #2373, 1000.000000000000000 ) ;
#678 = ORIENTED_EDGE ( 'NONE', *, *, #7221, .T. ) ;
#679 = ORIENTED_EDGE ( 'NONE', *, *, #3120, .T. ) ;
#680 = EDGE_CURVE ( 'NONE', #6893, #2776, #6063, .T. ) ;
#681 = PLANE ( 'NONE',  #6486 ) ;
#682 = CARTESIAN_POINT ( 'NONE',  ( -687.5386812835920409, -76.12781013178523892, 0.000000000000000000 ) ) ;
#683 = CARTESIAN_POINT ( 'NONE',  ( -13.58999999999560160, -115.1902906799316355, 11.81000000000000050 ) ) ;
#684 = SURFACE_STYLE_USAGE ( .BOTH. , #730 ) ;
#685 = EDGE_CURVE ( 'NONE', #7447, #3596, #5927, .T. ) ;
#686 = VECTOR ( 'NONE', #5741, 1000.000000000000000 ) ;
#687 = AXIS2_PLACEMENT_3D ( 'NONE', #6044, #502, #1863 ) ;
#688 = ORIENTED_EDGE ( 'NONE', *, *, #8692, .F. ) ;
#689 = PLANE ( 'NONE',  #4869 ) ;
#690 = ORIENTED_EDGE ( 'NONE', *, *, #203, .F. ) ;
#691 = EDGE_LOOP ( 'NONE', ( #8154, #5176, #2708, #1144 ) ) ;
#692 = VECTOR ( 'NONE', #5311, 1000.000000000000000 ) ;
#694 = CARTESIAN_POINT ( 'NONE',  ( 2.582601742086635821E-14, -140.5902906799316838, 0.000000000000000000 ) ) ;
#693 = AXIS2_PLACEMENT_3D ( 'NONE', #3937, #3259, #1219 ) ;
#695 = ADVANCED_FACE ( 'NONE', ( #7457 ), #6555, .F. ) ;
#696 = PLANE ( 'NONE',  #6776 ) ;
#697 = DIRECTION ( 'NONE',  ( -0.000000000000000000, -1.000000000000000000, -0.000000000000000000 ) ) ;
#698 = PRODUCT_DEFINITION_SHAPE ( 'NONE', 'NONE',  #8930 ) ;
#699 = VECTOR ( 'NONE', #6704, 1000.000000000000000 ) ;
#700 = PRESENTATION_LAYER_ASSIGNMENT (  '', '', ( #3739 ) ) ;
#701 = LINE ( 'NONE', #8881, #5152 ) ;
#702 = EDGE_LOOP ( 'NONE', ( #2657, #8198, #3598, #8184 ) ) ;
#703 = ORIENTED_EDGE ( 'NONE', *, *, #2930, .T. ) ;
#704 = EDGE_CURVE ( 'NONE', #3770, #2441, #571, .T. ) ;
#705 = EDGE_LOOP ( 'NONE', ( #8458, #4580, #4423, #6755, #2101, #1849, #1100, #8566, #8307, #294, #5191, #8803, #7148, #7930, #8791, #8880, #2258, #3765, #149, #2172, #7117, #1959, #8191, #8771, #2919, #2246, #2370, #1888, #5616, #6839, #7633, #5896, #348, #3756, #6682, #8290, #2540, #180, #1230, #3456 ) ) ;
#706 = CARTESIAN_POINT ( 'NONE',  ( -382.7386812835923138, -76.12781013178522471, 11.81000000000000050 ) ) ;
#707 = AXIS2_PLACEMENT_3D ( 'NONE', #1887, #2894, #6071 ) ;
#708 = VECTOR ( 'NONE', #1348, 1000.000000000000000 ) ;
#709 = CARTESIAN_POINT ( 'NONE',  ( 152.3999999999999773, 106.1299999999999955, 0.000000000000000000 ) ) ;
#710 = CARTESIAN_POINT ( 'NONE',  ( -258.9856692731957537, -140.7078101317848393, 0.000000000000000000 ) ) ;
#711 = PLANE ( 'NONE',  #3410 ) ;
#712 = ADVANCED_FACE ( 'NONE', ( #6198 ), #65, .T. ) ;
#713 = FACE_OUTER_BOUND ( 'NONE', #8261, .T. ) ;
#714 = ORIENTED_EDGE ( 'NONE', *, *, #8086, .F. ) ;
#715 = DIRECTION ( 'NONE',  ( 9.106159978880874930E-17, 1.000000000000000000, -0.000000000000000000 ) ) ;
#716 = CARTESIAN_POINT ( 'NONE',  ( -382.7386812835923138, -114.2278101317851764, 0.000000000000000000 ) ) ;
#717 = DIRECTION ( 'NONE',  ( 0.000000000000000000, 0.000000000000000000, 1.000000000000000000 ) ) ;
#718 = CARTESIAN_POINT ( 'NONE',  ( -352.1190026065291363, -140.7078101317848393, 0.000000000000000000 ) ) ;
#719 = ORIENTED_EDGE ( 'NONE', *, *, #8712, .T. ) ;
#720 = LINE ( 'NONE', #4115, #6727 ) ;
#721 = DIRECTION ( 'NONE',  ( -0.4999999999999942824, -4.409062787713183291E-17, -0.8660254037844419273 ) ) ;
#722 =( REPRESENTATION_RELATIONSHIP ('NONE','NONE', #853, #2302 ) REPRESENTATION_RELATIONSHIP_WITH_TRANSFORMATION ( #4062 )SHAPE_REPRESENTATION_RELATIONSHIP( ) );
#723 = AXIS2_PLACEMENT_3D ( 'NONE', #6525, #3802, #6025 ) ;
#724 = DIRECTION ( 'NONE',  ( -1.836970198721756672E-16, 1.000000000000000000, 0.000000000000000000 ) ) ;
#725 = EDGE_LOOP ( 'NONE', ( #3866, #8072, #5136, #758 ) ) ;
#726 = VERTEX_POINT ( 'NONE', #1972 ) ;
#727 = DIRECTION ( 'NONE',  ( -1.000000000000000000, 0.000000000000000000, 0.000000000000000000 ) ) ;
#728 = DIRECTION ( 'NONE',  ( 2.014845802307676854E-15, 1.000000000000000000, 0.000000000000000000 ) ) ;
#729 = CARTESIAN_POINT ( 'NONE',  ( 254.0000000000042348, 445.3897093200683912, 11.81000000000000050 ) ) ;
#730 = SURFACE_SIDE_STYLE ('',( #3404 ) ) ;
#731 = EDGE_CURVE ( 'NONE', #1076, #596, #1389, .T. ) ;
#732 = CARTESIAN_POINT ( 'NONE',  ( 267.5900000000043519, 139.6997093200683935, 11.81000000000000050 ) ) ;
#733 = VERTEX_POINT ( 'NONE', #3382 ) ;
#734 = ORIENTED_EDGE ( 'NONE', *, *, #5694, .T. ) ;
#735 = EDGE_CURVE ( 'NONE', #4403, #4693, #2691, .T. ) ;
#736 = CARTESIAN_POINT ( 'NONE',  ( 279.4000000000043542, 165.0997093200683992, 0.000000000000000000 ) ) ;
#737 = DIRECTION ( 'NONE',  ( 0.000000000000000000, -0.000000000000000000, -1.000000000000000000 ) ) ;
#738 = LINE ( 'NONE', #5721, #7302 ) ;
#739 = EDGE_CURVE ( 'NONE', #7028, #6969, #8230, .T. ) ;
#740 = LINE ( 'NONE', #144, #5529 ) ;
#741 = CARTESIAN_POINT ( 'NONE',  ( -126.9999999999999716, 304.8000000000000114, 0.000000000000000000 ) ) ;
#742 = DIRECTION ( 'NONE',  ( -1.000000000000000000, -2.472932452667691008E-15, 0.000000000000000000 ) ) ;
#743 = ORIENTED_EDGE ( 'NONE', *, *, #6767, .T. ) ;
#744 = ORIENTED_EDGE ( 'NONE', *, *, #1577, .T. ) ;
#745 = DIRECTION ( 'NONE',  ( 0.000000000000000000, 0.000000000000000000, 1.000000000000000000 ) ) ;
#746 = SHAPE_REPRESENTATION ( 'Wood_Accent_Front_Cover', ( #3886 ), #8088 ) ;
#747 = VECTOR ( 'NONE', #5232, 1000.000000000000000 ) ;
#748 = DIRECTION ( 'NONE',  ( 0.000000000000000000, -0.000000000000000000, -1.000000000000000000 ) ) ;
#749 = CARTESIAN_POINT ( 'NONE',  ( -675.7286812835919818, -152.3278101317851565, 0.000000000000000000 ) ) ;
#750 = EDGE_CURVE ( 'NONE', #4618, #1093, #6107, .T. ) ;
#751 = MECHANICAL_DESIGN_GEOMETRIC_PRESENTATION_REPRESENTATION (  '', ( #8273 ), #902 ) ;
#752 = DIRECTION ( 'NONE',  ( 0.000000000000000000, 0.000000000000000000, 1.000000000000000000 ) ) ;
#753 = ORIENTED_EDGE ( 'NONE', *, *, #8032, .T. ) ;
#754 = CARTESIAN_POINT ( 'NONE',  ( -152.3999999999999773, -80.73000000000001819, 11.81000000000000050 ) ) ;
#755 = DIRECTION ( 'NONE',  ( 1.000000000000000000, 1.706325926237332771E-16, 0.000000000000000000 ) ) ;
#756 = VECTOR ( 'NONE', #5058, 1000.000000000000000 ) ;
#757 = LINE ( 'NONE', #5697, #5053 ) ;
#758 = ORIENTED_EDGE ( 'NONE', *, *, #847, .T. ) ;
#759 = PLANE ( 'NONE',  #1658 ) ;
#760 = SHAPE_DEFINITION_REPRESENTATION ( #5543, #3527 ) ;
#761 = EDGE_CURVE ( 'NONE', #960, #8647, #5556, .T. ) ;
#762 = CARTESIAN_POINT ( 'NONE',  ( -408.1386812835921774, -152.3278101317849860, 11.81000000000000050 ) ) ;
#763 = ORIENTED_EDGE ( 'NONE', *, *, #4446, .T. ) ;
#764 = ORIENTED_EDGE ( 'NONE', *, *, #8292, .F. ) ;
#765 = CARTESIAN_POINT ( 'NONE',  ( 25.40000000000000213, 0.000000000000000000, -164.2100000000000364 ) ) ;
#766 = CARTESIAN_POINT ( 'NONE',  ( -292.9900000000000091, 32.38825124829288171, 0.000000000000000000 ) ) ;
#767 = PRODUCT_DEFINITION_SHAPE ( 'NONE', 'NONE',  #8952 ) ;
#768 = CARTESIAN_POINT ( 'NONE',  ( -457.1999999999999886, 96.93421516197581411, 0.000000000000000000 ) ) ;
#769 = CARTESIAN_POINT ( 'NONE',  ( 127.0000000000001137, -292.9900000000000091, 0.000000000000000000 ) ) ;
#770 = ORIENTED_EDGE ( 'NONE', *, *, #552, .F. ) ;
#771 = ORIENTED_EDGE ( 'NONE', *, *, #6879, .F. ) ;
#772 = DIRECTION ( 'NONE',  ( 1.000000000000000000, -0.000000000000000000, -0.000000000000000000 ) ) ;
#773 = LINE ( 'NONE', #7703, #3150 ) ;
#774 = ADVANCED_FACE ( 'NONE', ( #7556 ), #6825, .F. ) ;
#775 = VECTOR ( 'NONE', #8797, 1000.000000000000000 ) ;
#776 = LINE ( 'NONE', #8387, #6744 ) ;
#777 = ORIENTED_EDGE ( 'NONE', *, *, #5414, .T. ) ;
#778 = DIRECTION ( 'NONE',  ( -1.000000000000000000, -0.000000000000000000, -0.000000000000000000 ) ) ;
#779 = ORIENTED_EDGE ( 'NONE', *, *, #7987, .F. ) ;
#780 = PLANE ( 'NONE',  #1648 ) ;
#781 = AXIS2_PLACEMENT_3D ( 'NONE', #6992, #3513, #3554 ) ;
#782 = ORIENTED_EDGE ( 'NONE', *, *, #8596, .F. ) ;
#783 = ORIENTED_EDGE ( 'NONE', *, *, #5394, .F. ) ;
#784 = DIRECTION ( 'NONE',  ( -0.000000000000000000, 1.000000000000000000, 0.000000000000000000 ) ) ;
#785 = DIRECTION ( 'NONE',  ( -2.900420671469659582E-16, 1.000000000000000000, -0.000000000000000000 ) ) ;
#786 = ADVANCED_FACE ( 'NONE', ( #713 ), #8176, .F. ) ;
#787 = DIRECTION ( 'NONE',  ( 0.000000000000000000, 0.000000000000000000, 1.000000000000000000 ) ) ;
#788 = DIRECTION ( 'NONE',  ( 1.706325926237332771E-16, -1.000000000000000000, -0.000000000000000000 ) ) ;
#789 = DIRECTION ( 'NONE',  ( 0.000000000000000000, 0.000000000000000000, 1.000000000000000000 ) ) ;
#790 = LINE ( 'NONE', #8311, #6587 ) ;
#791 = VECTOR ( 'NONE', #504, 1000.000000000000000 ) ;
#792 = EDGE_CURVE ( 'NONE', #3087, #4999, #4105, .T. ) ;
#793 = CARTESIAN_POINT ( 'NONE',  ( -445.3899999999999864, 7.144215161975845163, 0.000000000000000000 ) ) ;
#794 = ORIENTED_EDGE ( 'NONE', *, *, #2985, .T. ) ;
#795 = DIRECTION ( 'NONE',  ( -0.000000000000000000, -1.000000000000000000, -0.000000000000000000 ) ) ;
#796 = VECTOR ( 'NONE', #5213, 1000.000000000000000 ) ;
#797 = EDGE_CURVE ( 'NONE', #5352, #5984, #4743, .T. ) ;
#798 = CARTESIAN_POINT ( 'NONE',  ( 0.000000000000000000, 11.81000000000000050, 0.000000000000000000 ) ) ;
#799 = DIRECTION ( 'NONE',  ( -0.000000000000000000, -0.000000000000000000, 1.000000000000000000 ) ) ;
#800 = CARTESIAN_POINT ( 'NONE',  ( -72.71900260652908798, -140.7078101317848677, 0.000000000000000000 ) ) ;
#801 = SHAPE_DEFINITION_REPRESENTATION ( #916, #1083 ) ;
#802 = VECTOR ( 'NONE', #199, 1000.000000000000000 ) ;
#803 = ORIENTED_EDGE ( 'NONE', *, *, #2136, .F. ) ;
#804 = CARTESIAN_POINT ( 'NONE',  ( -352.1190026065291363, -93.25114346511814745, 0.000000000000000000 ) ) ;
#805 = EDGE_LOOP ( 'NONE', ( #7404, #7318, #6859, #72 ) ) ;
#806 = EDGE_CURVE ( 'NONE', #5352, #7459, #7510, .T. ) ;
#807 = ORIENTED_EDGE ( 'NONE', *, *, #5404, .F. ) ;
#808 = FACE_OUTER_BOUND ( 'NONE', #5917, .T. ) ;
#809 = VECTOR ( 'NONE', #1465, 1000.000000000000000 ) ;
#810 = CARTESIAN_POINT ( 'NONE',  ( -25.39999999999560387, 419.9897093200684139, 0.000000000000000000 ) ) ;
#811 = DIRECTION ( 'NONE',  ( -1.000000000000000000, 0.000000000000000000, -0.000000000000000000 ) ) ;
#812 = CARTESIAN_POINT ( 'NONE',  ( -346.6871619467639789, 0.000000000000000000, -514.5005700363345795 ) ) ;
#813 = VECTOR ( 'NONE', #5341, 1000.000000000000000 ) ;
#814 = EDGE_CURVE ( 'NONE', #5114, #1820, #4875, .T. ) ;
#815 = ORIENTED_EDGE ( 'NONE', *, *, #5015, .F. ) ;
#816 = ORIENTED_EDGE ( 'NONE', *, *, #4896, .T. ) ;
#817 = LINE ( 'NONE', #8383, #5182 ) ;
#818 =( REPRESENTATION_RELATIONSHIP ('NONE','NONE', #853, #746 ) REPRESENTATION_RELATIONSHIP_WITH_TRANSFORMATION ( #5373 )SHAPE_REPRESENTATION_RELATIONSHIP( ) );
#819 = DIRECTION ( 'NONE',  ( -0.000000000000000000, -1.000000000000000000, -0.000000000000000000 ) ) ;
#820 = VECTOR ( 'NONE', #4750, 1000.000000000000000 ) ;
#821 = FACE_OUTER_BOUND ( 'NONE', #2677, .T. ) ;
#822 = VERTEX_POINT ( 'NONE', #5601 ) ;
#823 = CARTESIAN_POINT ( 'NONE',  ( 140.5900000000000034, 292.9900000000000091, 0.000000000000000000 ) ) ;
#824 = CARTESIAN_POINT ( 'NONE',  ( -304.8000000000000114, 32.38825124829288171, 0.000000000000000000 ) ) ;
#825 = ORIENTED_EDGE ( 'NONE', *, *, #1175, .T. ) ;
#826 = CARTESIAN_POINT ( 'NONE',  ( 304.8000000000000114, -111.5450820850404057, 0.000000000000000000 ) ) ;
#827 = AXIS2_PLACEMENT_3D ( 'NONE', #2273, #1644, #2912 ) ;
#828 = EDGE_CURVE ( 'NONE', #3804, #7557, #7722, .T. ) ;
#829 = VECTOR ( 'NONE', #6820, 1000.000000000000000 ) ;
#830 = EDGE_LOOP ( 'NONE', ( #4914, #5227, #5942, #456 ) ) ;
#831 = VERTEX_POINT ( 'NONE', #5101 ) ;
#832 = DIRECTION ( 'NONE',  ( 1.000000000000000000, 0.000000000000000000, 0.000000000000000000 ) ) ;
#833 = LINE ( 'NONE', #5004, #6335 ) ;
#834 = CARTESIAN_POINT ( 'NONE',  ( 152.3999999999999773, -267.5900000000000318, 0.000000000000000000 ) ) ;
#835 = LINE ( 'NONE', #5788, #7050 ) ;
#836 = VECTOR ( 'NONE', #3720, 1000.000000000000000 ) ;
#837 = CARTESIAN_POINT ( 'NONE',  ( -223.2989142387372681, 11.81000000000000050, -1294.423107283573700 ) ) ;
#838 = AXIS2_PLACEMENT_3D ( 'NONE', #5674, #8426, #2215 ) ;
#839 = EDGE_CURVE ( 'NONE', #5803, #4814, #3741, .T. ) ;
#840 = CARTESIAN_POINT ( 'NONE',  ( 0.000000000000000000, 0.000000000000000000, 0.000000000000000000 ) ) ;
#841 = EDGE_CURVE ( 'NONE', #1029, #8416, #929, .T. ) ;
#842 = EDGE_LOOP ( 'NONE', ( #4247, #7826, #4864, #2395 ) ) ;
#843 = PRODUCT_DEFINITION_SHAPE ( 'NONE', 'NONE',  #8955 ) ;
#844 = AXIS2_PLACEMENT_3D ( 'NONE', #5498, #599, #3465 ) ;
#845 = CARTESIAN_POINT ( 'NONE',  ( -394.5486812835924297, -152.3278101317851281, 0.000000000000000000 ) ) ;
#846 = VECTOR ( 'NONE', #4509, 1000.000000000000000 ) ;
#847 = EDGE_CURVE ( 'NONE', #6213, #3838, #3559, .T. ) ;
#848 = DIRECTION ( 'NONE',  ( -1.000000000000000000, -4.553079989440439314E-17, -0.000000000000000000 ) ) ;
#849 = PLANE ( 'NONE',  #5327 ) ;
#850 = DIRECTION ( 'NONE',  ( -1.000000000000000000, 1.092739197465705287E-15, -0.000000000000000000 ) ) ;
#851 = PRODUCT_CONTEXT ( 'NONE', #8520, 'mechanical' ) ;
#852 = AXIS2_PLACEMENT_3D ( 'NONE', #2650, #4751, #6158 ) ;
#853 = SHAPE_REPRESENTATION ( 'Petrov', ( #5215, #6648, #8806, #6801, #5066, #3185, #874, #4198, #4050, #5797, #285, #5348, #3326, #4623, #723, #1586, #3477, #1010, #5938, #1448, #8248, #6513, #1152, #2590, #7669, #8386, #6373, #8530, #7948, #4476, #4339, #2455, #140, #2743, #6226, #433, #576, #4920 ), #1871 ) ;
#854 = FACE_OUTER_BOUND ( 'NONE', #4321, .T. ) ;
#855 = EDGE_CURVE ( 'NONE', #6142, #3783, #4327, .T. ) ;
#856 = ORIENTED_EDGE ( 'NONE', *, *, #3201, .F. ) ;
#857 = ADVANCED_FACE ( 'NONE', ( #5738 ), #887, .F. ) ;
#858 = LINE ( 'NONE', #2931, #6194 ) ;
#859 = ORIENTED_EDGE ( 'NONE', *, *, #6169, .F. ) ;
#860 = VECTOR ( 'NONE', #3788, 1000.000000000000000 ) ;
#861 = ORIENTED_EDGE ( 'NONE', *, *, #6588, .T. ) ;
#862 = DIRECTION ( 'NONE',  ( 1.000000000000000000, 1.706325926237332771E-16, -0.000000000000000000 ) ) ;
#863 = DIRECTION ( 'NONE',  ( -1.000000000000000000, -1.092739197465705287E-15, 0.000000000000000000 ) ) ;
#864 = CARTESIAN_POINT ( 'NONE',  ( 115.1902906799316355, 7.144215161975734141, 0.000000000000000000 ) ) ;
#865 = CARTESIAN_POINT ( 'NONE',  ( 33.86666666666673819, 292.9900000000000091, 11.81000000000000050 ) ) ;
#866 =( LENGTH_UNIT ( ) NAMED_UNIT ( * ) SI_UNIT ( .MILLI., .METRE. ) );
#867 = EDGE_CURVE ( 'NONE', #5581, #8416, #3651, .T. ) ;
#868 =( GEOMETRIC_REPRESENTATION_CONTEXT ( 3 ) GLOBAL_UNCERTAINTY_ASSIGNED_CONTEXT ( ( #2642 ) ) GLOBAL_UNIT_ASSIGNED_CONTEXT ( ( #1222, #6752, #3311 ) ) REPRESENTATION_CONTEXT ( 'NONE', 'WORKASPACE' ) );
#869 = PLANE ( 'NONE',  #8906 ) ;
#870 = ORIENTED_EDGE ( 'NONE', *, *, #1041, .F. ) ;
#871 = ORIENTED_EDGE ( 'NONE', *, *, #5837, .T. ) ;
#872 = DIRECTION ( 'NONE',  ( 1.000000000000000000, 4.553079989440437711E-16, 0.000000000000000000 ) ) ;
#873 = LINE ( 'NONE', #226, #5907 ) ;
#874 = AXIS2_PLACEMENT_3D ( 'NONE', #5937, #8640, #5981 ) ;
#875 = CARTESIAN_POINT ( 'NONE',  ( -13.58999999999560515, 445.3897093200683912, 11.81000000000000050 ) ) ;
#876 = EDGE_CURVE ( 'NONE', #1508, #3852, #201, .T. ) ;
#877 = ORIENTED_EDGE ( 'NONE', *, *, #5282, .T. ) ;
#878 = LINE ( 'NONE', #52, #8467 ) ;
#879 = ORIENTED_EDGE ( 'NONE', *, *, #8743, .T. ) ;
#880 = ORIENTED_EDGE ( 'NONE', *, *, #494, .T. ) ;
#881 = ORIENTED_EDGE ( 'NONE', *, *, #38, .T. ) ;
#882 = LINE ( 'NONE', #6409, #1694 ) ;
#883 = CARTESIAN_POINT ( 'NONE',  ( -152.3999999999999773, 304.8000000000000114, 11.81000000000000050 ) ) ;
#884 = LINE ( 'NONE', #2275, #7290 ) ;
#885 = CARTESIAN_POINT ( 'NONE',  ( -72.71900260652908798, -152.5178101317848984, 0.000000000000000000 ) ) ;
#886 = DIRECTION ( 'NONE',  ( 0.000000000000000000, -1.000000000000000000, 0.000000000000000000 ) ) ;
#887 = PLANE ( 'NONE',  #3365 ) ;
#888 = ORIENTED_EDGE ( 'NONE', *, *, #8143, .T. ) ;
#889 = LINE ( 'NONE', #5014, #4603 ) ;
#890 = CARTESIAN_POINT ( 'NONE',  ( 152.4002906799316008, 20.73421516197590009, 0.000000000000000000 ) ) ;
#891 = PLANE ( 'NONE',  #4175 ) ;
#892 = LINE ( 'NONE', #3657, #7863 ) ;
#893 = ADVANCED_FACE ( 'NONE', ( #8491 ), #6325, .F. ) ;
#894 = CARTESIAN_POINT ( 'NONE',  ( 267.5900000000043519, 445.3897093200684481, 11.81000000000000050 ) ) ;
#895 = PRODUCT_CONTEXT ( 'NONE', #2961, 'mechanical' ) ;
#896 = COLOUR_RGB ( '',1.000000000000000000, 1.000000000000000000, 1.000000000000000000 ) ;
#897 = EDGE_CURVE ( 'NONE', #8918, #6773, #2281, .T. ) ;
#898 = CARTESIAN_POINT ( 'NONE',  ( -59.12900260652919826, 25.28218986821523373, 0.000000000000000000 ) ) ;
#899 = ORIENTED_EDGE ( 'NONE', *, *, #4916, .T. ) ;
#900 = CARTESIAN_POINT ( 'NONE',  ( -59.26666666666662309, 292.9900000000000091, 0.000000000000000000 ) ) ;
#901 = VERTEX_POINT ( 'NONE', #4370 ) ;
#902 =( GEOMETRIC_REPRESENTATION_CONTEXT ( 3 ) GLOBAL_UNCERTAINTY_ASSIGNED_CONTEXT ( ( #4552 ) ) GLOBAL_UNIT_ASSIGNED_CONTEXT ( ( #2295, #4380, #1657 ) ) REPRESENTATION_CONTEXT ( 'NONE', 'WORKASPACE' ) );
#903 = ORIENTED_EDGE ( 'NONE', *, *, #1137, .T. ) ;
#904 = LINE ( 'NONE', #5117, #526 ) ;
#905 = LINE ( 'NONE', #3667, #4460 ) ;
#906 = ADVANCED_FACE ( 'NONE', ( #7135 ), #4410, .T. ) ;
#907 = DIRECTION ( 'NONE',  ( -1.000000000000000000, -0.000000000000000000, -0.000000000000000000 ) ) ;
#908 = EDGE_CURVE ( 'NONE', #831, #8245, #2327, .T. ) ;
#909 = DIRECTION ( 'NONE',  ( -2.900420671469659582E-16, 1.000000000000000000, -0.000000000000000000 ) ) ;
#910 = ORIENTED_EDGE ( 'NONE', *, *, #1662, .F. ) ;
#911 = ORIENTED_EDGE ( 'NONE', *, *, #160, .T. ) ;
#912 = CARTESIAN_POINT ( 'NONE',  ( 152.3999999999999773, -106.1299999999999955, 0.000000000000000000 ) ) ;
#913 = PRODUCT_RELATED_PRODUCT_CATEGORY ( 'part', '', ( #1636 ) ) ;
#914 = DIRECTION ( 'NONE',  ( -1.000000000000000000, 1.092739197465705287E-15, -0.000000000000000000 ) ) ;
#915 = DIRECTION ( 'NONE',  ( -1.000000000000000000, -1.706325926237332771E-16, 0.000000000000000000 ) ) ;
#916 = PRODUCT_DEFINITION_SHAPE ( 'NONE', 'NONE',  #7616 ) ;
#917 = VERTEX_POINT ( 'NONE', #1649 ) ;
#918 = FILL_AREA_STYLE_COLOUR ( '', #896 ) ;
#919 = CARTESIAN_POINT ( 'NONE',  ( 140.5900000000000034, -106.1299999999999955, 11.81000000000000050 ) ) ;
#920 = ORIENTED_EDGE ( 'NONE', *, *, #6268, .T. ) ;
#921 = EDGE_LOOP ( 'NONE', ( #4638, #4224, #150, #6848 ) ) ;
#922 = ORIENTED_EDGE ( 'NONE', *, *, #1061, .F. ) ;
#923 = ADVANCED_FACE ( 'NONE', ( #3609 ), #4963, .F. ) ;
#924 = CARTESIAN_POINT ( 'NONE',  ( -165.8523359398624279, -152.5178101317848700, 0.000000000000000000 ) ) ;
#925 = CARTESIAN_POINT ( 'NONE',  ( 267.5900000000043519, 419.9897093200684139, 0.000000000000000000 ) ) ;
#926 = LINE ( 'NONE', #5735, #7187 ) ;
#927 = FACE_OUTER_BOUND ( 'NONE', #5013, .T. ) ;
#928 = VECTOR ( 'NONE', #7586, 1000.000000000000000 ) ;
#929 = LINE ( 'NONE', #5828, #7122 ) ;
#930 = ORIENTED_EDGE ( 'NONE', *, *, #5530, .F. ) ;
#931 = ADVANCED_FACE ( 'NONE', ( #5144 ), #1153, .F. ) ;
#932 = CARTESIAN_POINT ( 'NONE',  ( -25.40000000000000213, 0.000000000000000000, 164.2100000000000364 ) ) ;
#933 = AXIS2_PLACEMENT_3D ( 'NONE', #7300, #7808, #7889 ) ;
#934 = CARTESIAN_POINT ( 'NONE',  ( -126.9999999999999716, 292.9900000000000091, 0.000000000000000000 ) ) ;
#935 = CARTESIAN_POINT ( 'NONE',  ( -457.1999999999999886, 96.93421516197581411, 11.81000000000000050 ) ) ;
#936 = DIRECTION ( 'NONE',  ( -0.000000000000000000, -1.000000000000000000, -0.000000000000000000 ) ) ;
#937 = CARTESIAN_POINT ( 'NONE',  ( 152.4000000000000057, 304.8000000000000114, 11.81000000000000050 ) ) ;
#938 = CONTEXT_DEPENDENT_SHAPE_REPRESENTATION ( #468, #7705 ) ;
#939 = UNCERTAINTY_MEASURE_WITH_UNIT (LENGTH_MEASURE( 1.000000000000000082E-05 ), #1363, 'distance_accuracy_value', 'NONE');
#940 = AXIS2_PLACEMENT_3D ( 'NONE', #2115, #1981, #4884 ) ;
#941 = EDGE_LOOP ( 'NONE', ( #1227, #3028, #6577, #8321 ) ) ;
#942 = ADVANCED_FACE ( 'NONE', ( #3782 ), #8705, .T. ) ;
#943 = DIRECTION ( 'NONE',  ( -1.000000000000000000, 0.000000000000000000, -0.000000000000000000 ) ) ;
#944 = ORIENTED_EDGE ( 'NONE', *, *, #2022, .F. ) ;
#945 = ORIENTED_EDGE ( 'NONE', *, *, #1555, .F. ) ;
#946 = CARTESIAN_POINT ( 'NONE',  ( 152.3999999999999773, -267.5900000000000318, 0.000000000000000000 ) ) ;
#947 = DIRECTION ( 'NONE',  ( 2.937719688360373903E-16, -1.000000000000000000, -0.000000000000000000 ) ) ;
#948 = LINE ( 'NONE', #8637, #6353 ) ;
#949 = CARTESIAN_POINT ( 'NONE',  ( -33.86666666666661740, 304.8000000000000114, 0.000000000000000000 ) ) ;
#950 = PRESENTATION_STYLE_ASSIGNMENT (( #2306 ) ) ;
#951 = DIRECTION ( 'NONE',  ( 1.000000000000000000, 0.000000000000000000, 0.000000000000000000 ) ) ;
#952 = ADVANCED_FACE ( 'NONE', ( #5318 ), #7400, .F. ) ;
#953 = AXIS2_PLACEMENT_3D ( 'NONE', #7126, #2267, #1504 ) ;
#954 = EDGE_LOOP ( 'NONE', ( #4443, #3641, #6307, #2907 ) ) ;
#955 = EDGE_LOOP ( 'NONE', ( #8565, #8621, #5246, #3846, #6085, #2054, #6089, #8468, #3818, #4902, #4619, #8474, #2360, #8178, #2990, #2309, #4679, #3550, #5550, #8249, #8141, #7254, #770, #7367, #7920, #2866, #3094, #3190, #7136, #4867, #2433, #5343, #8085, #856, #5450, #4158 ) ) ;
#956 = FACE_OUTER_BOUND ( 'NONE', #6583, .T. ) ;
#957 = ADVANCED_FACE ( 'NONE', ( #1196 ), #8746, .F. ) ;
#958 = CARTESIAN_POINT ( 'NONE',  ( -25.39999999999999147, 11.81000000000000050, 304.8000000000000114 ) ) ;
#959 = VECTOR ( 'NONE', #951, 1000.000000000000000 ) ;
#960 = VERTEX_POINT ( 'NONE', #6591 ) ;
#961 =( LENGTH_UNIT ( ) NAMED_UNIT ( * ) SI_UNIT ( .MILLI., .METRE. ) );
#962 = FACE_OUTER_BOUND ( 'NONE', #6064, .T. ) ;
#963 = VERTEX_POINT ( 'NONE', #2463 ) ;
#964 = LINE ( 'NONE', #7032, #8305 ) ;
#965 = VERTEX_POINT ( 'NONE', #3912 ) ;
#966 = VECTOR ( 'NONE', #2982, 1000.000000000000000 ) ;
#967 = CARTESIAN_POINT ( 'NONE',  ( 292.9900000000000091, 91.65491791495954033, 0.000000000000000000 ) ) ;
#968 = CARTESIAN_POINT ( 'NONE',  ( -25.39999999999560387, 165.0997093200683992, 0.000000000000000000 ) ) ;
#969 = LINE ( 'NONE', #1560, #5755 ) ;
#970 = LINE ( 'NONE', #423, #5147 ) ;
#971 = VECTOR ( 'NONE', #7368, 1000.000000000000000 ) ;
#972 = AXIS2_PLACEMENT_3D ( 'NONE', #1157, #7269, #6551 ) ;
#973 = LINE ( 'NONE', #6638, #3644 ) ;
#974 = EDGE_CURVE ( 'NONE', #202, #3217, #2541, .T. ) ;
#975 = ORIENTED_EDGE ( 'NONE', *, *, #680, .F. ) ;
#976 = LINE ( 'NONE', #7854, #5174 ) ;
#977 = VECTOR ( 'NONE', #609, 1000.000000000000000 ) ;
#978 = VECTOR ( 'NONE', #8417, 1000.000000000000000 ) ;
#979 = FACE_OUTER_BOUND ( 'NONE', #2670, .T. ) ;
#980 = LINE ( 'NONE', #6463, #2439 ) ;
#981 = CARTESIAN_POINT ( 'NONE',  ( 140.5900000000000034, 80.73000000000001819, 11.81000000000000050 ) ) ;
#982 = EDGE_CURVE ( 'NONE', #6882, #8611, #3867, .T. ) ;
#983 = VECTOR ( 'NONE', #8651, 1000.000000000000000 ) ;
#984 = CARTESIAN_POINT ( 'NONE',  ( 304.8000000000000114, -52.27841541837373995, 11.81000000000000050 ) ) ;
#985 = ORIENTED_EDGE ( 'NONE', *, *, #6683, .T. ) ;
#986 = FACE_OUTER_BOUND ( 'NONE', #954, .T. ) ;
#987 = ORIENTED_EDGE ( 'NONE', *, *, #5436, .F. ) ;
#988 = ORIENTED_EDGE ( 'NONE', *, *, #6650, .T. ) ;
#989 = CARTESIAN_POINT ( 'NONE',  ( -304.8000000000000114, 6.988251248292873363, 0.000000000000000000 ) ) ;
#990 = DIRECTION ( 'NONE',  ( 0.000000000000000000, -0.000000000000000000, 1.000000000000000000 ) ) ;
#991 = PLANE ( 'NONE',  #1848 ) ;
#992 = PRODUCT_DEFINITION_SHAPE ( 'NONE', 'NONE',  #8938 ) ;
#993 = AXIS2_PLACEMENT_3D ( 'NONE', #4253, #7066, #8377 ) ;
#994 = DIRECTION ( 'NONE',  ( -0.000000000000000000, -1.000000000000000000, -0.000000000000000000 ) ) ;
#995 = CARTESIAN_POINT ( 'NONE',  ( -468.3898691419374245, 304.8001453399657521, 503.0377683893128165 ) ) ;
#996 = LINE ( 'NONE', #1038, #1096 ) ;
#997 = VECTOR ( 'NONE', #32, 1000.000000000000000 ) ;
#998 = ORIENTED_EDGE ( 'NONE', *, *, #7934, .F. ) ;
#999 = VERTEX_POINT ( 'NONE', #3147 ) ;
#1000 = PLANE ( 'NONE',  #5908 ) ;
#1001 = DIRECTION ( 'NONE',  ( 0.000000000000000000, -1.000000000000000000, 0.000000000000000000 ) ) ;
#1002 = FILL_AREA_STYLE ('',( #6994 ) ) ;
#1003 = EDGE_CURVE ( 'NONE', #1412, #2718, #5962, .T. ) ;
#1004 = ORIENTED_EDGE ( 'NONE', *, *, #1375, .T. ) ;
#1005 = LINE ( 'NONE', #1140, #24 ) ;
#1006 = FACE_OUTER_BOUND ( 'NONE', #1092, .T. ) ;
#1007 = EDGE_CURVE ( 'NONE', #2009, #7022, #4637, .T. ) ;
#1008 = VERTEX_POINT ( 'NONE', #1776 ) ;
#1009 = ORIENTED_EDGE ( 'NONE', *, *, #3306, .T. ) ;
#1010 = AXIS2_PLACEMENT_3D ( 'NONE', #3118, #5891, #2479 ) ;
#1011 = ORIENTED_EDGE ( 'NONE', *, *, #6268, .F. ) ;
#1012 = CARTESIAN_POINT ( 'NONE',  ( 59.26666666666674388, -292.9900000000000091, 0.000000000000000000 ) ) ;
#1013 = CARTESIAN_POINT ( 'NONE',  ( 140.5902906799316270, 20.73421516197590009, 11.81000000000000050 ) ) ;
#1014 = EDGE_CURVE ( 'NONE', #7106, #4532, #4542, .T. ) ;
#1015 = PLANE ( 'NONE',  #4997 ) ;
#1016 = CARTESIAN_POINT ( 'NONE',  ( -126.9999999999999716, 292.9900000000000091, 11.81000000000000050 ) ) ;
#1017 = EDGE_LOOP ( 'NONE', ( #1199, #46, #8854, #146 ) ) ;
#1018 = CARTESIAN_POINT ( 'NONE',  ( -140.5900000000000034, 267.5900000000000318, 0.000000000000000000 ) ) ;
#1019 = VERTEX_POINT ( 'NONE', #8792 ) ;
#1020 = CARTESIAN_POINT ( 'NONE',  ( -394.5486812835924297, -114.2278101317851764, 0.000000000000000000 ) ) ;
#1021 = FACE_OUTER_BOUND ( 'NONE', #5801, .T. ) ;
#1022 = EDGE_CURVE ( 'NONE', #1208, #5365, #3097, .T. ) ;
#1023 = CARTESIAN_POINT ( 'NONE',  ( -25.39999999999999147, 0.000000000000000000, -304.8000000000000114 ) ) ;
#1024 = CARTESIAN_POINT ( 'NONE',  ( 140.5900000000000034, -106.1299999999999955, 0.000000000000000000 ) ) ;
#1025 = UNCERTAINTY_MEASURE_WITH_UNIT (LENGTH_MEASURE( 1.000000000000000082E-05 ), #2893, 'distance_accuracy_value', 'NONE');
#1026 = FACE_OUTER_BOUND ( 'NONE', #7130, .T. ) ;
#1027 = VERTEX_POINT ( 'NONE', #381 ) ;
#1028 = LINE ( 'NONE', #7274, #7330 ) ;
#1029 = VERTEX_POINT ( 'NONE', #7264 ) ;
#1030 = ORIENTED_EDGE ( 'NONE', *, *, #7904, .T. ) ;
#1031 = DIRECTION ( 'NONE',  ( 0.000000000000000000, 0.000000000000000000, -1.000000000000000000 ) ) ;
#1032 = EDGE_CURVE ( 'NONE', #2717, #2037, #1058, .T. ) ;
#1033 = PLANE ( 'NONE',  #1103 ) ;
#1034 = CARTESIAN_POINT ( 'NONE',  ( -126.9999999999999716, 304.8000000000000114, 0.000000000000000000 ) ) ;
#1035 = ORIENTED_EDGE ( 'NONE', *, *, #288, .T. ) ;
#1036 = DIRECTION ( 'NONE',  ( -0.000000000000000000, -1.000000000000000000, -0.000000000000000000 ) ) ;
#1037 = CARTESIAN_POINT ( 'NONE',  ( -2.016165012719309931E-15, 304.8000000000001251, 25.40000000000001279 ) ) ;
#1038 = CARTESIAN_POINT ( 'NONE',  ( -304.8000000000000114, 66.25491791495954885, 0.000000000000000000 ) ) ;
#1039 = MECHANICAL_DESIGN_GEOMETRIC_PRESENTATION_REPRESENTATION (  '', ( #4808 ), #8837 ) ;
#1040 = ORIENTED_EDGE ( 'NONE', *, *, #1561, .T. ) ;
#1041 = EDGE_CURVE ( 'NONE', #1429, #7498, #560, .T. ) ;
#1042 = ORIENTED_EDGE ( 'NONE', *, *, #1175, .F. ) ;
#1043 = CARTESIAN_POINT ( 'NONE',  ( -295.8871619467639675, 11.81000000000000050, -616.1005700363347160 ) ) ;
#1044 = LINE ( 'NONE', #3078, #4307 ) ;
#1045 = VECTOR ( 'NONE', #2785, 1000.000000000000000 ) ;
#1046 = VERTEX_POINT ( 'NONE', #2591 ) ;
#1047 = DIRECTION ( 'NONE',  ( -1.252096997096120642E-16, 1.000000000000000000, 0.000000000000000000 ) ) ;
#1048 = LINE ( 'NONE', #5904, #4276 ) ;
#1049 = ORIENTED_EDGE ( 'NONE', *, *, #1845, .F. ) ;
#1050 = ORIENTED_EDGE ( 'NONE', *, *, #6940, .F. ) ;
#1051 = EDGE_CURVE ( 'NONE', #7124, #7356, #2633, .T. ) ;
#1052 = CARTESIAN_POINT ( 'NONE',  ( 279.4000000000043542, -115.1902906799316355, 0.000000000000000000 ) ) ;
#1053 = CARTESIAN_POINT ( 'NONE',  ( -25.39999999999567493, 457.1997093200683935, 11.81000000000000050 ) ) ;
#1054 = DIRECTION ( 'NONE',  ( 1.706325926237332771E-16, -1.000000000000000000, 0.000000000000000000 ) ) ;
#1055 =( REPRESENTATION_RELATIONSHIP ('NONE','NONE', #853, #3527 ) REPRESENTATION_RELATIONSHIP_WITH_TRANSFORMATION ( #6865 )SHAPE_REPRESENTATION_RELATIONSHIP( ) );
#1056 = ORIENTED_EDGE ( 'NONE', *, *, #127, .F. ) ;
#1057 = ORIENTED_EDGE ( 'NONE', *, *, #3119, .F. ) ;
#1058 = LINE ( 'NONE', #2732, #7839 ) ;
#1059 = EDGE_LOOP ( 'NONE', ( #5633, #3989, #8900, #6452 ) ) ;
#1060 = DIRECTION ( 'NONE',  ( -1.000000000000000000, -0.000000000000000000, 4.370956789862815627E-15 ) ) ;
#1061 = EDGE_CURVE ( 'NONE', #6174, #6262, #1915, .T. ) ;
#1062 = LINE ( 'NONE', #1778, #4008 ) ;
#1063 = DIRECTION ( 'NONE',  ( 1.000000000000000000, 0.000000000000000000, 0.000000000000000000 ) ) ;
#1064 = EDGE_CURVE ( 'NONE', #8042, #6363, #5505, .T. ) ;
#1065 = CARTESIAN_POINT ( 'NONE',  ( -352.1190026065291363, -127.1178101317848075, 11.81000000000000050 ) ) ;
#1066 = ITEM_DEFINED_TRANSFORMATION ( 'NONE', 'NONE', #3477,  #3886 ) ;
#1067 = AXIS2_PLACEMENT_3D ( 'NONE', #6779, #5643, #4870 ) ;
#1068 = ORIENTED_EDGE ( 'NONE', *, *, #3645, .T. ) ;
#1069 = DIRECTION ( 'NONE',  ( 9.106159978880877395E-17, -1.000000000000000000, 0.000000000000000000 ) ) ;
#1070 = VECTOR ( 'NONE', #1169, 1000.000000000000000 ) ;
#1071 = ADVANCED_FACE ( 'NONE', ( #5364 ), #7629, .T. ) ;
#1072 = VERTEX_POINT ( 'NONE', #6273 ) ;
#1073 = SURFACE_SIDE_STYLE ('',( #479 ) ) ;
#1074 = DIRECTION ( 'NONE',  ( 0.000000000000000000, 0.000000000000000000, 1.000000000000000000 ) ) ;
#1075 = CARTESIAN_POINT ( 'NONE',  ( -165.8523359398624279, -152.5178101317848700, 0.000000000000000000 ) ) ;
#1076 = VERTEX_POINT ( 'NONE', #1242 ) ;
#1077 = CARTESIAN_POINT ( 'NONE',  ( 267.5900000000000318, -111.5450820850404909, 0.000000000000000000 ) ) ;
#1078 = CARTESIAN_POINT ( 'NONE',  ( 71.21772846325086448, 291.2101453399657203, 367.3881810244984649 ) ) ;
#1079 = VECTOR ( 'NONE', #7775, 1000.000000000000000 ) ;
#1080 = DIRECTION ( 'NONE',  ( 2.937719688360373903E-16, -1.000000000000000000, 0.000000000000000000 ) ) ;
#1081 = EDGE_CURVE ( 'NONE', #2623, #7459, #6232, .T. ) ;
#1082 = VERTEX_POINT ( 'NONE', #8835 ) ;
#1083 = SHAPE_REPRESENTATION ( 'Left_Plate_Cover', ( #3886 ), #2023 ) ;
#1084 = ORIENTED_EDGE ( 'NONE', *, *, #6662, .F. ) ;
#1085 = DIRECTION ( 'NONE',  ( -1.000000000000000000, -1.092739197465705287E-15, 0.000000000000000000 ) ) ;
#1086 = VECTOR ( 'NONE', #4408, 1000.000000000000000 ) ;
#1087 = CARTESIAN_POINT ( 'NONE',  ( -80.73000000000001819, -99.73508208504047445, 0.000000000000000000 ) ) ;
#1088 = ADVANCED_FACE ( 'NONE', ( #7446 ), #2055, .F. ) ;
#1089 = ORIENTED_EDGE ( 'NONE', *, *, #13, .F. ) ;
#1090 = DIRECTION ( 'NONE',  ( -1.000000000000000000, 0.000000000000000000, -0.000000000000000000 ) ) ;
#1091 = AXIS2_PLACEMENT_3D ( 'NONE', #455, #1141, #3900 ) ;
#1092 = EDGE_LOOP ( 'NONE', ( #1856, #1188, #2530, #604 ) ) ;
#1093 = VERTEX_POINT ( 'NONE', #5409 ) ;
#1094 = VERTEX_POINT ( 'NONE', #1960 ) ;
#1095 = CARTESIAN_POINT ( 'NONE',  ( -140.5900000000000034, -106.1299999999999955, 0.000000000000000000 ) ) ;
#1096 = VECTOR ( 'NONE', #3073, 1000.000000000000000 ) ;
#1097 = LINE ( 'NONE', #3860, #7443 ) ;
#1098 = LINE ( 'NONE', #5098, #3260 ) ;
#1099 = EDGE_CURVE ( 'NONE', #6649, #2776, #4822, .T. ) ;
#1100 = ORIENTED_EDGE ( 'NONE', *, *, #8424, .T. ) ;
#1101 = VERTEX_POINT ( 'NONE', #7497 ) ;
#1102 = CARTESIAN_POINT ( 'NONE',  ( 304.8000000000000114, -111.5450820850404057, 0.000000000000000000 ) ) ;
#1103 = AXIS2_PLACEMENT_3D ( 'NONE', #3798, #8418, #4298 ) ;
#1104 = ORIENTED_EDGE ( 'NONE', *, *, #2375, .F. ) ;
#1105 = CARTESIAN_POINT ( 'NONE',  ( -25.39999999999560387, -115.1902906799316355, 0.000000000000000000 ) ) ;
#1106 = APPLICATION_CONTEXT ( 'automotive_design' ) ;
#1107 = LINE ( 'NONE', #3872, #4879 ) ;
#1108 = AXIS2_PLACEMENT_3D ( 'NONE', #3520, #1651, #2371 ) ;
#1109 = DIRECTION ( 'NONE',  ( -1.000000000000000000, -0.000000000000000000, -0.000000000000000000 ) ) ;
#1110 = VECTOR ( 'NONE', #3736, 1000.000000000000000 ) ;
#1111 = CONTEXT_DEPENDENT_SHAPE_REPRESENTATION ( #3135, #1421 ) ;
#1112 = EDGE_CURVE ( 'NONE', #4890, #2624, #1289, .T. ) ;
#1113 = VERTEX_POINT ( 'NONE', #4095 ) ;
#1114 = EDGE_CURVE ( 'NONE', #2644, #1218, #4001, .T. ) ;
#1115 = VECTOR ( 'NONE', #745, 1000.000000000000000 ) ;
#1116 = DIRECTION ( 'NONE',  ( 0.000000000000000000, 0.000000000000000000, -1.000000000000000000 ) ) ;
#1117 = VECTOR ( 'NONE', #8101, 1000.000000000000000 ) ;
#1118 = VERTEX_POINT ( 'NONE', #4188 ) ;
#1119 = PRESENTATION_STYLE_ASSIGNMENT (( #3247 ) ) ;
#1120 = CARTESIAN_POINT ( 'NONE',  ( -165.8523359398624279, -140.7078101317848677, 11.81000000000000050 ) ) ;
#1121 = CARTESIAN_POINT ( 'NONE',  ( 304.8000000000000114, -111.5450820850404057, 11.81000000000000050 ) ) ;
#1122 = ORIENTED_EDGE ( 'NONE', *, *, #7340, .T. ) ;
#1123 = DIRECTION ( 'NONE',  ( -0.000000000000000000, 1.000000000000000000, -0.000000000000000000 ) ) ;
#1124 = CARTESIAN_POINT ( 'NONE',  ( -70.89891423873723397, -304.8000000000000682, 1345.223107283573654 ) ) ;
#1125 = AXIS2_PLACEMENT_3D ( 'NONE', #7623, #8829, #4135 ) ;
#1126 = ADVANCED_FACE ( 'NONE', ( #605 ), #3372, .F. ) ;
#1127 = STYLED_ITEM ( 'NONE', ( #8545 ), #6469 ) ;
#1128 = EDGE_CURVE ( 'NONE', #1543, #1812, #233, .T. ) ;
#1129 = CARTESIAN_POINT ( 'NONE',  ( -126.9999999999999716, 304.8000000000000114, 11.81000000000000050 ) ) ;
#1130 = ORIENTED_EDGE ( 'NONE', *, *, #2387, .T. ) ;
#1131 = VECTOR ( 'NONE', #6921, 1000.000000000000000 ) ;
#1132 = ORIENTED_EDGE ( 'NONE', *, *, #2828, .F. ) ;
#1134 = LINE ( 'NONE', #8862, #5033 ) ;
#1133 = COLOUR_RGB ( '',1.000000000000000000, 1.000000000000000000, 1.000000000000000000 ) ;
#1135 = CARTESIAN_POINT ( 'NONE',  ( 25.40000000000001279, 11.81000000000000050, -304.8000000000000682 ) ) ;
#1136 =( LENGTH_UNIT ( ) NAMED_UNIT ( * ) SI_UNIT ( .MILLI., .METRE. ) );
#1137 = EDGE_CURVE ( 'NONE', #6692, #368, #964, .T. ) ;
#1138 = COLOUR_RGB ( '',1.000000000000000000, 1.000000000000000000, 1.000000000000000000 ) ;
#1139 = VERTEX_POINT ( 'NONE', #3684 ) ;
#1140 = CARTESIAN_POINT ( 'NONE',  ( -522.4386812835921319, -152.3278101317850712, 0.000000000000000000 ) ) ;
#1141 = DIRECTION ( 'NONE',  ( 0.000000000000000000, -1.000000000000000000, 0.000000000000000000 ) ) ;
#1142 = ORIENTED_EDGE ( 'NONE', *, *, #446, .F. ) ;
#1143 = ORIENTED_EDGE ( 'NONE', *, *, #8403, .T. ) ;
#1144 = ORIENTED_EDGE ( 'NONE', *, *, #7385, .F. ) ;
#1145 = CARTESIAN_POINT ( 'NONE',  ( -382.7386812835923138, -88.82781013178517071, 0.000000000000000000 ) ) ;
#1146 = PLANE ( 'NONE',  #7346 ) ;
#1147 = CARTESIAN_POINT ( 'NONE',  ( -304.8000000000000114, 6.988251248292873363, 11.81000000000000050 ) ) ;
#1148 = EDGE_CURVE ( 'NONE', #4707, #1290, #3001, .T. ) ;
#1149 = DIRECTION ( 'NONE',  ( -2.185478394931409786E-15, 1.000000000000000000, 0.000000000000000000 ) ) ;
#1150 = ORIENTED_EDGE ( 'NONE', *, *, #2164, .F. ) ;
#1151 = ORIENTED_EDGE ( 'NONE', *, *, #1668, .T. ) ;
#1152 = AXIS2_PLACEMENT_3D ( 'NONE', #2517, #8044, #1843 ) ;
#1153 = PLANE ( 'NONE',  #3796 ) ;
#1154 = EDGE_LOOP ( 'NONE', ( #5571, #2201, #4569, #4177 ) ) ;
#1155 = DIRECTION ( 'NONE',  ( 1.000000000000000000, 0.000000000000000000, 0.000000000000000000 ) ) ;
#1156 = CARTESIAN_POINT ( 'NONE',  ( 106.1299999999999955, -111.5450820850404767, 0.000000000000000000 ) ) ;
#1157 = CARTESIAN_POINT ( 'NONE',  ( 59.26666666666674388, -304.8000000000000114, 0.000000000000000000 ) ) ;
#1158 = SHAPE_REPRESENTATION_RELATIONSHIP ( 'NONE' , 'NONE' ,  #1344, #1797 ) ;
#1159 = LINE ( 'NONE', #6012, #8017 ) ;
#1160 = FACE_OUTER_BOUND ( 'NONE', #3955, .T. ) ;
#1161 = VERTEX_POINT ( 'NONE', #2906 ) ;
#1162 = LINE ( 'NONE', #2645, #1827 ) ;
#1163 = ORIENTED_EDGE ( 'NONE', *, *, #1561, .F. ) ;
#1164 = EDGE_CURVE ( 'NONE', #2473, #1556, #7844, .T. ) ;
#1165 = CARTESIAN_POINT ( 'NONE',  ( -152.3999999999999773, 304.8000000000000114, 0.000000000000000000 ) ) ;
#1166 = CARTESIAN_POINT ( 'NONE',  ( 59.26666666666674388, 292.9900000000000091, 11.81000000000000050 ) ) ;
#1167 = CARTESIAN_POINT ( 'NONE',  ( 152.3999999999999773, 267.5900000000000318, 0.000000000000000000 ) ) ;
#1168 = ORIENTED_EDGE ( 'NONE', *, *, #2647, .T. ) ;
#1169 = DIRECTION ( 'NONE',  ( -1.000000000000000000, -0.000000000000000000, -0.000000000000000000 ) ) ;
#1170 = DIRECTION ( 'NONE',  ( 1.000000000000000000, 0.000000000000000000, 0.000000000000000000 ) ) ;
#1171 = PLANE ( 'NONE',  #1816 ) ;
#1172 = ORIENTED_EDGE ( 'NONE', *, *, #5488, .F. ) ;
#1173 =( GEOMETRIC_REPRESENTATION_CONTEXT ( 3 ) GLOBAL_UNCERTAINTY_ASSIGNED_CONTEXT ( ( #3104 ) ) GLOBAL_UNIT_ASSIGNED_CONTEXT ( ( #10, #3953, #2587 ) ) REPRESENTATION_CONTEXT ( 'NONE', 'WORKASPACE' ) );
#1174 = VERTEX_POINT ( 'NONE', #2182 ) ;
#1175 = EDGE_CURVE ( 'NONE', #5026, #489, #1551, .T. ) ;
#1176 = DIRECTION ( 'NONE',  ( 1.000000000000000000, -1.894642264054528850E-16, 0.000000000000000000 ) ) ;
#1177 =( REPRESENTATION_RELATIONSHIP ('NONE','NONE', #853, #746 ) REPRESENTATION_RELATIONSHIP_WITH_TRANSFORMATION ( #4643 )SHAPE_REPRESENTATION_RELATIONSHIP( ) );
#1178 = LINE ( 'NONE', #1135, #5187 ) ;
#1179 = FILL_AREA_STYLE ('',( #452 ) ) ;
#1180 = EDGE_CURVE ( 'NONE', #2718, #8583, #6988, .T. ) ;
#1181 = PLANE ( 'NONE',  #4680 ) ;
#1182 = AXIS2_PLACEMENT_3D ( 'NONE', #3725, #2358, #3222 ) ;
#1183 = ORIENTED_EDGE ( 'NONE', *, *, #7221, .F. ) ;
#1184 = CARTESIAN_POINT ( 'NONE',  ( -687.5386812835920409, -88.82781013178518492, 0.000000000000000000 ) ) ;
#1185 = CARTESIAN_POINT ( 'NONE',  ( -382.7386812835923138, -88.82781013178517071, 0.000000000000000000 ) ) ;
#1186 = ORIENTED_EDGE ( 'NONE', *, *, #4107, .T. ) ;
#1187 = EDGE_LOOP ( 'NONE', ( #5070, #8219, #5350, #6497 ) ) ;
#1188 = ORIENTED_EDGE ( 'NONE', *, *, #361, .F. ) ;
#1189 = CARTESIAN_POINT ( 'NONE',  ( -687.5386812835920409, -126.9278101317851366, 0.000000000000000000 ) ) ;
#1190 = VECTOR ( 'NONE', #8129, 1000.000000000000000 ) ;
#1191 = LINE ( 'NONE', #3859, #5036 ) ;
#1192 = DIRECTION ( 'NONE',  ( 1.000000000000000000, 0.000000000000000000, 0.000000000000000000 ) ) ;
#1193 = LINE ( 'NONE', #6181, #6734 ) ;
#1194 = CARTESIAN_POINT ( 'NONE',  ( -352.1190026065291363, 25.28218986821520531, 0.000000000000000000 ) ) ;
#1195 = ORIENTED_EDGE ( 'NONE', *, *, #4120, .T. ) ;
#1196 = FACE_OUTER_BOUND ( 'NONE', #5870, .T. ) ;
#1197 = ORIENTED_EDGE ( 'NONE', *, *, #3241, .F. ) ;
#1198 = EDGE_CURVE ( 'NONE', #6445, #4337, #1600, .T. ) ;
#1199 = ORIENTED_EDGE ( 'NONE', *, *, #2838, .T. ) ;
#1200 = CARTESIAN_POINT ( 'NONE',  ( -304.8000000000000114, -86.14508208504045683, 11.81000000000000050 ) ) ;
#1201 = CARTESIAN_POINT ( 'NONE',  ( -140.5900000000000034, 80.73000000000001819, 0.000000000000000000 ) ) ;
#1202 = CARTESIAN_POINT ( 'NONE',  ( -267.5900000000000318, -111.5450820850404625, 0.000000000000000000 ) ) ;
#1203 = CARTESIAN_POINT ( 'NONE',  ( -687.5386812835920409, -140.5178101317850974, 11.81000000000000050 ) ) ;
#1204 = ADVANCED_FACE ( 'NONE', ( #3728 ), #780, .F. ) ;
#1205 = FACE_OUTER_BOUND ( 'NONE', #5133, .T. ) ;
#1206 = ORIENTED_EDGE ( 'NONE', *, *, #7197, .F. ) ;
#1207 = CARTESIAN_POINT ( 'NONE',  ( -47.31900260652910362, -8.584476798451436963, 0.000000000000000000 ) ) ;
#1208 = VERTEX_POINT ( 'NONE', #6364 ) ;
#1209 = LINE ( 'NONE', #8091, #2405 ) ;
#1210 = CARTESIAN_POINT ( 'NONE',  ( 152.4002906799316008, 20.73421516197590009, 11.81000000000000050 ) ) ;
#1211 = ORIENTED_EDGE ( 'NONE', *, *, #6986, .F. ) ;
#1212 = DIRECTION ( 'NONE',  ( -1.000000000000000000, -1.706325926237332771E-16, 0.000000000000000000 ) ) ;
#1213 = CARTESIAN_POINT ( 'NONE',  ( -164.2100000000000080, -197.8989142387372908, 1345.223107283573654 ) ) ;
#1214 = EDGE_CURVE ( 'NONE', #3374, #1925, #4228, .T. ) ;
#1215 = LINE ( 'NONE', #2036, #5594 ) ;
#1216 = VECTOR ( 'NONE', #28, 1000.000000000000000 ) ;
#1217 = ORIENTED_EDGE ( 'NONE', *, *, #4064, .F. ) ;
#1218 = VERTEX_POINT ( 'NONE', #5048 ) ;
#1219 = DIRECTION ( 'NONE',  ( 0.000000000000000000, 0.000000000000000000, 1.000000000000000000 ) ) ;
#1220 = LINE ( 'NONE', #5437, #4895 ) ;
#1221 = VECTOR ( 'NONE', #994, 1000.000000000000000 ) ;
#1222 =( LENGTH_UNIT ( ) NAMED_UNIT ( * ) SI_UNIT ( .MILLI., .METRE. ) );
#1223 = EDGE_CURVE ( 'NONE', #2874, #4629, #7085, .T. ) ;
#1224 = ORIENTED_EDGE ( 'NONE', *, *, #6875, .F. ) ;
#1225 = FILL_AREA_STYLE ('',( #8058 ) ) ;
#1226 = LINE ( 'NONE', #3314, #3844 ) ;
#1227 = ORIENTED_EDGE ( 'NONE', *, *, #5288, .T. ) ;
#1228 = ORIENTED_EDGE ( 'NONE', *, *, #8802, .F. ) ;
#1229 = AXIS2_PLACEMENT_3D ( 'NONE', #6334, #6291, #209 ) ;
#1230 = ORIENTED_EDGE ( 'NONE', *, *, #2973, .T. ) ;
#1231 = EDGE_CURVE ( 'NONE', #3838, #8391, #3640, .T. ) ;
#1232 = CARTESIAN_POINT ( 'NONE',  ( 152.4002906799316008, 96.93421516197587096, 0.000000000000000000 ) ) ;
#1233 = PLANE ( 'NONE',  #844 ) ;
#1234 = CARTESIAN_POINT ( 'NONE',  ( -140.4523359398625075, -152.5178101317848700, 0.000000000000000000 ) ) ;
#1235 = CARTESIAN_POINT ( 'NONE',  ( 0.000000000000000000, 0.000000000000000000, 0.000000000000000000 ) ) ;
#1236 = AXIS2_PLACEMENT_3D ( 'NONE', #8741, #4775, #2051 ) ;
#1237 = EDGE_CURVE ( 'NONE', #2634, #6052, #54, .T. ) ;
#1238 = DIRECTION ( 'NONE',  ( 0.000000000000000000, 1.000000000000000000, 0.000000000000000000 ) ) ;
#1239 = CARTESIAN_POINT ( 'NONE',  ( -408.1386812835921774, -152.3278101317849860, 0.000000000000000000 ) ) ;
#1240 = EDGE_CURVE ( 'NONE', #6127, #917, #8347, .T. ) ;
#1241 = ORIENTED_EDGE ( 'NONE', *, *, #1462, .F. ) ;
#1242 = CARTESIAN_POINT ( 'NONE',  ( -126.9999999999999716, -304.8000000000000114, 11.81000000000000050 ) ) ;
#1243 = ORIENTED_EDGE ( 'NONE', *, *, #5171, .T. ) ;
#1244 = ORIENTED_EDGE ( 'NONE', *, *, #5929, .F. ) ;
#1245 = CARTESIAN_POINT ( 'NONE',  ( -445.3899999999999864, 71.53421516197580843, 0.000000000000000000 ) ) ;
#1246 = VECTOR ( 'NONE', #5725, 1000.000000000000000 ) ;
#1247 = DIRECTION ( 'NONE',  ( 0.000000000000000000, -0.000000000000000000, -1.000000000000000000 ) ) ;
#1248 = LINE ( 'NONE', #8841, #2994 ) ;
#1249 = FACE_OUTER_BOUND ( 'NONE', #478, .T. ) ;
#1250 = ADVANCED_FACE ( 'NONE', ( #7675 ), #1467, .F. ) ;
#1251 = VECTOR ( 'NONE', #5670, 1000.000000000000000 ) ;
#1252 = CARTESIAN_POINT ( 'NONE',  ( 25.40000000000000213, 11.81000000000000050, 164.2100000000000364 ) ) ;
#1253 = ORIENTED_EDGE ( 'NONE', *, *, #2489, .F. ) ;
#1254 = DIRECTION ( 'NONE',  ( -1.000000000000000000, -0.000000000000000000, -0.000000000000000000 ) ) ;
#1255 = ORIENTED_EDGE ( 'NONE', *, *, #5194, .F. ) ;
#1256 = CARTESIAN_POINT ( 'NONE',  ( -394.5486812835924297, -76.12781013178522471, 0.000000000000000000 ) ) ;
#1257 = AXIS2_PLACEMENT_3D ( 'NONE', #4979, #2936, #990 ) ;
#1258 = CARTESIAN_POINT ( 'NONE',  ( 292.9900000000000659, -52.27841541837373285, 11.81000000000000050 ) ) ;
#1259 = DIRECTION ( 'NONE',  ( 0.000000000000000000, -1.000000000000000000, 0.000000000000000000 ) ) ;
#1260 = ORIENTED_EDGE ( 'NONE', *, *, #1949, .T. ) ;
#1261 = LINE ( 'NONE', #673, #6869 ) ;
#1262 = DIRECTION ( 'NONE',  ( 0.4999999999999942824, -4.409062787713183291E-17, 0.8660254037844419273 ) ) ;
#1263 = VECTOR ( 'NONE', #8575, 1000.000000000000000 ) ;
#1264 = DIRECTION ( 'NONE',  ( 0.000000000000000000, 0.000000000000000000, 1.000000000000000000 ) ) ;
#1265 = VECTOR ( 'NONE', #1385, 1000.000000000000000 ) ;
#1266 = EDGE_LOOP ( 'NONE', ( #8645, #4088, #1255, #7588 ) ) ;
#1267 = VERTEX_POINT ( 'NONE', #7100 ) ;
#1268 = CARTESIAN_POINT ( 'NONE',  ( 152.4002906799316008, 71.53421516197586527, 0.000000000000000000 ) ) ;
#1269 = CARTESIAN_POINT ( 'NONE',  ( 4.402728182029136406E-12, -152.4002906799316861, 0.000000000000000000 ) ) ;
#1270 = VECTOR ( 'NONE', #7714, 1000.000000000000000 ) ;
#1271 = PRESENTATION_LAYER_ASSIGNMENT (  '', '', ( #6481 ) ) ;
#1272 = ORIENTED_EDGE ( 'NONE', *, *, #6165, .F. ) ;
#1273 = CARTESIAN_POINT ( 'NONE',  ( -687.5386812835920409, -126.9278101317851366, 11.81000000000000050 ) ) ;
#1274 = CARTESIAN_POINT ( 'NONE',  ( -165.8523359398624279, -140.7078101317848677, 0.000000000000000000 ) ) ;
#1275 = ORIENTED_EDGE ( 'NONE', *, *, #4661, .T. ) ;
#1276 = AXIS2_PLACEMENT_3D ( 'NONE', #49, #3366, #8297 ) ;
#1277 = VECTOR ( 'NONE', #7572, 1000.000000000000000 ) ;
#1278 = VERTEX_POINT ( 'NONE', #8450 ) ;
#1279 = VERTEX_POINT ( 'NONE', #5744 ) ;
#1280 = DIRECTION ( 'NONE',  ( 0.000000000000000000, 1.000000000000000000, 0.000000000000000000 ) ) ;
#1281 = LINE ( 'NONE', #8878, #2565 ) ;
#1282 = ADVANCED_FACE ( 'NONE', ( #1572 ), #251, .F. ) ;
#1283 = AXIS2_PLACEMENT_3D ( 'NONE', #8330, #4936, #8419 ) ;
#1284 = SURFACE_SIDE_STYLE ('',( #3322 ) ) ;
#1285 = EDGE_CURVE ( 'NONE', #3898, #4666, #892, .T. ) ;
#1286 = PLANE ( 'NONE',  #2911 ) ;
#1287 = CARTESIAN_POINT ( 'NONE',  ( -382.7386812835923138, -76.12781013178522471, 0.000000000000000000 ) ) ;
#1288 = VERTEX_POINT ( 'NONE', #208 ) ;
#1289 = LINE ( 'NONE', #15, #7147 ) ;
#1290 = VERTEX_POINT ( 'NONE', #2970 ) ;
#1291 = VECTOR ( 'NONE', #1654, 1000.000000000000000 ) ;
#1292 = VERTEX_POINT ( 'NONE', #8499 ) ;
#1293 = CARTESIAN_POINT ( 'NONE',  ( -33.86666666666661740, -292.9900000000000091, 0.000000000000000000 ) ) ;
#1294 = EDGE_CURVE ( 'NONE', #2601, #2477, #1614, .T. ) ;
#1295 = LINE ( 'NONE', #3426, #775 ) ;
#1296 = CARTESIAN_POINT ( 'NONE',  ( -59.12900260652914852, -93.25114346511811902, 0.000000000000000000 ) ) ;
#1297 = CARTESIAN_POINT ( 'NONE',  ( -675.7286812835920955, -88.82781013178518492, 0.000000000000000000 ) ) ;
#1298 = ADVANCED_FACE ( 'NONE', ( #6464 ), #3021, .F. ) ;
#1299 = PRESENTATION_LAYER_ASSIGNMENT (  '', '', ( #4617 ) ) ;
#1300 = DIRECTION ( 'NONE',  ( -2.900420671469659582E-16, 1.000000000000000000, -0.000000000000000000 ) ) ;
#1301 = VERTEX_POINT ( 'NONE', #5018 ) ;
#1302 = LINE ( 'NONE', #1207, #8513 ) ;
#1303 = EDGE_CURVE ( 'NONE', #6661, #3810, #7428, .T. ) ;
#1304 = COLOUR_RGB ( '',1.000000000000000000, 1.000000000000000000, 1.000000000000000000 ) ;
#1305 = ORIENTED_EDGE ( 'NONE', *, *, #8750, .F. ) ;
#1306 = DIRECTION ( 'NONE',  ( 1.000000000000000000, 0.000000000000000000, -4.370956789862819572E-15 ) ) ;
#1307 = LINE ( 'NONE', #6288, #7044 ) ;
#1308 = PLANE ( 'NONE',  #2434 ) ;
#1309 = ORIENTED_EDGE ( 'NONE', *, *, #7434, .T. ) ;
#1310 = DIRECTION ( 'NONE',  ( -1.000000000000000000, -2.175315503602243824E-16, 0.000000000000000000 ) ) ;
#1311 = CARTESIAN_POINT ( 'NONE',  ( -104.8502850181648967, 321.2873072867311635, -242.3705639130434975 ) ) ;
#1312 = ORIENTED_EDGE ( 'NONE', *, *, #4328, .F. ) ;
#1313 = CARTESIAN_POINT ( 'NONE',  ( 292.9900000000000091, 32.38825124829293145, 11.81000000000000050 ) ) ;
#1314 = ORIENTED_EDGE ( 'NONE', *, *, #8114, .T. ) ;
#1315 = EDGE_CURVE ( 'NONE', #8883, #4178, #493, .T. ) ;
#1316 = ORIENTED_EDGE ( 'NONE', *, *, #1878, .F. ) ;
#1317 = DIRECTION ( 'NONE',  ( 0.000000000000000000, -1.000000000000000000, 0.000000000000000000 ) ) ;
#1318 = DIRECTION ( 'NONE',  ( 2.014845802307676854E-15, 1.000000000000000000, 0.000000000000000000 ) ) ;
#1319 = EDGE_LOOP ( 'NONE', ( #4681, #5051, #5298, #3491 ) ) ;
#1320 = LINE ( 'NONE', #1273, #3063 ) ;
#1321 = CARTESIAN_POINT ( 'NONE',  ( -352.1190026065291363, 50.68218986821522520, 11.81000000000000050 ) ) ;
#1322 = ORIENTED_EDGE ( 'NONE', *, *, #552, .T. ) ;
#1323 = EDGE_CURVE ( 'NONE', #4178, #4218, #4665, .T. ) ;
#1324 = ORIENTED_EDGE ( 'NONE', *, *, #5108, .F. ) ;
#1325 = ORIENTED_EDGE ( 'NONE', *, *, #340, .F. ) ;
#1326 = ORIENTED_EDGE ( 'NONE', *, *, #4172, .F. ) ;
#1327 = CARTESIAN_POINT ( 'NONE',  ( 152.3999999999999773, 80.73000000000001819, 0.000000000000000000 ) ) ;
#1328 = CARTESIAN_POINT ( 'NONE',  ( -352.1190026065291363, -67.85114346511814176, 11.81000000000000050 ) ) ;
#1329 = LINE ( 'NONE', #4634, #2823 ) ;
#1330 = ORIENTED_EDGE ( 'NONE', *, *, #6178, .F. ) ;
#1331 = DIRECTION ( 'NONE',  ( 1.000000000000000000, -0.000000000000000000, 0.000000000000000000 ) ) ;
#1332 = PLANE ( 'NONE',  #8897 ) ;
#1333 = VERTEX_POINT ( 'NONE', #6753 ) ;
#1334 = CARTESIAN_POINT ( 'NONE',  ( -382.7386812835923138, -76.12781013178522471, 11.81000000000000050 ) ) ;
#1335 = ADVANCED_FACE ( 'NONE', ( #2575 ), #5397, .F. ) ;
#1336 = VERTEX_POINT ( 'NONE', #8821 ) ;
#1337 = VECTOR ( 'NONE', #3025, 1000.000000000000000 ) ;
#1338 = ORIENTED_EDGE ( 'NONE', *, *, #4776, .T. ) ;
#1339 = CARTESIAN_POINT ( 'NONE',  ( -152.3999999999999773, 80.73000000000001819, 0.000000000000000000 ) ) ;
#1340 = DIRECTION ( 'NONE',  ( -1.000000000000000000, -1.706325926237332771E-16, 0.000000000000000000 ) ) ;
#1341 = CARTESIAN_POINT ( 'NONE',  ( 267.5900000000043519, 165.0997093200683992, 0.000000000000000000 ) ) ;
#1342 = PLANE ( 'NONE',  #8163 ) ;
#1343 = CONTEXT_DEPENDENT_SHAPE_REPRESENTATION ( #722, #2651 ) ;
#1344 = SHAPE_REPRESENTATION ( 'Side_Plate', ( #3886 ), #7073 ) ;
#1345 = DIRECTION ( 'NONE',  ( 0.000000000000000000, 1.000000000000000000, 0.000000000000000000 ) ) ;
#1346 = EDGE_CURVE ( 'NONE', #1882, #8817, #2618, .T. ) ;
#1347 = EDGE_LOOP ( 'NONE', ( #5539, #1869, #4458, #259 ) ) ;
#1348 = DIRECTION ( 'NONE',  ( -0.000000000000000000, -0.000000000000000000, 1.000000000000000000 ) ) ;
#1349 = CARTESIAN_POINT ( 'NONE',  ( -165.0998546600341967, -4.665784838024212178, 0.000000000000000000 ) ) ;
#1350 = ADVANCED_FACE ( 'NONE', ( #8104 ), #1181, .T. ) ;
#1351 = CARTESIAN_POINT ( 'NONE',  ( -292.9900000000000091, -111.5450820850404625, 11.81000000000000050 ) ) ;
#1352 = CARTESIAN_POINT ( 'NONE',  ( -59.12900260652909168, -8.584476798451436963, 11.81000000000000050 ) ) ;
#1353 = DIRECTION ( 'NONE',  ( 0.000000000000000000, 0.000000000000000000, 1.000000000000000000 ) ) ;
#1354 = ORIENTED_EDGE ( 'NONE', *, *, #8926, .F. ) ;
#1355 = DIRECTION ( 'NONE',  ( -1.000000000000000000, -0.000000000000000000, -0.000000000000000000 ) ) ;
#1356 = DIRECTION ( 'NONE',  ( 0.4999999999999952260, 4.409062787713183907E-17, 0.8660254037844413721 ) ) ;
#1357 = DIRECTION ( 'NONE',  ( 0.000000000000000000, -1.000000000000000000, 0.000000000000000000 ) ) ;
#1358 = ADVANCED_FACE ( 'NONE', ( #4109 ), #6870, .F. ) ;
#1359 = ORIENTED_EDGE ( 'NONE', *, *, #7256, .T. ) ;
#1360 = ORIENTED_EDGE ( 'NONE', *, *, #4633, .T. ) ;
#1361 = DIRECTION ( 'NONE',  ( 1.000000000000000000, -0.000000000000000000, -0.000000000000000000 ) ) ;
#1362 = CARTESIAN_POINT ( 'NONE',  ( -304.8000000000000114, 66.25491791495954885, 0.000000000000000000 ) ) ;
#1363 =( LENGTH_UNIT ( ) NAMED_UNIT ( * ) SI_UNIT ( .MILLI., .METRE. ) );
#1364 = AXIS2_PLACEMENT_3D ( 'NONE', #1020, #3823, #8515 ) ;
#1365 = EDGE_CURVE ( 'NONE', #7557, #8203, #2747, .T. ) ;
#1366 = PRODUCT_DEFINITION_SHAPE ( 'NONE', 'NONE',  #8963 ) ;
#1367 = VERTEX_POINT ( 'NONE', #3435 ) ;
#1368 = CARTESIAN_POINT ( 'NONE',  ( 139.7000000000043087, 445.3897093200684481, 0.000000000000000000 ) ) ;
#1369 = LINE ( 'NONE', #4130, #5441 ) ;
#1370 = VERTEX_POINT ( 'NONE', #8276 ) ;
#1371 = ORIENTED_EDGE ( 'NONE', *, *, #5299, .F. ) ;
#1372 = CARTESIAN_POINT ( 'NONE',  ( -13.58999999999560160, 165.0997093200683992, 0.000000000000000000 ) ) ;
#1373 = VECTOR ( 'NONE', #8740, 1000.000000000000000 ) ;
#1374 = FACE_OUTER_BOUND ( 'NONE', #6558, .T. ) ;
#1375 = EDGE_CURVE ( 'NONE', #3362, #5352, #7601, .T. ) ;
#1376 = LINE ( 'NONE', #2675, #4269 ) ;
#1377 = LINE ( 'NONE', #3419, #4861 ) ;
#1378 = VECTOR ( 'NONE', #2435, 1000.000000000000000 ) ;
#1379 = VERTEX_POINT ( 'NONE', #716 ) ;
#1380 = ORIENTED_EDGE ( 'NONE', *, *, #4237, .T. ) ;
#1381 = ORIENTED_EDGE ( 'NONE', *, *, #2241, .F. ) ;
#1382 = DIRECTION ( 'NONE',  ( 0.000000000000000000, 1.000000000000000000, 0.000000000000000000 ) ) ;
#1383 = AXIS2_PLACEMENT_3D ( 'NONE', #2726, #7540, #5500 ) ;
#1384 = CARTESIAN_POINT ( 'NONE',  ( 267.5900000000000318, -99.73508208504048866, 11.81000000000000050 ) ) ;
#1385 = DIRECTION ( 'NONE',  ( 0.000000000000000000, 0.000000000000000000, 1.000000000000000000 ) ) ;
#1386 =( NAMED_UNIT ( * ) PLANE_ANGLE_UNIT ( ) SI_UNIT ( $, .RADIAN. ) );
#1387 = EDGE_CURVE ( 'NONE', #999, #4802, #3482, .T. ) ;
#1388 = CARTESIAN_POINT ( 'NONE',  ( -408.1386812835921774, -152.3278101317849860, 0.000000000000000000 ) ) ;
#1389 = LINE ( 'NONE', #2827, #2057 ) ;
#1390 = VECTOR ( 'NONE', #697, 1000.000000000000000 ) ;
#1391 = ORIENTED_EDGE ( 'NONE', *, *, #5722, .F. ) ;
#1392 = DIRECTION ( 'NONE',  ( 0.000000000000000000, 1.000000000000000000, 0.000000000000000000 ) ) ;
#1393 = DIRECTION ( 'NONE',  ( 0.000000000000000000, -1.000000000000000000, 0.000000000000000000 ) ) ;
#1394 = CARTESIAN_POINT ( 'NONE',  ( 279.4000000000043542, 139.6997093200683935, 11.81000000000000050 ) ) ;
#1395 = DIRECTION ( 'NONE',  ( -0.000000000000000000, 1.000000000000000000, 0.000000000000000000 ) ) ;
#1396 = VERTEX_POINT ( 'NONE', #1349 ) ;
#1397 = EDGE_CURVE ( 'NONE', #2735, #2499, #2790, .T. ) ;
#1398 = DIRECTION ( 'NONE',  ( -1.000000000000000000, 0.000000000000000000, 0.000000000000000000 ) ) ;
#1399 = VECTOR ( 'NONE', #2986, 1000.000000000000000 ) ;
#1400 = CARTESIAN_POINT ( 'NONE',  ( 716.6960839177427260, 304.8001453399657521, 588.8151639641610018 ) ) ;
#1401 = EDGE_CURVE ( 'NONE', #8588, #7875, #8234, .T. ) ;
#1402 = VECTOR ( 'NONE', #2560, 1000.000000000000000 ) ;
#1403 = ORIENTED_EDGE ( 'NONE', *, *, #8188, .F. ) ;
#1404 = VERTEX_POINT ( 'NONE', #7985 ) ;
#1405 = DIRECTION ( 'NONE',  ( 0.000000000000000000, -1.000000000000000000, 0.000000000000000000 ) ) ;
#1406 = FACE_OUTER_BOUND ( 'NONE', #1154, .T. ) ;
#1407 = EDGE_CURVE ( 'NONE', #8823, #6938, #337, .T. ) ;
#1408 = DIRECTION ( 'NONE',  ( 0.000000000000000000, 0.000000000000000000, 1.000000000000000000 ) ) ;
#1409 = VECTOR ( 'NONE', #8493, 1000.000000000000000 ) ;
#1410 = VECTOR ( 'NONE', #3413, 1000.000000000000000 ) ;
#1411 = CARTESIAN_POINT ( 'NONE',  ( -457.1999999999999886, 71.53421516197580843, 11.81000000000000050 ) ) ;
#1412 = VERTEX_POINT ( 'NONE', #3784 ) ;
#1413 = ORIENTED_EDGE ( 'NONE', *, *, #3776, .F. ) ;
#1414 = VECTOR ( 'NONE', #1155, 1000.000000000000000 ) ;
#1415 = ORIENTED_EDGE ( 'NONE', *, *, #8133, .F. ) ;
#1417 = CARTESIAN_POINT ( 'NONE',  ( 279.4000000000043542, 139.6997093200683935, 0.000000000000000000 ) ) ;
#1416 = COLOUR_RGB ( '',1.000000000000000000, 1.000000000000000000, 1.000000000000000000 ) ;
#1418 = ADVANCED_FACE ( 'NONE', ( #7308 ), #7226, .T. ) ;
#1419 = FACE_OUTER_BOUND ( 'NONE', #3363, .T. ) ;
#1420 = DIRECTION ( 'NONE',  ( -1.000000000000000000, -1.706325926237332771E-16, 0.000000000000000000 ) ) ;
#1421 = PRODUCT_DEFINITION_SHAPE ( 'NONE', 'NONE',  #8944 ) ;
#1422 = VECTOR ( 'NONE', #6664, 1000.000000000000000 ) ;
#1423 = VECTOR ( 'NONE', #8717, 1000.000000000000000 ) ;
#1424 = CARTESIAN_POINT ( 'NONE',  ( -13.58999999999560160, -115.1902906799316355, 0.000000000000000000 ) ) ;
#1425 = LINE ( 'NONE', #4186, #82 ) ;
#1426 = ORIENTED_EDGE ( 'NONE', *, *, #5050, .F. ) ;
#1427 = DIRECTION ( 'NONE',  ( -2.185478394931409786E-15, 1.000000000000000000, 0.000000000000000000 ) ) ;
#1428 = ORIENTED_EDGE ( 'NONE', *, *, #1397, .T. ) ;
#1429 = VERTEX_POINT ( 'NONE', #1156 ) ;
#1430 = PLANE ( 'NONE',  #7491 ) ;
#1431 = EDGE_CURVE ( 'NONE', #5493, #5902, #4006, .T. ) ;
#1432 = VECTOR ( 'NONE', #2304, 1000.000000000000000 ) ;
#1433 = VECTOR ( 'NONE', #3236, 1000.000000000000000 ) ;
#1434 = FACE_OUTER_BOUND ( 'NONE', #5289, .T. ) ;
#1435 = DIRECTION ( 'NONE',  ( -1.000000000000000000, -1.706325926237332771E-16, 0.000000000000000000 ) ) ;
#1436 =( NAMED_UNIT ( * ) PLANE_ANGLE_UNIT ( ) SI_UNIT ( $, .RADIAN. ) );
#1437 = DIRECTION ( 'NONE',  ( 1.000000000000000000, 0.000000000000000000, -0.000000000000000000 ) ) ;
#1438 = AXIS2_PLACEMENT_3D ( 'NONE', #5743, #3565, #2198 ) ;
#1439 = DIRECTION ( 'NONE',  ( 0.000000000000000000, -0.000000000000000000, 1.000000000000000000 ) ) ;
#1440 = EDGE_LOOP ( 'NONE', ( #272, #2592, #1381, #476 ) ) ;
#1441 = LINE ( 'NONE', #4152, #99 ) ;
#1442 = CARTESIAN_POINT ( 'NONE',  ( -292.9900000000000091, 91.65491791495954033, 11.81000000000000050 ) ) ;
#1443 = DIRECTION ( 'NONE',  ( 1.000000000000000000, -9.106159978880874930E-17, 0.000000000000000000 ) ) ;
#1444 = ORIENTED_EDGE ( 'NONE', *, *, #3356, .F. ) ;
#1445 =( GEOMETRIC_REPRESENTATION_CONTEXT ( 3 ) GLOBAL_UNCERTAINTY_ASSIGNED_CONTEXT ( ( #7365 ) ) GLOBAL_UNIT_ASSIGNED_CONTEXT ( ( #5597, #2190, #3557 ) ) REPRESENTATION_CONTEXT ( 'NONE', 'WORKASPACE' ) );
#1446 = CARTESIAN_POINT ( 'NONE',  ( 140.5900000000000034, -292.9900000000000091, 0.000000000000000000 ) ) ;
#1447 = PRODUCT_CONTEXT ( 'NONE', #6039, 'mechanical' ) ;
#1448 = AXIS2_PLACEMENT_3D ( 'NONE', #7328, #3931, #8723 ) ;
#1449 = EDGE_CURVE ( 'NONE', #5840, #5820, #3237, .T. ) ;
#1450 = LINE ( 'NONE', #167, #5314 ) ;
#1451 = VERTEX_POINT ( 'NONE', #4057 ) ;
#1452 = ORIENTED_EDGE ( 'NONE', *, *, #3341, .F. ) ;
#1453 = CARTESIAN_POINT ( 'NONE',  ( 115.1902906799316355, -4.665784838024267245, 0.000000000000000000 ) ) ;
#1454 = LINE ( 'NONE', #5666, #6062 ) ;
#1455 = DIRECTION ( 'NONE',  ( -0.000000000000000000, 0.000000000000000000, 1.000000000000000000 ) ) ;
#1456 = SURFACE_SIDE_STYLE ('',( #2168 ) ) ;
#1457 = ORIENTED_EDGE ( 'NONE', *, *, #5259, .F. ) ;
#1458 = DIRECTION ( 'NONE',  ( 0.000000000000000000, 0.000000000000000000, 1.000000000000000000 ) ) ;
#1459 = EDGE_CURVE ( 'NONE', #1659, #1333, #469, .T. ) ;
#1460 = VERTEX_POINT ( 'NONE', #5221 ) ;
#1461 = DIRECTION ( 'NONE',  ( 0.000000000000000000, 0.000000000000000000, 1.000000000000000000 ) ) ;
#1462 = EDGE_CURVE ( 'NONE', #4337, #5729, #8170, .T. ) ;
#1463 = LINE ( 'NONE', #6979, #116 ) ;
#1464 = CARTESIAN_POINT ( 'NONE',  ( 139.7000000000043087, -152.4002906799316861, 11.81000000000000050 ) ) ;
#1465 = DIRECTION ( 'NONE',  ( -0.000000000000000000, -0.000000000000000000, 1.000000000000000000 ) ) ;
#1466 = ORIENTED_EDGE ( 'NONE', *, *, #1449, .F. ) ;
#1467 = PLANE ( 'NONE',  #6716 ) ;
#1468 = ORIENTED_EDGE ( 'NONE', *, *, #3018, .T. ) ;
#1469 = ORIENTED_EDGE ( 'NONE', *, *, #1099, .T. ) ;
#1470 = LINE ( 'NONE', #5003, #1270 ) ;
#1471 = VECTOR ( 'NONE', #6182, 1000.000000000000000 ) ;
#1472 = CARTESIAN_POINT ( 'NONE',  ( -445.3899999999999864, 71.53421516197580843, 11.81000000000000050 ) ) ;
#1473 = LINE ( 'NONE', #4325, #6905 ) ;
#1474 = ADVANCED_FACE ( 'NONE', ( #3284 ), #7503, .F. ) ;
#1475 = AXIS2_PLACEMENT_3D ( 'NONE', #4507, #2554, #7316 ) ;
#1476 = CARTESIAN_POINT ( 'NONE',  ( 140.5902906799316270, 96.93421516197595622, 11.81000000000000050 ) ) ;
#1477 = ORIENTED_EDGE ( 'NONE', *, *, #5099, .T. ) ;
#1478 = DIRECTION ( 'NONE',  ( -1.000000000000000000, 9.106159978880874930E-17, 0.000000000000000000 ) ) ;
#1479 = CARTESIAN_POINT ( 'NONE',  ( -304.8000000000000114, -52.27841541837379680, 0.000000000000000000 ) ) ;
#1480 = VECTOR ( 'NONE', #8401, 1000.000000000000000 ) ;
#1481 = CARTESIAN_POINT ( 'NONE',  ( 127.0000000000001137, -304.8000000000000114, 0.000000000000000000 ) ) ;
#1482 = CARTESIAN_POINT ( 'NONE',  ( -445.3899999999999864, 33.43421516197582832, 0.000000000000000000 ) ) ;
#1483 = APPLICATION_PROTOCOL_DEFINITION ( 'draft international standard', 'automotive_design', 1998, #1106 ) ;
#1484 = EDGE_CURVE ( 'NONE', #6774, #999, #6191, .T. ) ;
#1485 = ORIENTED_EDGE ( 'NONE', *, *, #6135, .F. ) ;
#1486 = DIRECTION ( 'NONE',  ( -1.252096997096120642E-16, 1.000000000000000000, 0.000000000000000000 ) ) ;
#1487 = ORIENTED_EDGE ( 'NONE', *, *, #1099, .F. ) ;
#1488 = EDGE_LOOP ( 'NONE', ( #5838, #8795, #5895, #4696 ) ) ;
#1489 = LINE ( 'NONE', #6931, #2001 ) ;
#1490 = PLANE ( 'NONE',  #993 ) ;
#1491 = CARTESIAN_POINT ( 'NONE',  ( -59.12900260652914852, -33.98447679845144620, 11.81000000000000050 ) ) ;
#1492 = CARTESIAN_POINT ( 'NONE',  ( 0.000000000000000000, 0.000000000000000000, 0.000000000000000000 ) ) ;
#1493 = EDGE_CURVE ( 'NONE', #6802, #8000, #1295, .T. ) ;
#1494 = CARTESIAN_POINT ( 'NONE',  ( -394.5486812835924297, -114.2278101317851764, 11.81000000000000050 ) ) ;
#1495 = ORIENTED_EDGE ( 'NONE', *, *, #6315, .T. ) ;
#1496 = VERTEX_POINT ( 'NONE', #2737 ) ;
#1497 = CARTESIAN_POINT ( 'NONE',  ( -445.3899999999999864, 71.53421516197580843, 0.000000000000000000 ) ) ;
#1498 = DIRECTION ( 'NONE',  ( -1.836970198721756672E-16, -1.000000000000000000, 0.000000000000000000 ) ) ;
#1499 = VECTOR ( 'NONE', #7451, 1000.000000000000000 ) ;
#1500 = EDGE_CURVE ( 'NONE', #2578, #1930, #2595, .T. ) ;
#1501 = CARTESIAN_POINT ( 'NONE',  ( -33.86666666666661740, 304.8000000000000114, 0.000000000000000000 ) ) ;
#1502 = ORIENTED_EDGE ( 'NONE', *, *, #7595, .T. ) ;
#1503 = DIRECTION ( 'NONE',  ( 1.000000000000000000, 0.000000000000000000, -0.000000000000000000 ) ) ;
#1504 = DIRECTION ( 'NONE',  ( 0.000000000000000000, 0.000000000000000000, -1.000000000000000000 ) ) ;
#1505 = EDGE_CURVE ( 'NONE', #7240, #4629, #7406, .T. ) ;
#1506 = DIRECTION ( 'NONE',  ( 0.000000000000000000, 0.000000000000000000, 1.000000000000000000 ) ) ;
#1507 = AXIS2_PLACEMENT_3D ( 'NONE', #6300, #3626, #8463 ) ;
#1508 = VERTEX_POINT ( 'NONE', #4735 ) ;
#1509 = DIRECTION ( 'NONE',  ( -1.000000000000000000, 0.000000000000000000, 0.000000000000000000 ) ) ;
#1510 = DIRECTION ( 'NONE',  ( -0.000000000000000000, -1.000000000000000000, -0.000000000000000000 ) ) ;
#1511 = DIRECTION ( 'NONE',  ( 0.000000000000000000, -1.000000000000000000, 0.000000000000000000 ) ) ;
#1512 = DIRECTION ( 'NONE',  ( -0.000000000000000000, -0.000000000000000000, 1.000000000000000000 ) ) ;
#1513 = SURFACE_SIDE_STYLE ('',( #5511 ) ) ;
#1514 = ADVANCED_FACE ( 'NONE', ( #2638 ), #6819, .T. ) ;
#1515 = DIRECTION ( 'NONE',  ( -2.175315503602243824E-16, 1.000000000000000000, -0.000000000000000000 ) ) ;
#1516 = AXIS2_PLACEMENT_3D ( 'NONE', #7054, #2159, #2199 ) ;
#1517 = EDGE_CURVE ( 'NONE', #3852, #4666, #1965, .T. ) ;
#1518 = CARTESIAN_POINT ( 'NONE',  ( -233.5856692731958617, -152.5178101317848416, 11.81000000000000050 ) ) ;
#1519 = ORIENTED_EDGE ( 'NONE', *, *, #7286, .F. ) ;
#1520 = LINE ( 'NONE', #4285, #8916 ) ;
#1521 =( REPRESENTATION_RELATIONSHIP ('NONE','NONE', #853, #746 ) REPRESENTATION_RELATIONSHIP_WITH_TRANSFORMATION ( #8173 )SHAPE_REPRESENTATION_RELATIONSHIP( ) );
#1522 =( GEOMETRIC_REPRESENTATION_CONTEXT ( 3 ) GLOBAL_UNCERTAINTY_ASSIGNED_CONTEXT ( ( #570 ) ) GLOBAL_UNIT_ASSIGNED_CONTEXT ( ( #3541, #7798, #2264 ) ) REPRESENTATION_CONTEXT ( 'NONE', 'WORKASPACE' ) );
#1523 = EDGE_CURVE ( 'NONE', #4187, #7664, #6685, .T. ) ;
#1524 = DIRECTION ( 'NONE',  ( 0.000000000000000000, 0.000000000000000000, 1.000000000000000000 ) ) ;
#1525 = LINE ( 'NONE', #718, #4906 ) ;
#1526 = PLANE ( 'NONE',  #7009 ) ;
#1527 = ITEM_DEFINED_TRANSFORMATION ( 'NONE', 'NONE', #8806,  #3886 ) ;
#1528 = VECTOR ( 'NONE', #4778, 1000.000000000000000 ) ;
#1529 = EDGE_LOOP ( 'NONE', ( #690, #7656, #4720, #5506 ) ) ;
#1530 = FACE_OUTER_BOUND ( 'NONE', #5286, .T. ) ;
#1531 = ORIENTED_EDGE ( 'NONE', *, *, #3367, .T. ) ;
#1532 = ORIENTED_EDGE ( 'NONE', *, *, #6227, .F. ) ;
#1533 = CARTESIAN_POINT ( 'NONE',  ( 152.3999999999999773, 267.5900000000000318, 11.81000000000000050 ) ) ;
#1534 = VECTOR ( 'NONE', #2129, 1000.000000000000000 ) ;
#1535 = EDGE_CURVE ( 'NONE', #1218, #3970, #6057, .T. ) ;
#1536 = DIRECTION ( 'NONE',  ( -0.000000000000000000, -0.000000000000000000, 1.000000000000000000 ) ) ;
#1537 = CARTESIAN_POINT ( 'NONE',  ( -140.5900000000000034, 106.1299999999999955, 0.000000000000000000 ) ) ;
#1538 = CARTESIAN_POINT ( 'NONE',  ( -687.5386812835920409, -152.3278101317851565, 11.81000000000000050 ) ) ;
#1539 = DIRECTION ( 'NONE',  ( 0.000000000000000000, 0.000000000000000000, 1.000000000000000000 ) ) ;
#1540 = LINE ( 'NONE', #4173, #8620 ) ;
#1541 = VECTOR ( 'NONE', #6352, 1000.000000000000000 ) ;
#1542 = ORIENTED_EDGE ( 'NONE', *, *, #567, .F. ) ;
#1543 = VERTEX_POINT ( 'NONE', #6008 ) ;
#1544 = DIRECTION ( 'NONE',  ( -0.000000000000000000, -1.000000000000000000, -0.000000000000000000 ) ) ;
#1545 = CARTESIAN_POINT ( 'NONE',  ( -352.1190026065291363, 50.68218986821522520, 0.000000000000000000 ) ) ;
#1546 = VECTOR ( 'NONE', #3207, 1000.000000000000000 ) ;
#1547 = DIRECTION ( 'NONE',  ( -0.000000000000000000, -0.000000000000000000, 1.000000000000000000 ) ) ;
#1548 = EDGE_LOOP ( 'NONE', ( #5682, #323, #4189, #8632 ) ) ;
#1549 = FILL_AREA_STYLE ('',( #918 ) ) ;
#1550 = CARTESIAN_POINT ( 'NONE',  ( -675.7286812835920955, -126.9278101317851366, 0.000000000000000000 ) ) ;
#1551 = LINE ( 'NONE', #2143, #4250 ) ;
#1552 = VECTOR ( 'NONE', #7360, 1000.000000000000000 ) ;
#1553 = VECTOR ( 'NONE', #7504, 1000.000000000000000 ) ;
#1554 = ORIENTED_EDGE ( 'NONE', *, *, #6197, .T. ) ;
#1555 = EDGE_CURVE ( 'NONE', #2257, #6696, #4785, .T. ) ;
#1556 = VERTEX_POINT ( 'NONE', #4640 ) ;
#1557 = FACE_OUTER_BOUND ( 'NONE', #7294, .T. ) ;
#1558 = CARTESIAN_POINT ( 'NONE',  ( -292.9900000000000091, 66.25491791495954885, 0.000000000000000000 ) ) ;
#1559 = CARTESIAN_POINT ( 'NONE',  ( -304.8000000000000114, 6.988251248292873363, 0.000000000000000000 ) ) ;
#1560 = CARTESIAN_POINT ( 'NONE',  ( -25.39999999999560387, 139.6997093200683935, 0.000000000000000000 ) ) ;
#1561 = EDGE_CURVE ( 'NONE', #7843, #17, #8224, .T. ) ;
#1562 = VECTOR ( 'NONE', #8158, 1000.000000000000000 ) ;
#1563 = AXIS2_PLACEMENT_3D ( 'NONE', #274, #6440, #7922 ) ;
#1564 = ORIENTED_EDGE ( 'NONE', *, *, #4319, .F. ) ;
#1565 = VECTOR ( 'NONE', #6789, 1000.000000000000000 ) ;
#1566 = ADVANCED_FACE ( 'NONE', ( #6728 ), #4099, .T. ) ;
#1567 = DIRECTION ( 'NONE',  ( -2.175315503602243824E-16, 1.000000000000000000, -0.000000000000000000 ) ) ;
#1568 = VECTOR ( 'NONE', #6831, 1000.000000000000000 ) ;
#1569 = DIRECTION ( 'NONE',  ( 2.937719688360373903E-16, 1.000000000000000000, 0.000000000000000000 ) ) ;
#1570 = ADVANCED_FACE ( 'NONE', ( #2546 ), #8124, .F. ) ;
#1571 = CARTESIAN_POINT ( 'NONE',  ( 114.3000000000043030, 445.3897093200683912, 0.000000000000000000 ) ) ;
#1572 = FACE_OUTER_BOUND ( 'NONE', #3642, .T. ) ;
#1573 = FACE_OUTER_BOUND ( 'NONE', #4341, .T. ) ;
#1574 = APPLICATION_PROTOCOL_DEFINITION ( 'draft international standard', 'automotive_design', 1998, #4819 ) ;
#1575 = APPLICATION_CONTEXT ( 'automotive_design' ) ;
#1576 = VERTEX_POINT ( 'NONE', #834 ) ;
#1577 = EDGE_CURVE ( 'NONE', #6242, #2620, #5006, .T. ) ;
#1578 = LINE ( 'NONE', #8372, #7195 ) ;
#1579 = VERTEX_POINT ( 'NONE', #2149 ) ;
#1580 = STYLED_ITEM ( 'NONE', ( #2761 ), #2989 ) ;
#1581 = ORIENTED_EDGE ( 'NONE', *, *, #2599, .F. ) ;
#1582 = DIRECTION ( 'NONE',  ( 0.000000000000000000, -0.000000000000000000, 1.000000000000000000 ) ) ;
#1583 = LINE ( 'NONE', #1627, #6034 ) ;
#1584 = LINE ( 'NONE', #2208, #4031 ) ;
#1585 = LINE ( 'NONE', #7740, #3969 ) ;
#1586 = AXIS2_PLACEMENT_3D ( 'NONE', #8767, #484, #1170 ) ;
#1587 = LINE ( 'NONE', #3580, #86 ) ;
#1588 = EDGE_CURVE ( 'NONE', #4052, #5740, #3647, .T. ) ;
#1589 = ORIENTED_EDGE ( 'NONE', *, *, #562, .F. ) ;
#1590 = LINE ( 'NONE', #2353, #1836 ) ;
#1591 = LINE ( 'NONE', #7120, #4026 ) ;
#1592 = PRODUCT_DEFINITION_FORMATION_WITH_SPECIFIED_SOURCE ( 'ANY', '', #7137, .NOT_KNOWN. ) ;
#1593 = DIRECTION ( 'NONE',  ( 0.000000000000000000, 0.000000000000000000, 1.000000000000000000 ) ) ;
#1594 = EDGE_CURVE ( 'NONE', #5803, #7745, #6910, .T. ) ;
#1595 = EDGE_LOOP ( 'NONE', ( #7023, #1150, #3618, #6122 ) ) ;
#1596 = CARTESIAN_POINT ( 'NONE',  ( -25.40000000000000213, 11.81000000000000050, -164.2100000000000364 ) ) ;
#1597 = CARTESIAN_POINT ( 'NONE',  ( -25.39999999999567493, 457.1997093200683935, 11.81000000000000050 ) ) ;
#1598 = EDGE_LOOP ( 'NONE', ( #1030, #8794, #1084, #3957 ) ) ;
#1599 = DIRECTION ( 'NONE',  ( -1.836970198721756426E-16, -1.000000000000000000, 0.000000000000000000 ) ) ;
#1600 = LINE ( 'NONE', #7802, #4535 ) ;
#1601 = ORIENTED_EDGE ( 'NONE', *, *, #3874, .T. ) ;
#1602 = ORIENTED_EDGE ( 'NONE', *, *, #505, .F. ) ;
#1603 = CARTESIAN_POINT ( 'NONE',  ( 106.1299999999999955, -111.5450820850404767, 11.81000000000000050 ) ) ;
#1604 = DIRECTION ( 'NONE',  ( 1.000000000000000000, 0.000000000000000000, 0.000000000000000000 ) ) ;
#1605 = DIRECTION ( 'NONE',  ( 0.000000000000000000, 0.000000000000000000, 1.000000000000000000 ) ) ;
#1606 = FILL_AREA_STYLE ('',( #6372 ) ) ;
#1607 = EDGE_CURVE ( 'NONE', #7745, #4488, #60, .T. ) ;
#1608 = DIRECTION ( 'NONE',  ( 0.000000000000000000, -1.000000000000000000, 0.000000000000000000 ) ) ;
#1609 = ORIENTED_EDGE ( 'NONE', *, *, #6909, .T. ) ;
#1610 = AXIS2_PLACEMENT_3D ( 'NONE', #4138, #1331, #3418 ) ;
#1611 = LINE ( 'NONE', #3099, #2847 ) ;
#1612 = LINE ( 'NONE', #5833, #2256 ) ;
#1613 =( LENGTH_UNIT ( ) NAMED_UNIT ( * ) SI_UNIT ( .MILLI., .METRE. ) );
#1614 = LINE ( 'NONE', #7141, #8443 ) ;
#1615 = LINE ( 'NONE', #5019, #1079 ) ;
#1616 = SHAPE_DEFINITION_REPRESENTATION ( #4169, #1344 ) ;
#1617 = AXIS2_PLACEMENT_3D ( 'NONE', #8389, #1503, #8432 ) ;
#1618 = ADVANCED_FACE ( 'NONE', ( #6952 ), #8398, .F. ) ;
#1619 = DIRECTION ( 'NONE',  ( 0.000000000000000000, 1.000000000000000000, 0.000000000000000000 ) ) ;
#1620 = ORIENTED_EDGE ( 'NONE', *, *, #4971, .F. ) ;
#1621 = EDGE_CURVE ( 'NONE', #4795, #482, #3474, .T. ) ;
#1622 = CARTESIAN_POINT ( 'NONE',  ( -233.5856692731958617, -152.5178101317848416, 0.000000000000000000 ) ) ;
#1623 = ORIENTED_EDGE ( 'NONE', *, *, #1114, .T. ) ;
#1624 = VECTOR ( 'NONE', #3278, 1000.000000000000000 ) ;
#1625 = VERTEX_POINT ( 'NONE', #2188 ) ;
#1626 = CARTESIAN_POINT ( 'NONE',  ( 152.4002906799316008, 71.53421516197586527, 0.000000000000000000 ) ) ;
#1627 = CARTESIAN_POINT ( 'NONE',  ( -59.12900260652919826, 25.28218986821523373, 0.000000000000000000 ) ) ;
#1628 = LINE ( 'NONE', #6299, #7067 ) ;
#1629 = CARTESIAN_POINT ( 'NONE',  ( 140.5902906799316270, 33.43421516197586385, 11.81000000000000050 ) ) ;
#1630 = LINE ( 'NONE', #4392, #2249 ) ;
#1631 = VERTEX_POINT ( 'NONE', #4958 ) ;
#1632 = ORIENTED_EDGE ( 'NONE', *, *, #2512, .T. ) ;
#1633 = DIRECTION ( 'NONE',  ( -1.000000000000000000, -1.706325926237332771E-16, 0.000000000000000000 ) ) ;
#1634 = CARTESIAN_POINT ( 'NONE',  ( -25.40000000000000213, 0.000000000000000000, -164.2100000000000364 ) ) ;
#1635 = ADVANCED_FACE ( 'NONE', ( #4917 ), #7591, .T. ) ;
#1636 = PRODUCT ( 'Side_Plate', 'Side_Plate', '', ( #8501 ) ) ;
#1637 = EDGE_LOOP ( 'NONE', ( #7735, #4782, #6711, #3055 ) ) ;
#1638 = DIRECTION ( 'NONE',  ( -1.000000000000000000, 0.000000000000000000, 0.000000000000000000 ) ) ;
#1639 = PLANE ( 'NONE',  #1964 ) ;
#1640 = ORIENTED_EDGE ( 'NONE', *, *, #4154, .T. ) ;
#1641 = ORIENTED_EDGE ( 'NONE', *, *, #1022, .F. ) ;
#1642 = ORIENTED_EDGE ( 'NONE', *, *, #4030, .F. ) ;
#1643 = ADVANCED_FACE ( 'NONE', ( #4277 ), #6236, .F. ) ;
#1644 = DIRECTION ( 'NONE',  ( -1.000000000000000000, -2.937719688360373903E-16, 0.000000000000000000 ) ) ;
#1645 = DIRECTION ( 'NONE',  ( -0.000000000000000000, -0.000000000000000000, 1.000000000000000000 ) ) ;
#1646 = CARTESIAN_POINT ( 'NONE',  ( 152.4002906799316008, 33.43421516197587096, 0.000000000000000000 ) ) ;
#1647 = CARTESIAN_POINT ( 'NONE',  ( -59.26666666666662309, 304.8000000000000114, 0.000000000000000000 ) ) ;
#1648 = AXIS2_PLACEMENT_3D ( 'NONE', #7128, #3597, #1506 ) ;
#1649 = CARTESIAN_POINT ( 'NONE',  ( 139.7000000000043087, -140.5902906799316838, 0.000000000000000000 ) ) ;
#1650 = VERTEX_POINT ( 'NONE', #7039 ) ;
#1651 = DIRECTION ( 'NONE',  ( 0.000000000000000000, 1.000000000000000000, 0.000000000000000000 ) ) ;
#1652 = AXIS2_PLACEMENT_3D ( 'NONE', #2585, #3273, #3230 ) ;
#1653 = CARTESIAN_POINT ( 'NONE',  ( -687.5386812835920409, -50.72781013178524034, 11.81000000000000050 ) ) ;
#1654 = DIRECTION ( 'NONE',  ( -2.900420671469659582E-16, 1.000000000000000000, -0.000000000000000000 ) ) ;
#1655 = CARTESIAN_POINT ( 'NONE',  ( -140.5900000000000034, 106.1299999999999955, 11.81000000000000050 ) ) ;
#1656 = CONTEXT_DEPENDENT_SHAPE_REPRESENTATION ( #7420, #992 ) ;
#1657 =( NAMED_UNIT ( * ) SI_UNIT ( $, .STERADIAN. ) SOLID_ANGLE_UNIT ( ) );
#1658 = AXIS2_PLACEMENT_3D ( 'NONE', #2836, #8543, #4969 ) ;
#1659 = VERTEX_POINT ( 'NONE', #8484 ) ;
#1660 = VERTEX_POINT ( 'NONE', #3603 ) ;
#1661 = ORIENTED_EDGE ( 'NONE', *, *, #8553, .T. ) ;
#1662 = EDGE_CURVE ( 'NONE', #5424, #6272, #6370, .T. ) ;
#1663 = LINE ( 'NONE', #2303, #966 ) ;
#1664 = CARTESIAN_POINT ( 'NONE',  ( -304.8000000000000114, 32.38825124829288171, 0.000000000000000000 ) ) ;
#1665 = LINE ( 'NONE', #5120, #7003 ) ;
#1666 = VECTOR ( 'NONE', #5999, 1000.000000000000000 ) ;
#1667 = DIRECTION ( 'NONE',  ( 0.000000000000000000, 0.000000000000000000, 1.000000000000000000 ) ) ;
#1668 = EDGE_CURVE ( 'NONE', #6189, #2578, #105, .T. ) ;
#1669 = LINE ( 'NONE', #7470, #813 ) ;
#1670 = VECTOR ( 'NONE', #915, 1000.000000000000000 ) ;
#1671 = ORIENTED_EDGE ( 'NONE', *, *, #5384, .F. ) ;
#1672 = ORIENTED_EDGE ( 'NONE', *, *, #5233, .T. ) ;
#1673 = PRESENTATION_STYLE_ASSIGNMENT (( #7876 ) ) ;
#1674 = PLANE ( 'NONE',  #255 ) ;
#1675 = VECTOR ( 'NONE', #5982, 1000.000000000000000 ) ;
#1676 = VERTEX_POINT ( 'NONE', #1384 ) ;
#1677 = CARTESIAN_POINT ( 'NONE',  ( 59.26666666666674388, 304.8000000000000114, 0.000000000000000000 ) ) ;
#1678 = DIRECTION ( 'NONE',  ( 1.000000000000000000, 0.000000000000000000, -0.000000000000000000 ) ) ;
#1679 = ORIENTED_EDGE ( 'NONE', *, *, #8538, .T. ) ;
#1680 = ORIENTED_EDGE ( 'NONE', *, *, #6468, .F. ) ;
#1681 = VERTEX_POINT ( 'NONE', #1472 ) ;
#1682 = ADVANCED_FACE ( 'NONE', ( #1434 ), #8309, .F. ) ;
#1683 = VECTOR ( 'NONE', #1074, 1000.000000000000000 ) ;
#1684 = LINE ( 'NONE', #924, #4015 ) ;
#1685 = FACE_OUTER_BOUND ( 'NONE', #3192, .T. ) ;
#1686 = LINE ( 'NONE', #3738, #1956 ) ;
#1687 = VECTOR ( 'NONE', #2465, 1000.000000000000000 ) ;
#1688 = VECTOR ( 'NONE', #4100, 1000.000000000000000 ) ;
#1689 = ORIENTED_EDGE ( 'NONE', *, *, #761, .F. ) ;
#1690 = ORIENTED_EDGE ( 'NONE', *, *, #685, .F. ) ;
#1691 = ORIENTED_EDGE ( 'NONE', *, *, #6315, .F. ) ;
#1692 = EDGE_CURVE ( 'NONE', #3804, #3970, #5689, .T. ) ;
#1693 = PLANE ( 'NONE',  #2261 ) ;
#1694 = VECTOR ( 'NONE', #7061, 1000.000000000000000 ) ;
#1695 = VECTOR ( 'NONE', #5718, 1000.000000000000000 ) ;
#1696 = CARTESIAN_POINT ( 'NONE',  ( -292.9900000000000091, -111.5450820850404625, 0.000000000000000000 ) ) ;
#1697 = CARTESIAN_POINT ( 'NONE',  ( -59.26666666666662309, -304.8000000000000114, 0.000000000000000000 ) ) ;
#1698 = CARTESIAN_POINT ( 'NONE',  ( -47.31900260652908941, 50.68218986821523941, 11.81000000000000050 ) ) ;
#1699 = CONTEXT_DEPENDENT_SHAPE_REPRESENTATION ( #8400, #6346 ) ;
#1700 = EDGE_CURVE ( 'NONE', #1267, #7472, #884, .T. ) ;
#1701 = AXIS2_PLACEMENT_3D ( 'NONE', #8112, #5185, #503 ) ;
#1702 = VECTOR ( 'NONE', #669, 1000.000000000000000 ) ;
#1703 = ORIENTED_EDGE ( 'NONE', *, *, #3464, .T. ) ;
#1704 = CARTESIAN_POINT ( 'NONE',  ( -352.1190026065291363, -140.7078101317848393, 0.000000000000000000 ) ) ;
#1705 = ORIENTED_EDGE ( 'NONE', *, *, #6658, .T. ) ;
#1706 = ORIENTED_EDGE ( 'NONE', *, *, #3306, .F. ) ;
#1707 = FACE_OUTER_BOUND ( 'NONE', #7943, .T. ) ;
#1708 = CARTESIAN_POINT ( 'NONE',  ( -59.12900260652909168, -67.85114346511811334, 0.000000000000000000 ) ) ;
#1709 = CARTESIAN_POINT ( 'NONE',  ( -304.8000000000000114, -86.14508208504045683, 11.81000000000000050 ) ) ;
#1710 = PRODUCT_DEFINITION_SHAPE ( 'NONE', 'NONE',  #8941 ) ;
#1711 = VECTOR ( 'NONE', #7238, 1000.000000000000000 ) ;
#1712 = CARTESIAN_POINT ( 'NONE',  ( 140.5902906799316270, 96.93421516197595622, 0.000000000000000000 ) ) ;
#1713 = DIRECTION ( 'NONE',  ( 1.000000000000000000, 5.990412499022058397E-30, -2.081668171172187742E-16 ) ) ;
#1714 = EDGE_CURVE ( 'NONE', #7993, #4890, #5595, .T. ) ;
#1715 = LINE ( 'NONE', #5254, #7176 ) ;
#1716 = ORIENTED_EDGE ( 'NONE', *, *, #4041, .T. ) ;
#1717 = ORIENTED_EDGE ( 'NONE', *, *, #8926, .T. ) ;
#1718 = CARTESIAN_POINT ( 'NONE',  ( -304.8000000000000114, 6.988251248292873363, 0.000000000000000000 ) ) ;
#1719 = DIRECTION ( 'NONE',  ( -0.000000000000000000, -1.000000000000000000, -0.000000000000000000 ) ) ;
#1720 = MECHANICAL_DESIGN_GEOMETRIC_PRESENTATION_REPRESENTATION (  '', ( #4617 ), #6795 ) ;
#1721 = EDGE_CURVE ( 'NONE', #7984, #7769, #2228, .T. ) ;
#1722 = VERTEX_POINT ( 'NONE', #5912 ) ;
#1723 = SURFACE_STYLE_USAGE ( .BOTH. , #2316 ) ;
#1724 = LINE ( 'NONE', #4486, #8186 ) ;
#1725 = ORIENTED_EDGE ( 'NONE', *, *, #4275, .F. ) ;
#1726 = ORIENTED_EDGE ( 'NONE', *, *, #6135, .T. ) ;
#1727 = ORIENTED_EDGE ( 'NONE', *, *, #2899, .T. ) ;
#1728 = EDGE_CURVE ( 'NONE', #1288, #2905, #239, .T. ) ;
#1729 = LINE ( 'NONE', #3815, #1834 ) ;
#1730 = LINE ( 'NONE', #4492, #5855 ) ;
#1731 = PLANE ( 'NONE',  #5726 ) ;
#1732 = DIRECTION ( 'NONE',  ( 1.000000000000000000, 0.000000000000000000, 1.092739197465705287E-15 ) ) ;
#1733 = EDGE_CURVE ( 'NONE', #3716, #4791, #1730, .T. ) ;
#1734 = ORIENTED_EDGE ( 'NONE', *, *, #7444, .T. ) ;
#1735 = DIRECTION ( 'NONE',  ( 0.000000000000000000, 0.000000000000000000, -1.000000000000000000 ) ) ;
#1736 = ORIENTED_EDGE ( 'NONE', *, *, #4851, .T. ) ;
#1737 = LINE ( 'NONE', #6549, #1263 ) ;
#1738 = APPLICATION_CONTEXT ( 'automotive_design' ) ;
#1739 = LINE ( 'NONE', #6642, #3289 ) ;
#1740 = DIRECTION ( 'NONE',  ( -0.000000000000000000, -1.000000000000000000, -0.000000000000000000 ) ) ;
#1741 = DIRECTION ( 'NONE',  ( 1.000000000000000000, 0.000000000000000000, 0.000000000000000000 ) ) ;
#1742 = CONTEXT_DEPENDENT_SHAPE_REPRESENTATION ( #3606, #7642 ) ;
#1743 = EDGE_CURVE ( 'NONE', #6387, #2735, #7218, .T. ) ;
#1744 = LINE ( 'NONE', #2424, #3650 ) ;
#1745 = EDGE_LOOP ( 'NONE', ( #4004, #4769, #8024, #7982 ) ) ;
#1746 = SURFACE_SIDE_STYLE ('',( #6647 ) ) ;
#1747 = VERTEX_POINT ( 'NONE', #7258 ) ;
#1748 = ORIENTED_EDGE ( 'NONE', *, *, #193, .T. ) ;
#1749 = LINE ( 'NONE', #7462, #3878 ) ;
#1750 = DIRECTION ( 'NONE',  ( -0.000000000000000000, -1.000000000000000000, -0.000000000000000000 ) ) ;
#1751 = CLOSED_SHELL ( 'NONE', ( #5549, #3170, #6451, #3414, #2617, #2784, #7422, #1753, #857, #335, #6826, #8759, #8652, #8196, #4199, #7508, #4823, #2252, #4388, #3478, #2063, #3080, #1994, #4487, #1335, #2029, #3283, #3779, #1971, #299, #2184, #6548, #7609, #4883, #4831, #2533, #657, #712 ) ) ;
#1752 = LINE ( 'NONE', #3711, #123 ) ;
#1753 = ADVANCED_FACE ( 'NONE', ( #7937 ), #3007, .F. ) ;
#1754 = ORIENTED_EDGE ( 'NONE', *, *, #7489, .T. ) ;
#1755 = DIRECTION ( 'NONE',  ( 1.000000000000000000, 0.000000000000000000, 0.000000000000000000 ) ) ;
#1756 = DIRECTION ( 'NONE',  ( 2.775557561562881490E-17, -1.000000000000000000, 4.807406715958918169E-17 ) ) ;
#1757 = LINE ( 'NONE', #7962, #3567 ) ;
#1758 = AXIS2_PLACEMENT_3D ( 'NONE', #5261, #8013, #1808 ) ;
#1759 = ORIENTED_EDGE ( 'NONE', *, *, #4053, .F. ) ;
#1760 = FILL_AREA_STYLE_COLOUR ( '', #1416 ) ;
#1761 = PLANE ( 'NONE',  #1844 ) ;
#1762 = EDGE_CURVE ( 'NONE', #1370, #8337, #8663, .T. ) ;
#1763 = ORIENTED_EDGE ( 'NONE', *, *, #4237, .F. ) ;
#1764 = DIRECTION ( 'NONE',  ( -0.000000000000000000, 0.000000000000000000, -1.000000000000000000 ) ) ;
#1765 = VERTEX_POINT ( 'NONE', #5230 ) ;
#1766 = ORIENTED_EDGE ( 'NONE', *, *, #3119, .T. ) ;
#1767 = VERTEX_POINT ( 'NONE', #1013 ) ;
#1768 = CARTESIAN_POINT ( 'NONE',  ( -304.8000000000000114, 66.25491791495954885, 0.000000000000000000 ) ) ;
#1769 = EDGE_CURVE ( 'NONE', #3216, #7541, #4406, .T. ) ;
#1770 = EDGE_CURVE ( 'NONE', #7664, #3881, #3777, .T. ) ;
#1771 = DIRECTION ( 'NONE',  ( 0.000000000000000000, -0.000000000000000000, 1.000000000000000000 ) ) ;
#1772 = DIRECTION ( 'NONE',  ( -1.000000000000000000, 0.000000000000000000, -0.000000000000000000 ) ) ;
#1773 = EDGE_CURVE ( 'NONE', #408, #260, #5865, .T. ) ;
#1774 = DIRECTION ( 'NONE',  ( -1.000000000000000000, -0.000000000000000000, -0.000000000000000000 ) ) ;
#1775 = ORIENTED_EDGE ( 'NONE', *, *, #57, .T. ) ;
#1776 = CARTESIAN_POINT ( 'NONE',  ( -47.31900260652910362, -127.1178101317847791, 11.81000000000000050 ) ) ;
#1777 = EDGE_LOOP ( 'NONE', ( #5715, #6474, #1807, #1859 ) ) ;
#1778 = CARTESIAN_POINT ( 'NONE',  ( -457.1999999999999886, 20.73421516197585035, 0.000000000000000000 ) ) ;
#1779 = EDGE_CURVE ( 'NONE', #3243, #594, #8615, .T. ) ;
#1780 = EDGE_CURVE ( 'NONE', #4488, #8434, #3187, .T. ) ;
#1781 = DIRECTION ( 'NONE',  ( 0.000000000000000000, 0.000000000000000000, 1.000000000000000000 ) ) ;
#1782 = CARTESIAN_POINT ( 'NONE',  ( 33.86666666666673819, -304.8000000000000114, 0.000000000000000000 ) ) ;
#1783 = CONTEXT_DEPENDENT_SHAPE_REPRESENTATION ( #5166, #7925 ) ;
#1784 = VECTOR ( 'NONE', #8268, 1000.000000000000000 ) ;
#1785 = FACE_OUTER_BOUND ( 'NONE', #2896, .T. ) ;
#1786 = ORIENTED_EDGE ( 'NONE', *, *, #739, .F. ) ;
#1787 = CARTESIAN_POINT ( 'NONE',  ( -25.39999999999999147, 11.81000000000000050, 304.8000000000000114 ) ) ;
#1788 = AXIS2_PLACEMENT_3D ( 'NONE', #5270, #1408, #8022 ) ;
#1789 = ADVANCED_FACE ( 'NONE', ( #376 ), #7977, .T. ) ;
#1790 = ORIENTED_EDGE ( 'NONE', *, *, #3201, .T. ) ;
#1791 = FILL_AREA_STYLE ('',( #3925 ) ) ;
#1792 = CARTESIAN_POINT ( 'NONE',  ( 254.0000000000042348, 457.1997093200683935, 0.000000000000000000 ) ) ;
#1793 = DIRECTION ( 'NONE',  ( -1.000000000000000000, -0.000000000000000000, -0.000000000000000000 ) ) ;
#1794 = ORIENTED_EDGE ( 'NONE', *, *, #7426, .F. ) ;
#1795 = LINE ( 'NONE', #2478, #3095 ) ;
#1796 = DIRECTION ( 'NONE',  ( -1.000000000000000000, 2.220446049250312095E-16, 5.551115123125780237E-17 ) ) ;
#1797 = ADVANCED_BREP_SHAPE_REPRESENTATION ( '', ( #113, #3886 ), #7073 ) ;
#1798 = VECTOR ( 'NONE', #5878, 1000.000000000000000 ) ;
#1799 = DIRECTION ( 'NONE',  ( -1.000000000000000000, -2.937719688360373903E-16, 0.000000000000000000 ) ) ;
#1800 = ORIENTED_EDGE ( 'NONE', *, *, #1892, .F. ) ;
#1801 = ADVANCED_FACE ( 'NONE', ( #5096 ), #7848, .T. ) ;
#1802 = ORIENTED_EDGE ( 'NONE', *, *, #6815, .F. ) ;
#1803 = LINE ( 'NONE', #6031, #542 ) ;
#1804 = VECTOR ( 'NONE', #4494, 1000.000000000000000 ) ;
#1805 = LINE ( 'NONE', #7924, #7056 ) ;
#1806 = SHAPE_REPRESENTATION_RELATIONSHIP ( 'NONE' , 'NONE' ,  #1083, #8708 ) ;
#1807 = ORIENTED_EDGE ( 'NONE', *, *, #1003, .F. ) ;
#1808 = DIRECTION ( 'NONE',  ( 1.706325926237332771E-16, -1.000000000000000000, 0.000000000000000000 ) ) ;
#1809 = CARTESIAN_POINT ( 'NONE',  ( 80.73000000000001819, -111.5450820850404767, 11.81000000000000050 ) ) ;
#1810 = VECTOR ( 'NONE', #778, 1000.000000000000000 ) ;
#1811 = ORIENTED_EDGE ( 'NONE', *, *, #1762, .F. ) ;
#1812 = VERTEX_POINT ( 'NONE', #4366 ) ;
#1813 = ORIENTED_EDGE ( 'NONE', *, *, #2136, .T. ) ;
#1814 = DIRECTION ( 'NONE',  ( -1.706325926237332771E-16, 1.000000000000000000, 0.000000000000000000 ) ) ;
#1815 = DIRECTION ( 'NONE',  ( 0.000000000000000000, -0.000000000000000000, 1.000000000000000000 ) ) ;
#1816 = AXIS2_PLACEMENT_3D ( 'NONE', #6837, #6120, #6162 ) ;
#1817 = PLANE ( 'NONE',  #5567 ) ;
#1818 = DIRECTION ( 'NONE',  ( -0.000000000000000000, 0.000000000000000000, 1.000000000000000000 ) ) ;
#1819 = ORIENTED_EDGE ( 'NONE', *, *, #3619, .T. ) ;
#1820 = VERTEX_POINT ( 'NONE', #4537 ) ;
#1821 = EDGE_CURVE ( 'NONE', #8480, #7106, #1097, .T. ) ;
#1822 = AXIS2_PLACEMENT_3D ( 'NONE', #3344, #6113, #3655 ) ;
#1823 = ORIENTED_EDGE ( 'NONE', *, *, #5269, .F. ) ;
#1824 = CARTESIAN_POINT ( 'NONE',  ( -47.31900260652916046, 25.28218986821523373, 11.81000000000000050 ) ) ;
#1825 = EDGE_CURVE ( 'NONE', #631, #1659, #8702, .T. ) ;
#1826 = FACE_OUTER_BOUND ( 'NONE', #6625, .T. ) ;
#1827 = VECTOR ( 'NONE', #4746, 1000.000000000000000 ) ;
#1828 = CARTESIAN_POINT ( 'NONE',  ( -152.3999999999999773, -292.9900000000000091, 0.000000000000000000 ) ) ;
#1829 = AXIS2_PLACEMENT_3D ( 'NONE', #2782, #2105, #3333 ) ;
#1830 = UNCERTAINTY_MEASURE_WITH_UNIT (LENGTH_MEASURE( 1.000000000000000082E-05 ), #961, 'distance_accuracy_value', 'NONE');
#1831 = LINE ( 'NONE', #8756, #8422 ) ;
#1832 = EDGE_CURVE ( 'NONE', #6894, #6184, #8534, .T. ) ;
#1833 = VERTEX_POINT ( 'NONE', #6502 ) ;
#1834 = VECTOR ( 'NONE', #2456, 1000.000000000000000 ) ;
#1835 = CARTESIAN_POINT ( 'NONE',  ( 139.7000000000043087, -152.4002906799316861, 11.81000000000000050 ) ) ;
#1836 = VECTOR ( 'NONE', #4352, 1000.000000000000000 ) ;
#1837 = ADVANCED_FACE ( 'NONE', ( #1685 ), #289, .T. ) ;
#1838 = ORIENTED_EDGE ( 'NONE', *, *, #4446, .F. ) ;
#1839 = LINE ( 'NONE', #7324, #4002 ) ;
#1840 = DIRECTION ( 'NONE',  ( 4.370956789862819572E-15, 0.000000000000000000, -1.000000000000000000 ) ) ;
#1841 = ORIENTED_EDGE ( 'NONE', *, *, #1535, .T. ) ;
#1842 = CARTESIAN_POINT ( 'NONE',  ( -292.9900000000000091, 32.38825124829288171, 11.81000000000000050 ) ) ;
#1843 = DIRECTION ( 'NONE',  ( -0.8660254037844413721, -4.330577115954586068E-17, 0.4999999999999952260 ) ) ;
#1844 = AXIS2_PLACEMENT_3D ( 'NONE', #3939, #3848, #7878 ) ;
#1845 = EDGE_CURVE ( 'NONE', #8506, #5223, #5139, .T. ) ;
#1846 = CARTESIAN_POINT ( 'NONE',  ( -152.3999999999999773, 267.5900000000000318, 11.81000000000000050 ) ) ;
#1847 = ORIENTED_EDGE ( 'NONE', *, *, #3010, .T. ) ;
#1848 = AXIS2_PLACEMENT_3D ( 'NONE', #7867, #5934, #5806 ) ;
#1849 = ORIENTED_EDGE ( 'NONE', *, *, #3830, .T. ) ;
#1851 = LINE ( 'NONE', #2615, #5037 ) ;
#1850 = VECTOR ( 'NONE', #2683, 1000.000000000000000 ) ;
#1852 = LINE ( 'NONE', #7336, #6629 ) ;
#1853 =( NAMED_UNIT ( * ) SI_UNIT ( $, .STERADIAN. ) SOLID_ANGLE_UNIT ( ) );
#1854 = EDGE_CURVE ( 'NONE', #2620, #8244, #6887, .T. ) ;
#1855 = AXIS2_PLACEMENT_3D ( 'NONE', #5967, #4550, #5105 ) ;
#1856 = ORIENTED_EDGE ( 'NONE', *, *, #1223, .F. ) ;
#1857 = DIRECTION ( 'NONE',  ( 0.000000000000000000, -1.000000000000000000, 0.000000000000000000 ) ) ;
#1858 = CARTESIAN_POINT ( 'NONE',  ( -457.1999999999999886, 33.43421516197582832, 0.000000000000000000 ) ) ;
#1859 = ORIENTED_EDGE ( 'NONE', *, *, #5165, .T. ) ;
#1860 = ORIENTED_EDGE ( 'NONE', *, *, #2262, .T. ) ;
#1861 = APPLICATION_CONTEXT ( 'automotive_design' ) ;
#1862 = ORIENTED_EDGE ( 'NONE', *, *, #2454, .F. ) ;
#1863 = DIRECTION ( 'NONE',  ( 1.000000000000000000, 0.000000000000000000, 0.000000000000000000 ) ) ;
#1864 = CARTESIAN_POINT ( 'NONE',  ( -304.8000000000000114, 66.25491791495954885, 0.000000000000000000 ) ) ;
#1865 = PRESENTATION_LAYER_ASSIGNMENT (  '', '', ( #2577 ) ) ;
#1866 = CARTESIAN_POINT ( 'NONE',  ( 152.3999999999999773, -80.73000000000001819, 0.000000000000000000 ) ) ;
#1867 = EDGE_CURVE ( 'NONE', #4700, #5963, #2537, .T. ) ;
#1868 = CARTESIAN_POINT ( 'NONE',  ( 254.0000000000042348, 457.1997093200683935, 0.000000000000000000 ) ) ;
#1869 = ORIENTED_EDGE ( 'NONE', *, *, #5165, .F. ) ;
#1870 = ORIENTED_EDGE ( 'NONE', *, *, #8699, .F. ) ;
#1871 =( GEOMETRIC_REPRESENTATION_CONTEXT ( 3 ) GLOBAL_UNCERTAINTY_ASSIGNED_CONTEXT ( ( #3381 ) ) GLOBAL_UNIT_ASSIGNED_CONTEXT ( ( #6877, #8907, #8241 ) ) REPRESENTATION_CONTEXT ( 'NONE', 'WORKASPACE' ) );
#1872 = DIRECTION ( 'NONE',  ( -0.000000000000000000, 1.000000000000000000, 0.000000000000000000 ) ) ;
#1873 = ORIENTED_EDGE ( 'NONE', *, *, #5250, .F. ) ;
#1874 = CARTESIAN_POINT ( 'NONE',  ( -304.8000000000000114, 6.988251248292873363, 0.000000000000000000 ) ) ;
#1875 = CARTESIAN_POINT ( 'NONE',  ( 59.26666666666674388, 292.9900000000000091, 0.000000000000000000 ) ) ;
#1876 = DIRECTION ( 'NONE',  ( 0.000000000000000000, 0.000000000000000000, 1.000000000000000000 ) ) ;
#1877 =( NAMED_UNIT ( * ) SI_UNIT ( $, .STERADIAN. ) SOLID_ANGLE_UNIT ( ) );
#1878 = EDGE_CURVE ( 'NONE', #5390, #1576, #5923, .T. ) ;
#1879 = EDGE_CURVE ( 'NONE', #5457, #5390, #1910, .T. ) ;
#1880 = LINE ( 'NONE', #8893, #7161 ) ;
#1881 = CARTESIAN_POINT ( 'NONE',  ( -419.9900000000000091, -4.665784838024156223, 0.000000000000000000 ) ) ;
#1882 = VERTEX_POINT ( 'NONE', #683 ) ;
#1883 = CARTESIAN_POINT ( 'NONE',  ( -233.5856692731958617, -152.5178101317848416, 0.000000000000000000 ) ) ;
#1884 = VERTEX_POINT ( 'NONE', #768 ) ;
#1885 = LINE ( 'NONE', #5379, #7790 ) ;
#1886 = FACE_OUTER_BOUND ( 'NONE', #5548, .T. ) ;
#1887 = CARTESIAN_POINT ( 'NONE',  ( -382.7386812835923138, -114.2278101317851764, 0.000000000000000000 ) ) ;
#1888 = ORIENTED_EDGE ( 'NONE', *, *, #4923, .T. ) ;
#1889 = ADVANCED_FACE ( 'NONE', ( #6933 ), #1817, .T. ) ;
#1890 = PLANE ( 'NONE',  #1941 ) ;
#1891 = PRODUCT_CONTEXT ( 'NONE', #2042, 'mechanical' ) ;
#1892 = EDGE_CURVE ( 'NONE', #1995, #5337, #3994, .T. ) ;
#1893 = CARTESIAN_POINT ( 'NONE',  ( -408.1386812835921774, -152.3278101317849860, 0.000000000000000000 ) ) ;
#1894 = ORIENTED_EDGE ( 'NONE', *, *, #2498, .F. ) ;
#1895 = VECTOR ( 'NONE', #95, 1000.000000000000000 ) ;
#1896 = EDGE_LOOP ( 'NONE', ( #4748, #6592, #4825, #6311 ) ) ;
#1897 = DIRECTION ( 'NONE',  ( 1.000000000000000000, 0.000000000000000000, 0.000000000000000000 ) ) ;
#1898 = CARTESIAN_POINT ( 'NONE',  ( 139.7000000000043087, 457.1997093200683935, 11.81000000000000050 ) ) ;
#1899 = EDGE_CURVE ( 'NONE', #8605, #5523, #8067, .T. ) ;
#1900 = CARTESIAN_POINT ( 'NONE',  ( -47.31900260652910362, -8.584476798451436963, 0.000000000000000000 ) ) ;
#1901 = VECTOR ( 'NONE', #8454, 1000.000000000000000 ) ;
#1902 = ORIENTED_EDGE ( 'NONE', *, *, #387, .T. ) ;
#1903 = LINE ( 'NONE', #4714, #3709 ) ;
#1904 = ORIENTED_EDGE ( 'NONE', *, *, #2328, .F. ) ;
#1905 = VERTEX_POINT ( 'NONE', #6216 ) ;
#1906 = LINE ( 'NONE', #1327, #2263 ) ;
#1907 = ADVANCED_FACE ( 'NONE', ( #8331 ), #2494, .T. ) ;
#1908 = AXIS2_PLACEMENT_3D ( 'NONE', #7596, #1345, #2744 ) ;
#1909 = PLANE ( 'NONE',  #1992 ) ;
#1910 = LINE ( 'NONE', #147, #4401 ) ;
#1911 = FILL_AREA_STYLE ('',( #8116 ) ) ;
#1912 = DIRECTION ( 'NONE',  ( 1.252096997096120642E-16, -1.000000000000000000, 0.000000000000000000 ) ) ;
#1913 = CARTESIAN_POINT ( 'NONE',  ( 254.0000000000042348, -140.5902906799316554, 0.000000000000000000 ) ) ;
#1914 = ORIENTED_EDGE ( 'NONE', *, *, #537, .T. ) ;
#1915 = LINE ( 'NONE', #8165, #6569 ) ;
#1916 = ORIENTED_EDGE ( 'NONE', *, *, #2819, .T. ) ;
#1917 = ORIENTED_EDGE ( 'NONE', *, *, #3628, .T. ) ;
#1918 = LINE ( 'NONE', #1874, #5778 ) ;
#1919 = CARTESIAN_POINT ( 'NONE',  ( 254.0000000000042348, 445.3897093200683912, 11.81000000000000050 ) ) ;
#1920 = CARTESIAN_POINT ( 'NONE',  ( -394.5486812835924297, -114.2278101317851764, 0.000000000000000000 ) ) ;
#1921 = LINE ( 'NONE', #7454, #7018 ) ;
#1922 = FACE_OUTER_BOUND ( 'NONE', #3146, .T. ) ;
#1923 = ORIENTED_EDGE ( 'NONE', *, *, #8253, .F. ) ;
#1924 = DIRECTION ( 'NONE',  ( -0.000000000000000000, 1.000000000000000000, 0.000000000000000000 ) ) ;
#1925 = VERTEX_POINT ( 'NONE', #4586 ) ;
#1926 = DIRECTION ( 'NONE',  ( 0.000000000000000000, 1.000000000000000000, 0.000000000000000000 ) ) ;
#1927 = VECTOR ( 'NONE', #3376, 1000.000000000000000 ) ;
#1928 = DIRECTION ( 'NONE',  ( 0.000000000000000000, 0.000000000000000000, -1.000000000000000000 ) ) ;
#1929 = CARTESIAN_POINT ( 'NONE',  ( 59.26666666666674388, -304.8000000000000114, 11.81000000000000050 ) ) ;
#1930 = VERTEX_POINT ( 'NONE', #729 ) ;
#1931 = CARTESIAN_POINT ( 'NONE',  ( -47.31900260652908941, 50.68218986821523941, 11.81000000000000050 ) ) ;
#1932 = CARTESIAN_POINT ( 'NONE',  ( 196.4857419446655911, 30.07730728673130471, 889.1587449375386996 ) ) ;
#1933 = DIRECTION ( 'NONE',  ( 0.000000000000000000, -0.000000000000000000, 1.000000000000000000 ) ) ;
#1934 = VECTOR ( 'NONE', #1604, 1000.000000000000000 ) ;
#1935 = ADVANCED_FACE ( 'NONE', ( #2081 ), #5534, .T. ) ;
#1936 = ORIENTED_EDGE ( 'NONE', *, *, #7706, .T. ) ;
#1937 = VERTEX_POINT ( 'NONE', #4897 ) ;
#1938 = DIRECTION ( 'NONE',  ( 0.000000000000000000, 0.000000000000000000, 1.000000000000000000 ) ) ;
#1939 = EDGE_CURVE ( 'NONE', #6189, #733, #5358, .T. ) ;
#1940 = CARTESIAN_POINT ( 'NONE',  ( -13.58999999999560160, -140.5902906799316554, 0.000000000000000000 ) ) ;
#1941 = AXIS2_PLACEMENT_3D ( 'NONE', #3168, #1212, #4474 ) ;
#1942 =( LENGTH_UNIT ( ) NAMED_UNIT ( * ) SI_UNIT ( .MILLI., .METRE. ) );
#1943 = DIRECTION ( 'NONE',  ( -1.000000000000000000, -0.000000000000000000, -0.000000000000000000 ) ) ;
#1944 = ORIENTED_EDGE ( 'NONE', *, *, #182, .T. ) ;
#1945 = DIRECTION ( 'NONE',  ( 0.000000000000000000, -0.000000000000000000, 1.000000000000000000 ) ) ;
#1946 = DIRECTION ( 'NONE',  ( -0.000000000000000000, -0.000000000000000000, 1.000000000000000000 ) ) ;
#1947 = ORIENTED_EDGE ( 'NONE', *, *, #8699, .T. ) ;
#1948 = ORIENTED_EDGE ( 'NONE', *, *, #7940, .T. ) ;
#1949 = EDGE_CURVE ( 'NONE', #7127, #1973, #4848, .T. ) ;
#1950 = VECTOR ( 'NONE', #5478, 1000.000000000000000 ) ;
#1951 = ORIENTED_EDGE ( 'NONE', *, *, #1714, .T. ) ;
#1952 = ORIENTED_EDGE ( 'NONE', *, *, #6538, .T. ) ;
#1953 = CARTESIAN_POINT ( 'NONE',  ( -140.5900000000000034, 267.5900000000000318, 0.000000000000000000 ) ) ;
#1954 = CARTESIAN_POINT ( 'NONE',  ( -687.5386812835920409, -50.72781013178524034, 0.000000000000000000 ) ) ;
#1955 = CARTESIAN_POINT ( 'NONE',  ( 140.5902906799316270, 71.53421516197586527, 0.000000000000000000 ) ) ;
#1956 = VECTOR ( 'NONE', #5271, 1000.000000000000000 ) ;
#1957 = DIRECTION ( 'NONE',  ( -1.000000000000000000, 1.092739197465705287E-15, -0.000000000000000000 ) ) ;
#1958 = ADVANCED_FACE ( 'NONE', ( #4632 ), #6718, .F. ) ;
#1959 = ORIENTED_EDGE ( 'NONE', *, *, #1825, .F. ) ;
#1960 = CARTESIAN_POINT ( 'NONE',  ( -304.8000000000000114, -86.14508208504045683, 0.000000000000000000 ) ) ;
#1961 = ORIENTED_EDGE ( 'NONE', *, *, #7997, .T. ) ;
#1962 = ORIENTED_EDGE ( 'NONE', *, *, #7489, .F. ) ;
#1963 = LINE ( 'NONE', #2502, #1433 ) ;
#1964 = AXIS2_PLACEMENT_3D ( 'NONE', #7753, #3544, #96 ) ;
#1965 = LINE ( 'NONE', #610, #1927 ) ;
#1966 = DIRECTION ( 'NONE',  ( -4.370956789862819572E-15, 1.000000000000000000, 0.000000000000000000 ) ) ;
#1967 =( NAMED_UNIT ( * ) SI_UNIT ( $, .STERADIAN. ) SOLID_ANGLE_UNIT ( ) );
#1968 = LINE ( 'NONE', #5372, #3100 ) ;
#1969 = CONTEXT_DEPENDENT_SHAPE_REPRESENTATION ( #5526, #8430 ) ;
#1970 = AXIS2_PLACEMENT_3D ( 'NONE', #6616, #7873, #5167 ) ;
#1971 = ADVANCED_FACE ( 'NONE', ( #4171 ), #5997, .F. ) ;
#1972 = CARTESIAN_POINT ( 'NONE',  ( -382.7386812835923138, -88.82781013178517071, 0.000000000000000000 ) ) ;
#1973 = VERTEX_POINT ( 'NONE', #4214 ) ;
#1974 = DIRECTION ( 'NONE',  ( 1.000000000000000000, 1.706325926237332771E-16, -0.000000000000000000 ) ) ;
#1975 = ORIENTED_EDGE ( 'NONE', *, *, #4493, .F. ) ;
#1976 = PLANE ( 'NONE',  #4027 ) ;
#1977 = AXIS2_PLACEMENT_3D ( 'NONE', #4651, #3972, #2605 ) ;
#1978 = DIRECTION ( 'NONE',  ( 1.092739197465705287E-15, 1.000000000000000000, 0.000000000000000000 ) ) ;
#1979 = CARTESIAN_POINT ( 'NONE',  ( -382.7386812835923138, -114.2278101317851764, 0.000000000000000000 ) ) ;
#1980 = ORIENTED_EDGE ( 'NONE', *, *, #5158, .F. ) ;
#1981 = DIRECTION ( 'NONE',  ( 0.000000000000000000, 1.000000000000000000, 0.000000000000000000 ) ) ;
#1982 = DIRECTION ( 'NONE',  ( -5.551115123125782702E-17, 1.000000000000000222, -1.110223024625156540E-16 ) ) ;
#1983 = ADVANCED_FACE ( 'NONE', ( #6258 ), #2803, .F. ) ;
#1984 =( REPRESENTATION_RELATIONSHIP ('NONE','NONE', #853, #3527 ) REPRESENTATION_RELATIONSHIP_WITH_TRANSFORMATION ( #4689 )SHAPE_REPRESENTATION_RELATIONSHIP( ) );
#1985 = VECTOR ( 'NONE', #7500, 1000.000000000000000 ) ;
#1986 = CARTESIAN_POINT ( 'NONE',  ( 33.86666666666673819, -304.8000000000000114, 0.000000000000000000 ) ) ;
#1987 = VECTOR ( 'NONE', #5097, 1000.000000000000000 ) ;
#1988 = VERTEX_POINT ( 'NONE', #2126 ) ;
#1989 = ORIENTED_EDGE ( 'NONE', *, *, #5971, .F. ) ;
#1990 = PLANE ( 'NONE',  #693 ) ;
#1991 = FACE_OUTER_BOUND ( 'NONE', #3936, .T. ) ;
#1992 = AXIS2_PLACEMENT_3D ( 'NONE', #1864, #7393, #7299 ) ;
#1993 = VECTOR ( 'NONE', #3077, 1000.000000000000000 ) ;
#1994 = ADVANCED_FACE ( 'NONE', ( #6972 ), #3533, .T. ) ;
#1995 = VERTEX_POINT ( 'NONE', #7017 ) ;
#1996 = LINE ( 'NONE', #8106, #2481 ) ;
#1997 = CARTESIAN_POINT ( 'NONE',  ( 304.8000000000000114, 32.38825124829293145, 0.000000000000000000 ) ) ;
#1998 = ORIENTED_EDGE ( 'NONE', *, *, #3645, .F. ) ;
#1999 = ORIENTED_EDGE ( 'NONE', *, *, #264, .F. ) ;
#2000 = VECTOR ( 'NONE', #5249, 1000.000000000000000 ) ;
#2001 = VECTOR ( 'NONE', #4805, 1000.000000000000000 ) ;
#2002 = ORIENTED_EDGE ( 'NONE', *, *, #4127, .F. ) ;
#2003 = VERTEX_POINT ( 'NONE', #8379 ) ;
#2004 = FACE_OUTER_BOUND ( 'NONE', #3879, .T. ) ;
#2005 = LINE ( 'NONE', #6134, #1562 ) ;
#2006 = AXIS2_PLACEMENT_3D ( 'NONE', #3249, #7517, #3345 ) ;
#2007 = EDGE_CURVE ( 'NONE', #8060, #6272, #8420, .T. ) ;
#2008 = FACE_OUTER_BOUND ( 'NONE', #3312, .T. ) ;
#2009 = VERTEX_POINT ( 'NONE', #5762 ) ;
#2010 = DIRECTION ( 'NONE',  ( 0.000000000000000000, -0.000000000000000000, 1.000000000000000000 ) ) ;
#2011 = DIRECTION ( 'NONE',  ( 0.000000000000000000, -1.000000000000000000, 0.000000000000000000 ) ) ;
#2012 = EDGE_CURVE ( 'NONE', #5756, #1046, #4346, .T. ) ;
#2013 = ORIENTED_EDGE ( 'NONE', *, *, #8465, .T. ) ;
#2014 = CARTESIAN_POINT ( 'NONE',  ( -152.3999999999999773, -106.1299999999999955, 0.000000000000000000 ) ) ;
#2015 = ORIENTED_EDGE ( 'NONE', *, *, #814, .F. ) ;
#2016 =( GEOMETRIC_REPRESENTATION_CONTEXT ( 3 ) GLOBAL_UNCERTAINTY_ASSIGNED_CONTEXT ( ( #3199 ) ) GLOBAL_UNIT_ASSIGNED_CONTEXT ( ( #2549, #4787, #1877 ) ) REPRESENTATION_CONTEXT ( 'NONE', 'WORKASPACE' ) );
#2017 = VERTEX_POINT ( 'NONE', #2167 ) ;
#2018 = CARTESIAN_POINT ( 'NONE',  ( 33.86666666666673819, -292.9900000000000091, 11.81000000000000050 ) ) ;
#2019 = CARTESIAN_POINT ( 'NONE',  ( 292.9900000000000091, 91.65491791495954033, 11.81000000000000050 ) ) ;
#2020 = DIRECTION ( 'NONE',  ( -0.000000000000000000, -0.000000000000000000, 1.000000000000000000 ) ) ;
#2021 = CARTESIAN_POINT ( 'NONE',  ( -126.9999999999999716, -292.9900000000000091, 0.000000000000000000 ) ) ;
#2022 = EDGE_CURVE ( 'NONE', #8375, #8524, #5807, .T. ) ;
#2023 =( GEOMETRIC_REPRESENTATION_CONTEXT ( 3 ) GLOBAL_UNCERTAINTY_ASSIGNED_CONTEXT ( ( #2469 ) ) GLOBAL_UNIT_ASSIGNED_CONTEXT ( ( #7339, #3079, #8011 ) ) REPRESENTATION_CONTEXT ( 'NONE', 'WORKASPACE' ) );
#2024 = CARTESIAN_POINT ( 'NONE',  ( 292.9900000000000091, 91.65491791495954033, 11.81000000000000050 ) ) ;
#2025 = VERTEX_POINT ( 'NONE', #2210 ) ;
#2026 = CARTESIAN_POINT ( 'NONE',  ( -352.1190026065291363, -127.1178101317848075, 11.81000000000000050 ) ) ;
#2027 = ORIENTED_EDGE ( 'NONE', *, *, #2742, .T. ) ;
#2028 = LINE ( 'NONE', #621, #1702 ) ;
#2029 = ADVANCED_FACE ( 'NONE', ( #84 ), #2984, .F. ) ;
#2030 = DIRECTION ( 'NONE',  ( 1.000000000000000000, -0.000000000000000000, 0.000000000000000000 ) ) ;
#2031 = CARTESIAN_POINT ( 'NONE',  ( -152.3999999999999773, -106.1299999999999955, 0.000000000000000000 ) ) ;
#2032 = ORIENTED_EDGE ( 'NONE', *, *, #6119, .F. ) ;
#2033 = LINE ( 'NONE', #2313, #4849 ) ;
#2034 = CARTESIAN_POINT ( 'NONE',  ( -104.8502850181648967, 30.07730728673108089, -242.3705639130434690 ) ) ;
#2035 = PRODUCT_CONTEXT ( 'NONE', #1575, 'mechanical' ) ;
#2036 = CARTESIAN_POINT ( 'NONE',  ( 254.0000000000042348, -152.4002906799316861, 0.000000000000000000 ) ) ;
#2037 = VERTEX_POINT ( 'NONE', #8512 ) ;
#2038 = EDGE_CURVE ( 'NONE', #4629, #1288, #5667, .T. ) ;
#2039 = ORIENTED_EDGE ( 'NONE', *, *, #8437, .F. ) ;
#2040 = LINE ( 'NONE', #1453, #2133 ) ;
#2041 = DIRECTION ( 'NONE',  ( 0.000000000000000000, -1.000000000000000000, 0.000000000000000000 ) ) ;
#2042 = APPLICATION_CONTEXT ( 'automotive_design' ) ;
#2043 = ORIENTED_EDGE ( 'NONE', *, *, #6741, .T. ) ;
#2044 = LINE ( 'NONE', #4036, #7402 ) ;
#2045 = DIRECTION ( 'NONE',  ( -0.000000000000000000, -0.000000000000000000, 1.000000000000000000 ) ) ;
#2046 = VERTEX_POINT ( 'NONE', #6348 ) ;
#2047 = ADVANCED_FACE ( 'NONE', ( #7831 ), #4981, .F. ) ;
#2048 = CARTESIAN_POINT ( 'NONE',  ( -165.8523359398624279, -152.5178101317848700, 0.000000000000000000 ) ) ;
#2049 = CARTESIAN_POINT ( 'NONE',  ( 304.8000000000000114, -52.27841541837373995, 0.000000000000000000 ) ) ;
#2050 = VECTOR ( 'NONE', #1945, 1000.000000000000000 ) ;
#2051 = DIRECTION ( 'NONE',  ( 0.000000000000000000, 0.000000000000000000, 1.000000000000000000 ) ) ;
#2052 = PLANE ( 'NONE',  #7395 ) ;
#2053 = CARTESIAN_POINT ( 'NONE',  ( -675.7286812835919818, -152.3278101317851565, 0.000000000000000000 ) ) ;
#2054 = ORIENTED_EDGE ( 'NONE', *, *, #4264, .T. ) ;
#2055 = PLANE ( 'NONE',  #5561 ) ;
#2056 = VERTEX_POINT ( 'NONE', #1629 ) ;
#2057 = VECTOR ( 'NONE', #8896, 1000.000000000000000 ) ;
#2058 = EDGE_CURVE ( 'NONE', #2607, #6395, #1585, .T. ) ;
#2059 = ORIENTED_EDGE ( 'NONE', *, *, #3581, .T. ) ;
#2060 = DIRECTION ( 'NONE',  ( 1.252096997096120642E-16, -1.000000000000000000, 0.000000000000000000 ) ) ;
#2061 = DIRECTION ( 'NONE',  ( 0.000000000000000000, -1.000000000000000000, 0.000000000000000000 ) ) ;
#2062 = LINE ( 'NONE', #7452, #6331 ) ;
#2063 = ADVANCED_FACE ( 'NONE', ( #5621 ), #7068, .T. ) ;
#2064 = CARTESIAN_POINT ( 'NONE',  ( -292.9900000000000091, 91.65491791495954033, 11.81000000000000050 ) ) ;
#2065 = CARTESIAN_POINT ( 'NONE',  ( -419.9900000000000091, -4.665784838024156223, 0.000000000000000000 ) ) ;
#2066 = ORIENTED_EDGE ( 'NONE', *, *, #6765, .T. ) ;
#2067 = PRODUCT_DEFINITION_SHAPE ( 'NONE', 'NONE',  #8947 ) ;
#2068 = CARTESIAN_POINT ( 'NONE',  ( -457.1999999999999886, 33.43421516197582832, 11.81000000000000050 ) ) ;
#2069 = DIRECTION ( 'NONE',  ( 1.000000000000000000, 1.706325926237332771E-16, 0.000000000000000000 ) ) ;
#2070 = CARTESIAN_POINT ( 'NONE',  ( -126.9999999999999716, -292.9900000000000091, 0.000000000000000000 ) ) ;
#2071 = LINE ( 'NONE', #1979, #7353 ) ;
#2072 = EDGE_LOOP ( 'NONE', ( #4449, #1050, #7411, #7688 ) ) ;
#2073 = DIRECTION ( 'NONE',  ( 1.000000000000000000, 0.000000000000000000, 0.000000000000000000 ) ) ;
#2074 = APPLICATION_PROTOCOL_DEFINITION ( 'draft international standard', 'automotive_design', 1998, #1861 ) ;
#2075 = CARTESIAN_POINT ( 'NONE',  ( 292.9900000000000091, -86.14508208504039999, 11.81000000000000050 ) ) ;
#2076 = ADVANCED_FACE ( 'NONE', ( #7153 ), #5710, .T. ) ;
#2077 = ORIENTED_EDGE ( 'NONE', *, *, #3750, .F. ) ;
#2078 = ORIENTED_EDGE ( 'NONE', *, *, #5279, .F. ) ;
#2079 = DIRECTION ( 'NONE',  ( 0.000000000000000000, -1.000000000000000000, 0.000000000000000000 ) ) ;
#2080 = LINE ( 'NONE', #2573, #3459 ) ;
#2081 = FACE_OUTER_BOUND ( 'NONE', #3130, .T. ) ;
#2082 =( NAMED_UNIT ( * ) SI_UNIT ( $, .STERADIAN. ) SOLID_ANGLE_UNIT ( ) );
#2083 = VECTOR ( 'NONE', #7551, 1000.000000000000000 ) ;
#2084 = PRODUCT_DEFINITION_SHAPE ( 'NONE', 'NONE',  #8961 ) ;
#2085 = ORIENTED_EDGE ( 'NONE', *, *, #2973, .F. ) ;
#2086 = DIRECTION ( 'NONE',  ( 1.000000000000000000, 1.706325926237332771E-16, 0.000000000000000000 ) ) ;
#2087 = EDGE_CURVE ( 'NONE', #3582, #6242, #1665, .T. ) ;
#2088 = ORIENTED_EDGE ( 'NONE', *, *, #8739, .F. ) ;
#2089 = ORIENTED_EDGE ( 'NONE', *, *, #7352, .F. ) ;
#2090 = FACE_OUTER_BOUND ( 'NONE', #1488, .T. ) ;
#2091 = AXIS2_PLACEMENT_3D ( 'NONE', #43, #7660, #3495 ) ;
#2092 = PLANE ( 'NONE',  #1125 ) ;
#2093 = LINE ( 'NONE', #7026, #2829 ) ;
#2094 = ORIENTED_EDGE ( 'NONE', *, *, #4549, .T. ) ;
#2095 = DIRECTION ( 'NONE',  ( 0.000000000000000000, 1.000000000000000000, 0.000000000000000000 ) ) ;
#2096 = DIRECTION ( 'NONE',  ( 1.000000000000000000, 0.000000000000000000, 0.000000000000000000 ) ) ;
#2097 = VECTOR ( 'NONE', #1109, 1000.000000000000000 ) ;
#2098 = ORIENTED_EDGE ( 'NONE', *, *, #1051, .T. ) ;
#2099 = DIRECTION ( 'NONE',  ( 0.000000000000000000, 0.000000000000000000, 1.000000000000000000 ) ) ;
#2100 = ORIENTED_EDGE ( 'NONE', *, *, #6382, .T. ) ;
#2101 = ORIENTED_EDGE ( 'NONE', *, *, #2280, .T. ) ;
#2102 = LINE ( 'NONE', #4868, #2269 ) ;
#2103 =( GEOMETRIC_REPRESENTATION_CONTEXT ( 3 ) GLOBAL_UNCERTAINTY_ASSIGNED_CONTEXT ( ( #8174 ) ) GLOBAL_UNIT_ASSIGNED_CONTEXT ( ( #2151, #4326, #5646 ) ) REPRESENTATION_CONTEXT ( 'NONE', 'WORKASPACE' ) );
#2104 = CARTESIAN_POINT ( 'NONE',  ( -445.3899999999999864, 7.144215161975845163, 11.81000000000000050 ) ) ;
#2105 = DIRECTION ( 'NONE',  ( 0.000000000000000000, 1.000000000000000000, 0.000000000000000000 ) ) ;
#2106 = SHAPE_REPRESENTATION_RELATIONSHIP ( 'NONE' , 'NONE' ,  #3137, #170 ) ;
#2107 = DIRECTION ( 'NONE',  ( 1.000000000000000000, 0.000000000000000000, 0.000000000000000000 ) ) ;
#2108 = EDGE_CURVE ( 'NONE', #8142, #5424, #267, .T. ) ;
#2109 = AXIS2_PLACEMENT_3D ( 'NONE', #5542, #187, #93 ) ;
#2110 = ORIENTED_EDGE ( 'NONE', *, *, #4054, .F. ) ;
#2111 = DIRECTION ( 'NONE',  ( -5.463695987328531367E-16, 0.000000000000000000, -1.000000000000000000 ) ) ;
#2112 = FACE_OUTER_BOUND ( 'NONE', #2415, .T. ) ;
#2113 = DIRECTION ( 'NONE',  ( -0.000000000000000000, 1.000000000000000000, 0.000000000000000000 ) ) ;
#2114 = ORIENTED_EDGE ( 'NONE', *, *, #8634, .F. ) ;
#2115 = CARTESIAN_POINT ( 'NONE',  ( 152.3999999999999773, 267.5900000000000318, 0.000000000000000000 ) ) ;
#2116 = AXIS2_PLACEMENT_3D ( 'NONE', #7829, #4385, #6431 ) ;
#2117 = ITEM_DEFINED_TRANSFORMATION ( 'NONE', 'NONE', #4198,  #3886 ) ;
#2118 = EDGE_CURVE ( 'NONE', #7620, #8736, #8551, .T. ) ;
#2119 = EDGE_CURVE ( 'NONE', #6692, #1496, #2347, .T. ) ;
#2120 = DIRECTION ( 'NONE',  ( 1.000000000000000000, 0.000000000000000000, -0.000000000000000000 ) ) ;
#2121 = VECTOR ( 'NONE', #8851, 1000.000000000000000 ) ;
#2122 = ORIENTED_EDGE ( 'NONE', *, *, #2108, .F. ) ;
#2123 = ORIENTED_EDGE ( 'NONE', *, *, #2730, .T. ) ;
#2124 = LINE ( 'NONE', #2709, #4888 ) ;
#2125 = DIRECTION ( 'NONE',  ( 2.014845802307676854E-15, 1.000000000000000000, 0.000000000000000000 ) ) ;
#2126 = CARTESIAN_POINT ( 'NONE',  ( -59.12900260652909168, -67.85114346511811334, 11.81000000000000050 ) ) ;
#2127 = AXIS2_PLACEMENT_3D ( 'NONE', #5559, #4966, #2111 ) ;
#2128 = VECTOR ( 'NONE', #5510, 1000.000000000000000 ) ;
#2129 = DIRECTION ( 'NONE',  ( 0.000000000000000000, 1.000000000000000000, 0.000000000000000000 ) ) ;
#2130 = ORIENTED_EDGE ( 'NONE', *, *, #2681, .T. ) ;
#2131 = AXIS2_PLACEMENT_3D ( 'NONE', #8221, #6684, #3375 ) ;
#2132 = ORIENTED_EDGE ( 'NONE', *, *, #5499, .F. ) ;
#2134 = LINE ( 'NONE', #7747, #8357 ) ;
#2133 = VECTOR ( 'NONE', #4211, 1000.000000000000000 ) ;
#2135 = CARTESIAN_POINT ( 'NONE',  ( 152.3999999999999773, 267.5900000000000318, 11.81000000000000050 ) ) ;
#2136 = EDGE_CURVE ( 'NONE', #4444, #965, #4428, .T. ) ;
#2137 = CARTESIAN_POINT ( 'NONE',  ( -47.31900260652910362, -33.98447679845144620, 0.000000000000000000 ) ) ;
#2138 = VECTOR ( 'NONE', #6800, 1000.000000000000000 ) ;
#2139 = VECTOR ( 'NONE', #1582, 1000.000000000000000 ) ;
#2140 = LINE ( 'NONE', #51, #4945 ) ;
#2141 = DIRECTION ( 'NONE',  ( -1.000000000000000000, 0.000000000000000000, -0.000000000000000000 ) ) ;
#2142 = ORIENTED_EDGE ( 'NONE', *, *, #2338, .F. ) ;
#2143 = CARTESIAN_POINT ( 'NONE',  ( -687.5386812835920409, -140.5178101317850974, 0.000000000000000000 ) ) ;
#2144 = ORIENTED_EDGE ( 'NONE', *, *, #750, .F. ) ;
#2145 = ORIENTED_EDGE ( 'NONE', *, *, #5971, .T. ) ;
#2146 = CARTESIAN_POINT ( 'NONE',  ( 0.000000000000000000, 0.000000000000000000, 11.81000000000000050 ) ) ;
#2147 = EDGE_CURVE ( 'NONE', #5094, #2056, #4937, .T. ) ;
#2148 = VECTOR ( 'NONE', #2616, 1000.000000000000000 ) ;
#2149 = CARTESIAN_POINT ( 'NONE',  ( -547.8386812835921091, -140.5178101317850405, 11.81000000000000050 ) ) ;
#2150 = DIRECTION ( 'NONE',  ( 0.000000000000000000, 0.000000000000000000, 1.000000000000000000 ) ) ;
#2151 =( LENGTH_UNIT ( ) NAMED_UNIT ( * ) SI_UNIT ( .MILLI., .METRE. ) );
#2152 = VECTOR ( 'NONE', #7140, 1000.000000000000000 ) ;
#2153 = VERTEX_POINT ( 'NONE', #1491 ) ;
#2154 = LINE ( 'NONE', #4877, #268 ) ;
#2155 = EDGE_CURVE ( 'NONE', #6619, #6712, #7281, .T. ) ;
#2156 = CARTESIAN_POINT ( 'NONE',  ( 267.5900000000043519, 419.9897093200684139, 0.000000000000000000 ) ) ;
#2157 = DIRECTION ( 'NONE',  ( -0.000000000000000000, -0.000000000000000000, 1.000000000000000000 ) ) ;
#2158 =( GEOMETRIC_REPRESENTATION_CONTEXT ( 3 ) GLOBAL_UNCERTAINTY_ASSIGNED_CONTEXT ( ( #6731 ) ) GLOBAL_UNIT_ASSIGNED_CONTEXT ( ( #2525, #8776, #2082 ) ) REPRESENTATION_CONTEXT ( 'NONE', 'WORKASPACE' ) );
#2159 = DIRECTION ( 'NONE',  ( -1.000000000000000000, -2.900420671469659582E-16, 0.000000000000000000 ) ) ;
#2160 = ORIENTED_EDGE ( 'NONE', *, *, #4755, .F. ) ;
#2161 = DIRECTION ( 'NONE',  ( -0.000000000000000000, -0.000000000000000000, 1.000000000000000000 ) ) ;
#2162 = EDGE_LOOP ( 'NONE', ( #4266, #2144, #1999, #2976 ) ) ;
#2163 = ORIENTED_EDGE ( 'NONE', *, *, #7115, .F. ) ;
#2164 = EDGE_CURVE ( 'NONE', #2905, #2623, #5252, .T. ) ;
#2165 = CARTESIAN_POINT ( 'NONE',  ( -675.7286812835919818, -152.3278101317851565, 0.000000000000000000 ) ) ;
#2166 = DIRECTION ( 'NONE',  ( 0.000000000000000000, 1.000000000000000000, 0.000000000000000000 ) ) ;
#2167 = CARTESIAN_POINT ( 'NONE',  ( -140.5900000000000034, -267.5900000000000318, 11.81000000000000050 ) ) ;
#2168 = SURFACE_STYLE_FILL_AREA ( #6302 ) ;
#2169 = EDGE_CURVE ( 'NONE', #1279, #7127, #1795, .T. ) ;
#2170 = LINE ( 'NONE', #5577, #3993 ) ;
#2171 = ORIENTED_EDGE ( 'NONE', *, *, #6002, .T. ) ;
#2172 = ORIENTED_EDGE ( 'NONE', *, *, #7832, .F. ) ;
#2173 = EDGE_CURVE ( 'NONE', #1556, #7285, #8766, .T. ) ;
#2174 = LINE ( 'NONE', #4942, #8643 ) ;
#2175 = EDGE_CURVE ( 'NONE', #8872, #5928, #5846, .T. ) ;
#2176 = LINE ( 'NONE', #5720, #2711 ) ;
#2177 = DIRECTION ( 'NONE',  ( 1.000000000000000000, 0.000000000000000000, 0.000000000000000000 ) ) ;
#2178 = ORIENTED_EDGE ( 'NONE', *, *, #3713, .T. ) ;
#2179 = CARTESIAN_POINT ( 'NONE',  ( -25.40000000000000213, 11.81000000000000050, 164.2100000000000364 ) ) ;
#2180 = CARTESIAN_POINT ( 'NONE',  ( -340.3090026065290772, -33.98447679845147462, 0.000000000000000000 ) ) ;
#2181 = ORIENTED_EDGE ( 'NONE', *, *, #2891, .T. ) ;
#2182 = CARTESIAN_POINT ( 'NONE',  ( -522.4386812835921319, -152.3278101317850712, 11.81000000000000050 ) ) ;
#2183 = ORIENTED_EDGE ( 'NONE', *, *, #8103, .T. ) ;
#2184 = ADVANCED_FACE ( 'NONE', ( #8722 ), #4563, .F. ) ;
#2185 = EDGE_LOOP ( 'NONE', ( #4592, #7480, #3098, #6881 ) ) ;
#2186 = FACE_OUTER_BOUND ( 'NONE', #278, .T. ) ;
#2187 = CARTESIAN_POINT ( 'NONE',  ( 33.86666666666673819, -304.8000000000000114, 0.000000000000000000 ) ) ;
#2188 = CARTESIAN_POINT ( 'NONE',  ( 140.5902906799316270, 33.43421516197586385, 0.000000000000000000 ) ) ;
#2189 = DIRECTION ( 'NONE',  ( -0.000000000000000000, -0.000000000000000000, 1.000000000000000000 ) ) ;
#2190 =( NAMED_UNIT ( * ) PLANE_ANGLE_UNIT ( ) SI_UNIT ( $, .RADIAN. ) );
#2191 = DIRECTION ( 'NONE',  ( -2.185478394931409786E-15, 1.000000000000000000, 0.000000000000000000 ) ) ;
#2192 = VECTOR ( 'NONE', #638, 1000.000000000000000 ) ;
#2193 = ORIENTED_EDGE ( 'NONE', *, *, #8256, .F. ) ;
#2194 = EDGE_CURVE ( 'NONE', #5225, #1072, #8001, .T. ) ;
#2195 = DIRECTION ( 'NONE',  ( 0.000000000000000000, 0.000000000000000000, 1.000000000000000000 ) ) ;
#2196 = FACE_OUTER_BOUND ( 'NONE', #5412, .T. ) ;
#2197 = VECTOR ( 'NONE', #752, 1000.000000000000000 ) ;
#2198 = DIRECTION ( 'NONE',  ( 0.000000000000000000, -0.000000000000000000, 1.000000000000000000 ) ) ;
#2199 = DIRECTION ( 'NONE',  ( 2.900420671469659582E-16, -1.000000000000000000, 0.000000000000000000 ) ) ;
#2200 =( REPRESENTATION_RELATIONSHIP ('NONE','NONE', #853, #1083 ) REPRESENTATION_RELATIONSHIP_WITH_TRANSFORMATION ( #3749 )SHAPE_REPRESENTATION_RELATIONSHIP( ) );
#2201 = ORIENTED_EDGE ( 'NONE', *, *, #3628, .F. ) ;
#2202 = LINE ( 'NONE', #762, #8494 ) ;
#2203 = SHAPE_REPRESENTATION ( 'Base_Plate', ( #3886 ), #7793 ) ;
#2204 = ORIENTED_EDGE ( 'NONE', *, *, #1014, .F. ) ;
#2205 = ORIENTED_EDGE ( 'NONE', *, *, #8739, .T. ) ;
#2206 = CARTESIAN_POINT ( 'NONE',  ( -304.8000000000000114, -86.14508208504045683, 0.000000000000000000 ) ) ;
#2207 = CARTESIAN_POINT ( 'NONE',  ( -25.39999999999999147, 11.81000000000000050, -304.8000000000000114 ) ) ;
#2208 = CARTESIAN_POINT ( 'NONE',  ( -25.40000000000000213, 11.81000000000000050, -164.2100000000000364 ) ) ;
#2209 = PRODUCT_DEFINITION_SHAPE ( 'NONE', 'NONE',  #8951 ) ;
#2210 = CARTESIAN_POINT ( 'NONE',  ( -662.1386812835920637, -152.3278101317851565, 0.000000000000000000 ) ) ;
#2211 = EDGE_CURVE ( 'NONE', #8834, #1625, #6566, .T. ) ;
#2212 = PLANE ( 'NONE',  #4568 ) ;
#2213 = ORIENTED_EDGE ( 'NONE', *, *, #735, .F. ) ;
#2214 = EDGE_CURVE ( 'NONE', #3068, #2601, #6524, .T. ) ;
#2215 = DIRECTION ( 'NONE',  ( 0.000000000000000000, 0.000000000000000000, 1.000000000000000000 ) ) ;
#2216 = DIRECTION ( 'NONE',  ( -2.185478394931409786E-15, 1.000000000000000000, 0.000000000000000000 ) ) ;
#2217 = VECTOR ( 'NONE', #8218, 1000.000000000000000 ) ;
#2218 = EDGE_CURVE ( 'NONE', #5223, #960, #8684, .T. ) ;
#2219 = ORIENTED_EDGE ( 'NONE', *, *, #5137, .T. ) ;
#2220 = LINE ( 'NONE', #2179, #3790 ) ;
#2221 = CARTESIAN_POINT ( 'NONE',  ( -687.5386812835920409, -88.82781013178518492, 11.81000000000000050 ) ) ;
#2222 = ORIENTED_EDGE ( 'NONE', *, *, #5652, .T. ) ;
#2223 = VECTOR ( 'NONE', #3252, 1000.000000000000000 ) ;
#2224 = ORIENTED_EDGE ( 'NONE', *, *, #1743, .F. ) ;
#2225 = EDGE_CURVE ( 'NONE', #3783, #3865, #6655, .T. ) ;
#2226 = LINE ( 'NONE', #18, #2418 ) ;
#2227 = DIRECTION ( 'NONE',  ( 1.000000000000000000, -0.000000000000000000, 0.000000000000000000 ) ) ;
#2228 = LINE ( 'NONE', #7762, #5419 ) ;
#2229 = CARTESIAN_POINT ( 'NONE',  ( 114.3000000000043173, -152.4002906799316861, 11.81000000000000050 ) ) ;
#2230 = DIRECTION ( 'NONE',  ( 0.000000000000000000, 0.000000000000000000, -1.000000000000000000 ) ) ;
#2231 = VECTOR ( 'NONE', #3930, 1000.000000000000000 ) ;
#2232 = EDGE_CURVE ( 'NONE', #7012, #4693, #8592, .T. ) ;
#2233 = ORIENTED_EDGE ( 'NONE', *, *, #1845, .T. ) ;
#2234 = DIRECTION ( 'NONE',  ( 0.000000000000000000, 1.000000000000000000, 0.000000000000000000 ) ) ;
#2235 = VECTOR ( 'NONE', #6401, 1000.000000000000000 ) ;
#2236 = DIRECTION ( 'NONE',  ( -0.000000000000000000, -0.000000000000000000, 1.000000000000000000 ) ) ;
#2237 = DIRECTION ( 'NONE',  ( 0.000000000000000000, 0.000000000000000000, 1.000000000000000000 ) ) ;
#2238 = DIRECTION ( 'NONE',  ( 0.000000000000000000, -0.000000000000000000, 1.000000000000000000 ) ) ;
#2239 = CARTESIAN_POINT ( 'NONE',  ( -445.3899999999999864, 20.73421516197585035, 0.000000000000000000 ) ) ;
#2240 = APPLICATION_PROTOCOL_DEFINITION ( 'draft international standard', 'automotive_design', 1998, #4353 ) ;
#2241 = EDGE_CURVE ( 'NONE', #5424, #3984, #2516, .T. ) ;
#2242 = VECTOR ( 'NONE', #1547, 1000.000000000000000 ) ;
#2243 = CARTESIAN_POINT ( 'NONE',  ( -304.8000000000000114, -52.27841541837379680, 0.000000000000000000 ) ) ;
#2244 = ORIENTED_EDGE ( 'NONE', *, *, #792, .T. ) ;
#2245 = CARTESIAN_POINT ( 'NONE',  ( 152.4002906799316008, 58.83421516197587664, 0.000000000000000000 ) ) ;
#2246 = ORIENTED_EDGE ( 'NONE', *, *, #4254, .T. ) ;
#2247 = ORIENTED_EDGE ( 'NONE', *, *, #3521, .F. ) ;
#2248 =( NAMED_UNIT ( * ) PLANE_ANGLE_UNIT ( ) SI_UNIT ( $, .RADIAN. ) );
#2249 = VECTOR ( 'NONE', #7156, 1000.000000000000000 ) ;
#2250 = CARTESIAN_POINT ( 'NONE',  ( -47.31900260652910362, -67.85114346511811334, 0.000000000000000000 ) ) ;
#2251 = LINE ( 'NONE', #5030, #3307 ) ;
#2252 = ADVANCED_FACE ( 'NONE', ( #7418 ), #5890, .F. ) ;
#2253 = CARTESIAN_POINT ( 'NONE',  ( 304.8000000000000114, 6.988251248292928430, 11.81000000000000050 ) ) ;
#2254 = SURFACE_SIDE_STYLE ('',( #4390 ) ) ;
#2255 = CARTESIAN_POINT ( 'NONE',  ( -25.39999999999567493, 457.1997093200683935, 11.81000000000000050 ) ) ;
#2256 = VECTOR ( 'NONE', #1569, 1000.000000000000000 ) ;
#2257 = VERTEX_POINT ( 'NONE', #1842 ) ;
#2258 = ORIENTED_EDGE ( 'NONE', *, *, #5987, .F. ) ;
#2259 = FACE_OUTER_BOUND ( 'NONE', #7927, .T. ) ;
#2260 = LINE ( 'NONE', #8521, #4756 ) ;
#2261 = AXIS2_PLACEMENT_3D ( 'NONE', #5146, #6461, #4546 ) ;
#2262 = EDGE_CURVE ( 'NONE', #7059, #1019, #401, .T. ) ;
#2263 = VECTOR ( 'NONE', #553, 1000.000000000000000 ) ;
#2264 =( NAMED_UNIT ( * ) SI_UNIT ( $, .STERADIAN. ) SOLID_ANGLE_UNIT ( ) );
#2265 = VERTEX_POINT ( 'NONE', #483 ) ;
#2266 = SURFACE_SIDE_STYLE ('',( #3681 ) ) ;
#2267 = DIRECTION ( 'NONE',  ( 1.000000000000000000, 0.000000000000000000, 0.000000000000000000 ) ) ;
#2268 = ORIENTED_EDGE ( 'NONE', *, *, #2194, .F. ) ;
#2269 = VECTOR ( 'NONE', #4143, 1000.000000000000000 ) ;
#2270 = AXIS2_PLACEMENT_3D ( 'NONE', #4480, #364, #1633 ) ;
#2271 = ORIENTED_EDGE ( 'NONE', *, *, #2218, .T. ) ;
#2272 = ORIENTED_EDGE ( 'NONE', *, *, #4575, .T. ) ;
#2273 = CARTESIAN_POINT ( 'NONE',  ( 114.3000000000043173, -152.4002906799316861, 0.000000000000000000 ) ) ;
#2274 = ADVANCED_FACE ( 'NONE', ( #7960 ), #1890, .F. ) ;
#2275 = CARTESIAN_POINT ( 'NONE',  ( -152.3999999999999773, 106.1299999999999955, 0.000000000000000000 ) ) ;
#2276 = CARTESIAN_POINT ( 'NONE',  ( 127.0000000000001137, 292.9900000000000091, 0.000000000000000000 ) ) ;
#2277 = VECTOR ( 'NONE', #2900, 1000.000000000000000 ) ;
#2278 = CARTESIAN_POINT ( 'NONE',  ( -59.26666666666662309, -292.9900000000000091, 0.000000000000000000 ) ) ;
#2279 = PRESENTATION_LAYER_ASSIGNMENT (  '', '', ( #1127 ) ) ;
#2280 = EDGE_CURVE ( 'NONE', #7465, #3039, #314, .T. ) ;
#2281 = LINE ( 'NONE', #7045, #6974 ) ;
#2282 = ORIENTED_EDGE ( 'NONE', *, *, #62, .T. ) ;
#2283 = PRODUCT ( 'Left_Plate_Cover', 'Left_Plate_Cover', '', ( #8452 ) ) ;
#2284 = VECTOR ( 'NONE', #2157, 1000.000000000000000 ) ;
#2285 = CARTESIAN_POINT ( 'NONE',  ( -340.3090026065290772, 25.28218986821520531, 0.000000000000000000 ) ) ;
#2286 = AXIS2_PLACEMENT_3D ( 'NONE', #7683, #715, #1478 ) ;
#2287 = ADVANCED_FACE ( 'NONE', ( #5163 ), #3071, .F. ) ;
#2288 = FACE_OUTER_BOUND ( 'NONE', #4164, .T. ) ;
#2289 = DIRECTION ( 'NONE',  ( 0.000000000000000000, 0.000000000000000000, 1.000000000000000000 ) ) ;
#2290 = DIRECTION ( 'NONE',  ( -1.706325926237332771E-16, 1.000000000000000000, 0.000000000000000000 ) ) ;
#2291 = CARTESIAN_POINT ( 'NONE',  ( -457.1999999999999886, 33.43421516197582832, 0.000000000000000000 ) ) ;
#2292 = PRODUCT_CONTEXT ( 'NONE', #4066, 'mechanical' ) ;
#2293 = PRODUCT_DEFINITION_CONTEXT ( 'detailed design', #1106, 'design' ) ;
#2294 = MECHANICAL_DESIGN_GEOMETRIC_PRESENTATION_REPRESENTATION (  '', ( #3751 ), #2016 ) ;
#2295 =( LENGTH_UNIT ( ) NAMED_UNIT ( * ) SI_UNIT ( .MILLI., .METRE. ) );
#2296 = ORIENTED_EDGE ( 'NONE', *, *, #2659, .F. ) ;
#2297 = CARTESIAN_POINT ( 'NONE',  ( -394.5486812835924297, -76.12781013178522471, 11.81000000000000050 ) ) ;
#2298 = ORIENTED_EDGE ( 'NONE', *, *, #7456, .T. ) ;
#2299 = ADVANCED_FACE ( 'NONE', ( #5385 ), #7466, .F. ) ;
#2300 = ORIENTED_EDGE ( 'NONE', *, *, #5288, .F. ) ;
#2301 =( LENGTH_UNIT ( ) NAMED_UNIT ( * ) SI_UNIT ( .MILLI., .METRE. ) );
#2302 = SHAPE_REPRESENTATION ( 'Wood_Accent_Side', ( #3886 ), #8082 ) ;
#2303 = CARTESIAN_POINT ( 'NONE',  ( -382.7386812835922569, -50.72781013178523324, 11.81000000000000050 ) ) ;
#2304 = DIRECTION ( 'NONE',  ( -1.000000000000000000, 1.092739197465705287E-15, -0.000000000000000000 ) ) ;
#2305 = DIRECTION ( 'NONE',  ( -1.000000000000000000, 0.000000000000000000, 0.000000000000000000 ) ) ;
#2306 = SURFACE_STYLE_USAGE ( .BOTH. , #1456 ) ;
#2307 = LINE ( 'NONE', #5080, #1534 ) ;
#2308 = EDGE_CURVE ( 'NONE', #6213, #257, #8138, .T. ) ;
#2309 = ORIENTED_EDGE ( 'NONE', *, *, #7159, .F. ) ;
#2310 = ORIENTED_EDGE ( 'NONE', *, *, #2155, .F. ) ;
#2311 = DIRECTION ( 'NONE',  ( -0.000000000000000000, -0.000000000000000000, 1.000000000000000000 ) ) ;
#2312 = DIRECTION ( 'NONE',  ( 1.000000000000000000, -0.000000000000000000, -0.000000000000000000 ) ) ;
#2313 = CARTESIAN_POINT ( 'NONE',  ( -25.39999999999560387, 165.0997093200683992, 0.000000000000000000 ) ) ;
#2314 = CARTESIAN_POINT ( 'NONE',  ( 4.402728182029136406E-12, -152.4002906799316861, 11.81000000000000050 ) ) ;
#2315 = ORIENTED_EDGE ( 'NONE', *, *, #8538, .F. ) ;
#2316 = SURFACE_SIDE_STYLE ('',( #4399 ) ) ;
#2317 = CARTESIAN_POINT ( 'NONE',  ( -292.9900000000000091, -99.73508208504048866, 11.81000000000000050 ) ) ;
#2318 = ORIENTED_EDGE ( 'NONE', *, *, #4136, .F. ) ;
#2319 = DIRECTION ( 'NONE',  ( -4.370956789862819572E-15, 1.000000000000000000, 0.000000000000000000 ) ) ;
#2320 = EDGE_LOOP ( 'NONE', ( #2183, #2483, #2943, #572 ) ) ;
#2321 = ORIENTED_EDGE ( 'NONE', *, *, #5319, .F. ) ;
#2322 = CARTESIAN_POINT ( 'NONE',  ( 0.000000000000000000, 0.000000000000000000, 0.000000000000000000 ) ) ;
#2323 = CARTESIAN_POINT ( 'NONE',  ( -394.5486812835923160, -50.72781013178521903, 0.000000000000000000 ) ) ;
#2324 = LINE ( 'NONE', #4234, #1987 ) ;
#2325 = FACE_OUTER_BOUND ( 'NONE', #5092, .T. ) ;
#2326 = APPLICATION_CONTEXT ( 'automotive_design' ) ;
#2327 = LINE ( 'NONE', #7851, #1480 ) ;
#2328 = EDGE_CURVE ( 'NONE', #4444, #7513, #8322, .T. ) ;
#2329 = ORIENTED_EDGE ( 'NONE', *, *, #5877, .T. ) ;
#2330 = CLOSED_SHELL ( 'NONE', ( #1204, #6426, #3556, #8477, #4376, #7248 ) ) ;
#2331 = CARTESIAN_POINT ( 'NONE',  ( -72.71900260652908798, -140.7078101317848677, 11.81000000000000050 ) ) ;
#2332 = EDGE_CURVE ( 'NONE', #3855, #4975, #34, .T. ) ;
#2333 = DIRECTION ( 'NONE',  ( 0.000000000000000000, -1.000000000000000000, 0.000000000000000000 ) ) ;
#2334 = CARTESIAN_POINT ( 'NONE',  ( -80.73000000000001819, -111.5450820850404767, 0.000000000000000000 ) ) ;
#2335 = DIRECTION ( 'NONE',  ( -0.000000000000000000, -1.000000000000000000, -0.000000000000000000 ) ) ;
#2336 = ITEM_DEFINED_TRANSFORMATION ( 'NONE', 'NONE', #285,  #3886 ) ;
#2337 = AXIS2_PLACEMENT_3D ( 'NONE', #1184, #8779, #6890 ) ;
#2338 = EDGE_CURVE ( 'NONE', #5756, #4845, #720, .T. ) ;
#2339 = ORIENTED_EDGE ( 'NONE', *, *, #7967, .T. ) ;
#2340 = FILL_AREA_STYLE_COLOUR ( '', #5355 ) ;
#2341 = ORIENTED_EDGE ( 'NONE', *, *, #8864, .T. ) ;
#2342 = VECTOR ( 'NONE', #5791, 1000.000000000000000 ) ;
#2343 = ORIENTED_EDGE ( 'NONE', *, *, #806, .T. ) ;
#2344 = PLANE ( 'NONE',  #5770 ) ;
#2345 = CARTESIAN_POINT ( 'NONE',  ( 267.5900000000043519, 165.0997093200683992, 0.000000000000000000 ) ) ;
#2346 = LINE ( 'NONE', #6563, #2719 ) ;
#2347 = LINE ( 'NONE', #1538, #6293 ) ;
#2348 =( NAMED_UNIT ( * ) PLANE_ANGLE_UNIT ( ) SI_UNIT ( $, .RADIAN. ) );
#2349 = PRODUCT_DEFINITION ( 'UNKNOWN', '', #6942, #7822 ) ;
#2350 = LINE ( 'NONE', #3214, #1675 ) ;
#2351 = ORIENTED_EDGE ( 'NONE', *, *, #7154, .F. ) ;
#2352 = EDGE_LOOP ( 'NONE', ( #3845, #859, #2357, #3902 ) ) ;
#2353 = CARTESIAN_POINT ( 'NONE',  ( -152.3999999999999773, 267.5900000000000318, 0.000000000000000000 ) ) ;
#2354 = LINE ( 'NONE', #4526, #1422 ) ;
#2355 = EDGE_CURVE ( 'NONE', #1218, #1333, #1261, .T. ) ;
#2356 = PRODUCT_DEFINITION_SHAPE ( 'NONE', 'NONE',  #8935 ) ;
#2357 = ORIENTED_EDGE ( 'NONE', *, *, #4059, .T. ) ;
#2358 = DIRECTION ( 'NONE',  ( 1.000000000000000000, 0.000000000000000000, -0.000000000000000000 ) ) ;
#2359 = CARTESIAN_POINT ( 'NONE',  ( 152.4002906799316008, -4.665784838024103820, 0.000000000000000000 ) ) ;
#2360 = ORIENTED_EDGE ( 'NONE', *, *, #4755, .T. ) ;
#2361 = ORIENTED_EDGE ( 'NONE', *, *, #2218, .F. ) ;
#2362 = VERTEX_POINT ( 'NONE', #4024 ) ;
#2363 = CARTESIAN_POINT ( 'NONE',  ( -152.3999999999999773, 80.73000000000001819, 0.000000000000000000 ) ) ;
#2364 = DIRECTION ( 'NONE',  ( 0.000000000000000000, -1.000000000000000000, 0.000000000000000000 ) ) ;
#2365 = PLANE ( 'NONE',  #4584 ) ;
#2366 = CARTESIAN_POINT ( 'NONE',  ( -25.40000000000000213, 11.81000000000000050, 164.2100000000000364 ) ) ;
#2367 = LINE ( 'NONE', #8665, #747 ) ;
#2368 = VECTOR ( 'NONE', #7944, 1000.000000000000000 ) ;
#2369 = CARTESIAN_POINT ( 'NONE',  ( -33.86666666666661740, -304.8000000000000114, 11.81000000000000050 ) ) ;
#2370 = ORIENTED_EDGE ( 'NONE', *, *, #7917, .T. ) ;
#2371 = DIRECTION ( 'NONE',  ( 0.000000000000000000, -0.000000000000000000, 1.000000000000000000 ) ) ;
#2372 = VECTOR ( 'NONE', #6321, 1000.000000000000000 ) ;
#2373 = DIRECTION ( 'NONE',  ( 0.000000000000000000, 0.000000000000000000, 1.000000000000000000 ) ) ;
#2374 = CARTESIAN_POINT ( 'NONE',  ( -152.3999999999999773, 80.73000000000001819, 11.81000000000000050 ) ) ;
#2375 = EDGE_CURVE ( 'NONE', #2652, #7472, #2795, .T. ) ;
#2376 = DIRECTION ( 'NONE',  ( -1.000000000000000000, -1.092739197465705287E-15, 0.000000000000000000 ) ) ;
#2377 = CONTEXT_DEPENDENT_SHAPE_REPRESENTATION ( #8686, #6916 ) ;
#2378 = UNCERTAINTY_MEASURE_WITH_UNIT (LENGTH_MEASURE( 1.000000000000000082E-05 ), #1613, 'distance_accuracy_value', 'NONE');
#2379 = AXIS2_PLACEMENT_3D ( 'NONE', #5924, #2422, #8710 ) ;
#2380 = ORIENTED_EDGE ( 'NONE', *, *, #2495, .F. ) ;
#2381 = PLANE ( 'NONE',  #4757 ) ;
#2382 = ORIENTED_EDGE ( 'NONE', *, *, #419, .T. ) ;
#2383 = ORIENTED_EDGE ( 'NONE', *, *, #1939, .T. ) ;
#2384 = CARTESIAN_POINT ( 'NONE',  ( -267.5900000000000318, -111.5450820850404625, 0.000000000000000000 ) ) ;
#2385 = PLANE ( 'NONE',  #7323 ) ;
#2386 = CARTESIAN_POINT ( 'NONE',  ( 140.5900000000000034, -80.73000000000001819, 0.000000000000000000 ) ) ;
#2387 = EDGE_CURVE ( 'NONE', #7673, #1404, #3442, .T. ) ;
#2388 = CARTESIAN_POINT ( 'NONE',  ( -445.3899999999999864, -4.665784838024156223, 11.81000000000000050 ) ) ;
#2389 = VECTOR ( 'NONE', #556, 1000.000000000000000 ) ;
#2390 = DIRECTION ( 'NONE',  ( 0.8660254037844417052, -1.214154663850782913E-16, -0.4999999999999950040 ) ) ;
#2391 = EDGE_CURVE ( 'NONE', #5684, #3243, #2033, .T. ) ;
#2392 = DIRECTION ( 'NONE',  ( 1.000000000000000000, 0.000000000000000000, 0.000000000000000000 ) ) ;
#2393 = VECTOR ( 'NONE', #8059, 1000.000000000000000 ) ;
#2394 = ORIENTED_EDGE ( 'NONE', *, *, #7080, .T. ) ;
#2395 = ORIENTED_EDGE ( 'NONE', *, *, #1733, .T. ) ;
#2396 = DIRECTION ( 'NONE',  ( -1.000000000000000000, 0.000000000000000000, 0.000000000000000000 ) ) ;
#2397 = LINE ( 'NONE', #8053, #983 ) ;
#2398 = EDGE_CURVE ( 'NONE', #5273, #3855, #6792, .T. ) ;
#2399 = VECTOR ( 'NONE', #6568, 1000.000000000000000 ) ;
#2400 = ORIENTED_EDGE ( 'NONE', *, *, #152, .T. ) ;
#2401 = CARTESIAN_POINT ( 'NONE',  ( 140.5900000000000034, -80.73000000000001819, 0.000000000000000000 ) ) ;
#2402 = CARTESIAN_POINT ( 'NONE',  ( -352.1190026065291363, -33.98447679845147462, 0.000000000000000000 ) ) ;
#2403 = VERTEX_POINT ( 'NONE', #582 ) ;
#2404 = ORIENTED_EDGE ( 'NONE', *, *, #1854, .T. ) ;
#2405 = VECTOR ( 'NONE', #8681, 1000.000000000000000 ) ;
#2406 = EDGE_CURVE ( 'NONE', #6079, #2025, #3347, .T. ) ;
#2407 = PLANE ( 'NONE',  #8362 ) ;
#2408 = DIRECTION ( 'NONE',  ( 0.000000000000000000, 1.000000000000000000, 0.000000000000000000 ) ) ;
#2409 = LINE ( 'NONE', #4587, #1804 ) ;
#2410 = VECTOR ( 'NONE', #8585, 1000.000000000000000 ) ;
#2411 = VECTOR ( 'NONE', #3648, 1000.000000000000000 ) ;
#2412 = EDGE_LOOP ( 'NONE', ( #8838, #4086, #7063, #8778 ) ) ;
#2413 = ORIENTED_EDGE ( 'NONE', *, *, #5960, .T. ) ;
#2414 = CARTESIAN_POINT ( 'NONE',  ( 33.86666666666673819, -304.8000000000000114, 11.81000000000000050 ) ) ;
#2415 = EDGE_LOOP ( 'NONE', ( #80, #5458, #6889, #1554 ) ) ;
#2416 = EDGE_CURVE ( 'NONE', #1292, #8244, #6743, .T. ) ;
#2417 = CARTESIAN_POINT ( 'NONE',  ( 267.5900000000043519, -140.5902906799316554, 0.000000000000000000 ) ) ;
#2418 = VECTOR ( 'NONE', #2060, 1000.000000000000000 ) ;
#2419 = VECTOR ( 'NONE', #1280, 1000.000000000000000 ) ;
#2420 = DIRECTION ( 'NONE',  ( 0.000000000000000000, -0.000000000000000000, 1.000000000000000000 ) ) ;
#2421 = DIRECTION ( 'NONE',  ( -1.000000000000000000, -0.000000000000000000, -0.000000000000000000 ) ) ;
#2422 = DIRECTION ( 'NONE',  ( -1.000000000000000000, 0.000000000000000000, 0.000000000000000000 ) ) ;
#2423 = VECTOR ( 'NONE', #7952, 1000.000000000000000 ) ;
#2424 = CARTESIAN_POINT ( 'NONE',  ( -140.5900000000000034, -106.1299999999999955, 11.81000000000000050 ) ) ;
#2425 = STYLED_ITEM ( 'NONE', ( #173 ), #6264 ) ;
#2426 = ORIENTED_EDGE ( 'NONE', *, *, #5910, .F. ) ;
#2427 = EDGE_CURVE ( 'NONE', #7401, #7836, #4073, .T. ) ;
#2428 = ORIENTED_EDGE ( 'NONE', *, *, #8412, .T. ) ;
#2429 = ORIENTED_EDGE ( 'NONE', *, *, #7950, .T. ) ;
#2430 = LINE ( 'NONE', #1533, #7347 ) ;
#2431 = PLANE ( 'NONE',  #2542 ) ;
#2432 = LINE ( 'NONE', #4473, #2000 ) ;
#2433 = ORIENTED_EDGE ( 'NONE', *, *, #1939, .F. ) ;
#2434 = AXIS2_PLACEMENT_3D ( 'NONE', #8852, #1259, #6021 ) ;
#2435 = DIRECTION ( 'NONE',  ( -0.000000000000000000, -0.000000000000000000, 1.000000000000000000 ) ) ;
#2436 = DIRECTION ( 'NONE',  ( 5.551115123125781470E-17, 5.551115123125781470E-17, 1.000000000000000000 ) ) ;
#2437 = CARTESIAN_POINT ( 'NONE',  ( -304.8000000000000114, -52.27841541837379680, 0.000000000000000000 ) ) ;
#2438 = ADVANCED_FACE ( 'NONE', ( #3393 ), #5565, .T. ) ;
#2439 = VECTOR ( 'NONE', #2421, 1000.000000000000000 ) ;
#2440 = ADVANCED_FACE ( 'NONE', ( #6923 ), #3487, .F. ) ;
#2441 = VERTEX_POINT ( 'NONE', #2653 ) ;
#2442 = ORIENTED_EDGE ( 'NONE', *, *, #4615, .T. ) ;
#2443 = FACE_OUTER_BOUND ( 'NONE', #3047, .T. ) ;
#2444 =( REPRESENTATION_RELATIONSHIP ('NONE','NONE', #853, #3527 ) REPRESENTATION_RELATIONSHIP_WITH_TRANSFORMATION ( #613 )SHAPE_REPRESENTATION_RELATIONSHIP( ) );
#2445 = EDGE_CURVE ( 'NONE', #559, #4522, #4753, .T. ) ;
#2446 = CARTESIAN_POINT ( 'NONE',  ( 304.8000000000000114, 32.38825124829293145, 0.000000000000000000 ) ) ;
#2447 = FILL_AREA_STYLE_COLOUR ( '', #8522 ) ;
#2448 = ORIENTED_EDGE ( 'NONE', *, *, #4523, .F. ) ;
#2449 = LINE ( 'NONE', #3043, #607 ) ;
#2450 = CARTESIAN_POINT ( 'NONE',  ( -25.39999999999999147, 11.81000000000000050, -304.8000000000000114 ) ) ;
#2451 = ORIENTED_EDGE ( 'NONE', *, *, #5050, .T. ) ;
#2452 = EDGE_CURVE ( 'NONE', #8618, #7973, #6835, .T. ) ;
#2453 = VERTEX_POINT ( 'NONE', #8812 ) ;
#2454 = EDGE_CURVE ( 'NONE', #1884, #8886, #8905, .T. ) ;
#2455 = AXIS2_PLACEMENT_3D ( 'NONE', #1932, #3394, #1982 ) ;
#2456 = DIRECTION ( 'NONE',  ( 0.000000000000000000, -1.000000000000000000, 0.000000000000000000 ) ) ;
#2457 = DIRECTION ( 'NONE',  ( -0.000000000000000000, -1.000000000000000000, -0.000000000000000000 ) ) ;
#2458 = CARTESIAN_POINT ( 'NONE',  ( -47.31900260652910362, -93.25114346511811902, 0.000000000000000000 ) ) ;
#2459 = PRESENTATION_LAYER_ASSIGNMENT (  '', '', ( #7087 ) ) ;
#2460 = DIRECTION ( 'NONE',  ( -0.000000000000000000, -0.000000000000000000, 1.000000000000000000 ) ) ;
#2461 = EDGE_CURVE ( 'NONE', #408, #246, #6962, .T. ) ;
#2462 = ORIENTED_EDGE ( 'NONE', *, *, #1294, .F. ) ;
#2463 = CARTESIAN_POINT ( 'NONE',  ( -382.7386812835923138, -76.12781013178522471, 0.000000000000000000 ) ) ;
#2464 = EDGE_LOOP ( 'NONE', ( #1705, #3753, #6928, #4839 ) ) ;
#2465 = DIRECTION ( 'NONE',  ( 1.000000000000000000, 0.000000000000000000, 0.000000000000000000 ) ) ;
#2466 = DIRECTION ( 'NONE',  ( 0.000000000000000000, 1.000000000000000000, 0.000000000000000000 ) ) ;
#2467 =( NAMED_UNIT ( * ) PLANE_ANGLE_UNIT ( ) SI_UNIT ( $, .RADIAN. ) );
#2468 = LINE ( 'NONE', #388, #5142 ) ;
#2469 = UNCERTAINTY_MEASURE_WITH_UNIT (LENGTH_MEASURE( 1.000000000000000082E-05 ), #7339, 'distance_accuracy_value', 'NONE');
#2470 = ADVANCED_FACE ( 'NONE', ( #6465 ), #73, .F. ) ;
#2471 = CARTESIAN_POINT ( 'NONE',  ( -152.3999999999999773, 304.8000000000000114, 0.000000000000000000 ) ) ;
#2472 = EDGE_LOOP ( 'NONE', ( #1860, #3411, #4654, #3781 ) ) ;
#2473 = VERTEX_POINT ( 'NONE', #3658 ) ;
#2474 = LINE ( 'NONE', #8761, #1423 ) ;
#2475 = DIRECTION ( 'NONE',  ( 0.000000000000000000, -0.000000000000000000, 1.000000000000000000 ) ) ;
#2476 = CARTESIAN_POINT ( 'NONE',  ( 304.8000000000000114, 6.988251248292928430, 11.81000000000000050 ) ) ;
#2477 = VERTEX_POINT ( 'NONE', #3702 ) ;
#2478 = CARTESIAN_POINT ( 'NONE',  ( -346.6871619467640357, 11.81000000000000050, -616.1005700363344886 ) ) ;
#2479 = DIRECTION ( 'NONE',  ( 5.551115123125781470E-17, -5.551115123125781470E-17, 1.000000000000000000 ) ) ;
#2480 = LINE ( 'NONE', #7198, #4425 ) ;
#2481 = VECTOR ( 'NONE', #1857, 1000.000000000000000 ) ;
#2482 = ORIENTED_EDGE ( 'NONE', *, *, #5446, .F. ) ;
#2483 = ORIENTED_EDGE ( 'NONE', *, *, #4120, .F. ) ;
#2484 = CARTESIAN_POINT ( 'NONE',  ( -140.5900000000000034, 267.5900000000000318, 11.81000000000000050 ) ) ;
#2485 = ADVANCED_FACE ( 'NONE', ( #1573 ), #759, .T. ) ;
#2486 = ORIENTED_EDGE ( 'NONE', *, *, #8285, .F. ) ;
#2487 = PLANE ( 'NONE',  #6540 ) ;
#2488 = CARTESIAN_POINT ( 'NONE',  ( -687.5386812835920409, -76.12781013178523892, 0.000000000000000000 ) ) ;
#2489 = EDGE_CURVE ( 'NONE', #7894, #1765, #5745, .T. ) ;
#2490 = VERTEX_POINT ( 'NONE', #4206 ) ;
#2491 = ORIENTED_EDGE ( 'NONE', *, *, #7398, .F. ) ;
#2492 = ORIENTED_EDGE ( 'NONE', *, *, #6879, .T. ) ;
#2493 = DIRECTION ( 'NONE',  ( 0.000000000000000000, 1.000000000000000000, 0.000000000000000000 ) ) ;
#2494 = PLANE ( 'NONE',  #8730 ) ;
#2495 = EDGE_CURVE ( 'NONE', #5457, #3068, #3525, .T. ) ;
#2496 = CARTESIAN_POINT ( 'NONE',  ( 114.3000000000043173, 457.1997093200683935, 0.000000000000000000 ) ) ;
#2497 = EDGE_LOOP ( 'NONE', ( #5658, #7235, #5130, #8388 ) ) ;
#2498 = EDGE_CURVE ( 'NONE', #6712, #3716, #252, .T. ) ;
#2499 = VERTEX_POINT ( 'NONE', #800 ) ;
#2500 = DIRECTION ( 'NONE',  ( 1.000000000000000000, 1.706325926237332771E-16, 0.000000000000000000 ) ) ;
#2501 = ORIENTED_EDGE ( 'NONE', *, *, #3732, .T. ) ;
#2502 = CARTESIAN_POINT ( 'NONE',  ( -59.12900260652914852, -33.98447679845144620, 0.000000000000000000 ) ) ;
#2503 = PRODUCT_RELATED_PRODUCT_CATEGORY ( 'part', '', ( #3014 ) ) ;
#2504 = FACE_OUTER_BOUND ( 'NONE', #652, .T. ) ;
#2505 = CARTESIAN_POINT ( 'NONE',  ( 254.0000000000042348, 445.3897093200683912, 0.000000000000000000 ) ) ;
#2506 = VECTOR ( 'NONE', #6102, 1000.000000000000000 ) ;
#2507 = ORIENTED_EDGE ( 'NONE', *, *, #4812, .T. ) ;
#2508 = CARTESIAN_POINT ( 'NONE',  ( -340.3090026065290772, -33.98447679845147462, 0.000000000000000000 ) ) ;
#2509 = VECTOR ( 'NONE', #3690, 1000.000000000000000 ) ;
#2510 = ORIENTED_EDGE ( 'NONE', *, *, #1555, .T. ) ;
#2511 = DIRECTION ( 'NONE',  ( 0.000000000000000000, -1.000000000000000000, -0.000000000000000000 ) ) ;
#2512 = EDGE_CURVE ( 'NONE', #4029, #5602, #2971, .T. ) ;
#2513 = DIRECTION ( 'NONE',  ( 1.000000000000000000, 0.000000000000000000, 4.370956789862819572E-15 ) ) ;
#2514 = PLANE ( 'NONE',  #555 ) ;
#2515 = VERTEX_POINT ( 'NONE', #1482 ) ;
#2516 = LINE ( 'NONE', #5293, #7731 ) ;
#2517 = CARTESIAN_POINT ( 'NONE',  ( -625.0606269912414064, 304.8001453399658089, 57.97301706033702828 ) ) ;
#2518 = VECTOR ( 'NONE', #2880, 1000.000000000000000 ) ;
#2519 = DIRECTION ( 'NONE',  ( -0.000000000000000000, -0.000000000000000000, 1.000000000000000000 ) ) ;
#2520 = ORIENTED_EDGE ( 'NONE', *, *, #5716, .F. ) ;
#2521 = ADVANCED_FACE ( 'NONE', ( #8407 ), #3566, .F. ) ;
#2522 =( NAMED_UNIT ( * ) PLANE_ANGLE_UNIT ( ) SI_UNIT ( $, .RADIAN. ) );
#2523 = AXIS2_PLACEMENT_3D ( 'NONE', #8800, #2826, #2230 ) ;
#2524 = DIRECTION ( 'NONE',  ( 2.175315503602243824E-16, -1.000000000000000000, 0.000000000000000000 ) ) ;
#2525 =( LENGTH_UNIT ( ) NAMED_UNIT ( * ) SI_UNIT ( .MILLI., .METRE. ) );
#2526 = EDGE_LOOP ( 'NONE', ( #4201, #5442, #4363, #8093 ) ) ;
#2527 = LINE ( 'NONE', #4625, #8554 ) ;
#2528 = PLANE ( 'NONE',  #664 ) ;
#2529 = AXIS2_PLACEMENT_3D ( 'NONE', #5407, #3505, #4863 ) ;
#2530 = ORIENTED_EDGE ( 'NONE', *, *, #7154, .T. ) ;
#2531 = ORIENTED_EDGE ( 'NONE', *, *, #3995, .T. ) ;
#2532 = ORIENTED_EDGE ( 'NONE', *, *, #6329, .T. ) ;
#2533 = ADVANCED_FACE ( 'NONE', ( #5067 ), #1526, .T. ) ;
#2534 = DIRECTION ( 'NONE',  ( 1.000000000000000000, 0.000000000000000000, 0.000000000000000000 ) ) ;
#2535 = LINE ( 'NONE', #8661, #5032 ) ;
#2536 = AXIS2_PLACEMENT_3D ( 'NONE', #6700, #7421, #1599 ) ;
#2537 = LINE ( 'NONE', #3453, #8010 ) ;
#2538 = CARTESIAN_POINT ( 'NONE',  ( 0.000000000000000000, 0.000000000000000000, 0.000000000000000000 ) ) ;
#2539 = CARTESIAN_POINT ( 'NONE',  ( -304.8000000000000114, 32.38825124829288171, 0.000000000000000000 ) ) ;
#2540 = ORIENTED_EDGE ( 'NONE', *, *, #4704, .T. ) ;
#2541 = LINE ( 'NONE', #334, #7696 ) ;
#2542 = AXIS2_PLACEMENT_3D ( 'NONE', #397, #7415, #2475 ) ;
#2543 = VERTEX_POINT ( 'NONE', #2239 ) ;
#2544 = ADVANCED_FACE ( 'NONE', ( #4244 ), #7820, .F. ) ;
#2545 = PLANE ( 'NONE',  #5611 ) ;
#2546 = FACE_OUTER_BOUND ( 'NONE', #4314, .T. ) ;
#2547 = DIRECTION ( 'NONE',  ( 0.000000000000000000, 1.000000000000000000, 0.000000000000000000 ) ) ;
#2548 = EDGE_CURVE ( 'NONE', #3318, #2441, #7101, .T. ) ;
#2549 =( LENGTH_UNIT ( ) NAMED_UNIT ( * ) SI_UNIT ( .MILLI., .METRE. ) );
#2550 = VECTOR ( 'NONE', #8232, 1000.000000000000000 ) ;
#2551 = DIRECTION ( 'NONE',  ( 1.894642264054528850E-16, 1.000000000000000000, -0.000000000000000000 ) ) ;
#2552 = VECTOR ( 'NONE', #2534, 1000.000000000000000 ) ;
#2553 = UNCERTAINTY_MEASURE_WITH_UNIT (LENGTH_MEASURE( 1.000000000000000082E-05 ), #7042, 'distance_accuracy_value', 'NONE');
#2554 = DIRECTION ( 'NONE',  ( -1.000000000000000000, -1.706325926237332771E-16, 0.000000000000000000 ) ) ;
#2555 = ORIENTED_EDGE ( 'NONE', *, *, #5856, .F. ) ;
#2556 = VECTOR ( 'NONE', #4208, 1000.000000000000000 ) ;
#2557 = CARTESIAN_POINT ( 'NONE',  ( 304.8000000000000114, 32.38825124829293145, 0.000000000000000000 ) ) ;
#2558 = VECTOR ( 'NONE', #1085, 1000.000000000000000 ) ;
#2559 = ORIENTED_EDGE ( 'NONE', *, *, #6909, .F. ) ;
#2560 = DIRECTION ( 'NONE',  ( 0.000000000000000000, -1.000000000000000000, 0.000000000000000000 ) ) ;
#2561 = CARTESIAN_POINT ( 'NONE',  ( -223.2989142387372681, 11.81000000000000050, -1294.423107283573700 ) ) ;
#2562 = EDGE_LOOP ( 'NONE', ( #1211, #3353, #7234, #6176 ) ) ;
#2563 = CARTESIAN_POINT ( 'NONE',  ( 152.3999999999999773, -80.73000000000001819, 0.000000000000000000 ) ) ;
#2564 = DIRECTION ( 'NONE',  ( -1.051488783018137525E-16, -1.000000000000000000, 6.070773319253859099E-17 ) ) ;
#2565 = VECTOR ( 'NONE', #5447, 1000.000000000000000 ) ;
#2566 = VECTOR ( 'NONE', #6693, 1000.000000000000000 ) ;
#2567 = CARTESIAN_POINT ( 'NONE',  ( -687.5386812835920409, -50.72781013178524034, 11.81000000000000050 ) ) ;
#2568 = ADVANCED_FACE ( 'NONE', ( #121 ), #3614, .T. ) ;
#2569 = ORIENTED_EDGE ( 'NONE', *, *, #5515, .F. ) ;
#2570 = VECTOR ( 'NONE', #1353, 1000.000000000000000 ) ;
#2571 = VERTEX_POINT ( 'NONE', #2925 ) ;
#2572 = LINE ( 'NONE', #4571, #3871 ) ;
#2573 = CARTESIAN_POINT ( 'NONE',  ( 4.402728182029136406E-12, -152.4002906799316861, 0.000000000000000000 ) ) ;
#2574 = SURFACE_SIDE_STYLE ('',( #6705 ) ) ;
#2575 = FACE_OUTER_BOUND ( 'NONE', #7110, .T. ) ;
#2576 = EDGE_CURVE ( 'NONE', #7265, #6416, #1615, .T. ) ;
#2577 = STYLED_ITEM ( 'NONE', ( #156 ), #4599 ) ;
#2578 = VERTEX_POINT ( 'NONE', #894 ) ;
#2579 = DIRECTION ( 'NONE',  ( -0.000000000000000000, -0.000000000000000000, 1.000000000000000000 ) ) ;
#2580 = CARTESIAN_POINT ( 'NONE',  ( 139.7000000000043087, 445.3897093200683912, 0.000000000000000000 ) ) ;
#2581 = EDGE_LOOP ( 'NONE', ( #5979, #418, #78, #4973 ) ) ;
#2582 = ORIENTED_EDGE ( 'NONE', *, *, #5730, .T. ) ;
#2583 = PLANE ( 'NONE',  #7631 ) ;
#2584 = CARTESIAN_POINT ( 'NONE',  ( -140.5900000000000034, -80.73000000000001819, 0.000000000000000000 ) ) ;
#2585 = CARTESIAN_POINT ( 'NONE',  ( -139.6998546600342195, -4.665784838024212178, 0.000000000000000000 ) ) ;
#2586 = CARTESIAN_POINT ( 'NONE',  ( -340.3090026065291340, 50.68218986821521099, 0.000000000000000000 ) ) ;
#2587 =( NAMED_UNIT ( * ) SI_UNIT ( $, .STERADIAN. ) SOLID_ANGLE_UNIT ( ) );
#2588 = DIRECTION ( 'NONE',  ( 9.106159978880877395E-17, -1.000000000000000000, 0.000000000000000000 ) ) ;
#2589 = ORIENTED_EDGE ( 'NONE', *, *, #5479, .F. ) ;
#2590 = AXIS2_PLACEMENT_3D ( 'NONE', #4614, #5525, #2609 ) ;
#2591 = CARTESIAN_POINT ( 'NONE',  ( 267.5900000000043519, 139.6997093200683935, 0.000000000000000000 ) ) ;
#2592 = ORIENTED_EDGE ( 'NONE', *, *, #4776, .F. ) ;
#2593 = VERTEX_POINT ( 'NONE', #6423 ) ;
#2594 = DIRECTION ( 'NONE',  ( 0.000000000000000000, -0.000000000000000000, -1.000000000000000000 ) ) ;
#2595 = LINE ( 'NONE', #1919, #5850 ) ;
#2596 = DIRECTION ( 'NONE',  ( -0.000000000000000000, -0.000000000000000000, -1.000000000000000000 ) ) ;
#2597 = SURFACE_STYLE_FILL_AREA ( #4687 ) ;
#2598 = LINE ( 'NONE', #2021, #4262 ) ;
#2599 = EDGE_CURVE ( 'NONE', #5608, #7973, #4377, .T. ) ;
#2600 = CARTESIAN_POINT ( 'NONE',  ( 254.0000000000042348, -152.4002906799316861, 0.000000000000000000 ) ) ;
#2601 = VERTEX_POINT ( 'NONE', #5798 ) ;
#2602 = ADVANCED_FACE ( 'NONE', ( #8625 ), #434, .F. ) ;
#2603 = DIRECTION ( 'NONE',  ( -0.000000000000000000, -0.000000000000000000, 1.000000000000000000 ) ) ;
#2604 = ORIENTED_EDGE ( 'NONE', *, *, #2175, .F. ) ;
#2605 = DIRECTION ( 'NONE',  ( 0.000000000000000000, 0.000000000000000000, 1.000000000000000000 ) ) ;
#2606 = DIRECTION ( 'NONE',  ( 0.000000000000000000, 1.000000000000000000, 0.000000000000000000 ) ) ;
#2607 = VERTEX_POINT ( 'NONE', #3875 ) ;
#2608 = DIRECTION ( 'NONE',  ( -4.370956789862819572E-15, 1.000000000000000000, 0.000000000000000000 ) ) ;
#2609 = DIRECTION ( 'NONE',  ( -5.551115123125782702E-17, 1.000000000000000222, -1.110223024625156540E-16 ) ) ;
#2610 = EDGE_CURVE ( 'NONE', #7836, #3599, #4464, .T. ) ;
#2611 = DIRECTION ( 'NONE',  ( 1.000000000000000000, 0.000000000000000000, -0.000000000000000000 ) ) ;
#2612 = VERTEX_POINT ( 'NONE', #5200 ) ;
#2613 = VECTOR ( 'NONE', #2862, 1000.000000000000000 ) ;
#2614 = ORIENTED_EDGE ( 'NONE', *, *, #4784, .F. ) ;
#2615 = CARTESIAN_POINT ( 'NONE',  ( -445.3899999999999864, 96.93421516197595622, 11.81000000000000050 ) ) ;
#2616 = DIRECTION ( 'NONE',  ( -0.000000000000000000, -0.000000000000000000, 1.000000000000000000 ) ) ;
#2617 = ADVANCED_FACE ( 'NONE', ( #7899 ), #6597, .T. ) ;
#2618 = LINE ( 'NONE', #8147, #7284 ) ;
#2619 = COLOUR_RGB ( '',1.000000000000000000, 1.000000000000000000, 1.000000000000000000 ) ;
#2620 = VERTEX_POINT ( 'NONE', #3918 ) ;
#2621 = DIRECTION ( 'NONE',  ( 1.000000000000000000, 0.000000000000000000, 0.000000000000000000 ) ) ;
#2622 = EDGE_LOOP ( 'NONE', ( #3233, #1519, #5781, #6317 ) ) ;
#2623 = VERTEX_POINT ( 'NONE', #8033 ) ;
#2624 = VERTEX_POINT ( 'NONE', #3197 ) ;
#2625 = VERTEX_POINT ( 'NONE', #3829 ) ;
#2626 = DIRECTION ( 'NONE',  ( -0.000000000000000000, -0.000000000000000000, 1.000000000000000000 ) ) ;
#2627 = VECTOR ( 'NONE', #7942, 1000.000000000000000 ) ;
#2628 = CARTESIAN_POINT ( 'NONE',  ( -445.3899999999999864, -4.665784838024156223, 0.000000000000000000 ) ) ;
#2629 = EDGE_CURVE ( 'NONE', #7799, #1765, #6514, .T. ) ;
#2630 = DIRECTION ( 'NONE',  ( 0.000000000000000000, 0.000000000000000000, 1.000000000000000000 ) ) ;
#2631 = PLANE ( 'NONE',  #6454 ) ;
#2632 = VERTEX_POINT ( 'NONE', #1065 ) ;
#2633 = LINE ( 'NONE', #1334, #2947 ) ;
#2634 = VERTEX_POINT ( 'NONE', #5284 ) ;
#2635 = ORIENTED_EDGE ( 'NONE', *, *, #3549, .T. ) ;
#2636 = DIRECTION ( 'NONE',  ( 0.000000000000000000, -0.000000000000000000, -1.000000000000000000 ) ) ;
#2637 = EDGE_CURVE ( 'NONE', #3885, #2767, #7858, .T. ) ;
#2638 = FACE_OUTER_BOUND ( 'NONE', #7570, .T. ) ;
#2639 = LINE ( 'NONE', #4686, #829 ) ;
#2640 = SURFACE_STYLE_USAGE ( .BOTH. , #8753 ) ;
#2641 = LINE ( 'NONE', #5418, #3980 ) ;
#2642 = UNCERTAINTY_MEASURE_WITH_UNIT (LENGTH_MEASURE( 1.000000000000000082E-05 ), #1222, 'distance_accuracy_value', 'NONE');
#2643 = CARTESIAN_POINT ( 'NONE',  ( -445.3899999999999864, 7.144215161975845163, 11.81000000000000050 ) ) ;
#2644 = VERTEX_POINT ( 'NONE', #6687 ) ;
#2645 = CARTESIAN_POINT ( 'NONE',  ( -152.3999999999999773, 304.8000000000000114, 0.000000000000000000 ) ) ;
#2646 = ORIENTED_EDGE ( 'NONE', *, *, #4719, .F. ) ;
#2647 = EDGE_CURVE ( 'NONE', #4761, #1278, #343, .T. ) ;
#2648 = VECTOR ( 'NONE', #5728, 1000.000000000000000 ) ;
#2649 = CARTESIAN_POINT ( 'NONE',  ( 292.9900000000000091, 6.988251248292928430, 0.000000000000000000 ) ) ;
#2650 = CARTESIAN_POINT ( 'NONE',  ( 0.000000000000000000, 0.000000000000000000, 0.000000000000000000 ) ) ;
#2651 = PRODUCT_DEFINITION_SHAPE ( 'NONE', 'NONE',  #8960 ) ;
#2652 = VERTEX_POINT ( 'NONE', #1655 ) ;
#2653 = CARTESIAN_POINT ( 'NONE',  ( 114.3000000000043030, -140.5902906799316554, 11.81000000000000050 ) ) ;
#2654 = CARTESIAN_POINT ( 'NONE',  ( 164.2100000000001216, -197.8989142387372908, -1091.223107283573654 ) ) ;
#2655 = FACE_OUTER_BOUND ( 'NONE', #2965, .T. ) ;
#2656 = VECTOR ( 'NONE', #5031, 1000.000000000000000 ) ;
#2657 = ORIENTED_EDGE ( 'NONE', *, *, #5786, .F. ) ;
#2658 = ORIENTED_EDGE ( 'NONE', *, *, #6296, .F. ) ;
#2659 = EDGE_CURVE ( 'NONE', #5275, #5124, #2468, .T. ) ;
#2660 = DIRECTION ( 'NONE',  ( -0.000000000000000000, -0.000000000000000000, 1.000000000000000000 ) ) ;
#2661 =( REPRESENTATION_RELATIONSHIP ('NONE','NONE', #853, #1083 ) REPRESENTATION_RELATIONSHIP_WITH_TRANSFORMATION ( #7991 )SHAPE_REPRESENTATION_RELATIONSHIP( ) );
#2662 = AXIS2_PLACEMENT_3D ( 'NONE', #6249, #7650, #531 ) ;
#2663 = ADVANCED_FACE ( 'NONE', ( #472 ), #303, .T. ) ;
#2664 = ORIENTED_EDGE ( 'NONE', *, *, #141, .T. ) ;
#2665 = DIRECTION ( 'NONE',  ( -0.000000000000000000, -0.000000000000000000, 1.000000000000000000 ) ) ;
#2666 = DIRECTION ( 'NONE',  ( 1.000000000000000000, -2.014845802307676854E-15, -0.000000000000000000 ) ) ;
#2667 = ORIENTED_EDGE ( 'NONE', *, *, #3750, .T. ) ;
#2668 = ORIENTED_EDGE ( 'NONE', *, *, #5685, .F. ) ;
#2669 = VECTOR ( 'NONE', #886, 1000.000000000000000 ) ;
#2670 = EDGE_LOOP ( 'NONE', ( #4986, #2954, #1260, #4014 ) ) ;
#2671 = ORIENTED_EDGE ( 'NONE', *, *, #5749, .T. ) ;
#2672 = CARTESIAN_POINT ( 'NONE',  ( -382.7386812835923138, -126.9278101317851082, 11.81000000000000050 ) ) ;
#2673 = EDGE_CURVE ( 'NONE', #7756, #380, #7229, .T. ) ;
#2674 = DIRECTION ( 'NONE',  ( 0.000000000000000000, -1.000000000000000000, 0.000000000000000000 ) ) ;
#2675 = CARTESIAN_POINT ( 'NONE',  ( 279.4000000000042974, 457.1997093200683935, 0.000000000000000000 ) ) ;
#2676 = AXIS2_PLACEMENT_3D ( 'NONE', #1997, #4852, #2086 ) ;
#2677 = EDGE_LOOP ( 'NONE', ( #6902, #3717, #7827, #7690 ) ) ;
#2678 = PLANE ( 'NONE',  #4418 ) ;
#2679 = ORIENTED_EDGE ( 'NONE', *, *, #8333, .F. ) ;
#2680 = ORIENTED_EDGE ( 'NONE', *, *, #7149, .T. ) ;
#2681 = EDGE_CURVE ( 'NONE', #6737, #4532, #3239, .T. ) ;
#2682 = EDGE_LOOP ( 'NONE', ( #2756, #3221, #6787, #7537 ) ) ;
#2683 = DIRECTION ( 'NONE',  ( 0.000000000000000000, -1.000000000000000000, 0.000000000000000000 ) ) ;
#2684 = VECTOR ( 'NONE', #7521, 1000.000000000000000 ) ;
#2685 = CARTESIAN_POINT ( 'NONE',  ( -304.8000000000000114, 32.38825124829288171, 11.81000000000000050 ) ) ;
#2686 = LINE ( 'NONE', #3514, #4010 ) ;
#2687 =( LENGTH_UNIT ( ) NAMED_UNIT ( * ) SI_UNIT ( .MILLI., .METRE. ) );
#2688 = PLANE ( 'NONE',  #360 ) ;
#2689 = VECTOR ( 'NONE', #4415, 1000.000000000000000 ) ;
#2690 = EDGE_CURVE ( 'NONE', #8434, #7723, #1159, .T. ) ;
#2691 = LINE ( 'NONE', #2024, #6121 ) ;
#2692 = ORIENTED_EDGE ( 'NONE', *, *, #4030, .T. ) ;
#2693 = CARTESIAN_POINT ( 'NONE',  ( -80.73000000000001819, -99.73508208504047445, 0.000000000000000000 ) ) ;
#2694 = VERTEX_POINT ( 'NONE', #3789 ) ;
#2695 = VECTOR ( 'NONE', #1254, 1000.000000000000000 ) ;
#2696 = DIRECTION ( 'NONE',  ( 1.000000000000000000, 0.000000000000000000, 0.000000000000000000 ) ) ;
#2697 = AXIS2_PLACEMENT_3D ( 'NONE', #5062, #2968, #6420 ) ;
#2698 = CARTESIAN_POINT ( 'NONE',  ( 114.3000000000043030, -140.5902906799316554, 0.000000000000000000 ) ) ;
#2699 = CARTESIAN_POINT ( 'NONE',  ( 127.0000000000001137, -292.9900000000000091, 0.000000000000000000 ) ) ;
#2700 = ORIENTED_EDGE ( 'NONE', *, *, #3634, .T. ) ;
#2701 = CARTESIAN_POINT ( 'NONE',  ( -457.1999999999999886, 96.93421516197581411, 0.000000000000000000 ) ) ;
#2702 = DIRECTION ( 'NONE',  ( -0.8660254037844417052, 1.214154663850782913E-16, 0.4999999999999950040 ) ) ;
#2703 = VECTOR ( 'NONE', #6966, 1000.000000000000000 ) ;
#2704 = ADVANCED_FACE ( 'NONE', ( #4598 ), #4551, .F. ) ;
#2705 = DIRECTION ( 'NONE',  ( 2.937719688360373903E-16, -1.000000000000000000, -0.000000000000000000 ) ) ;
#2706 = VECTOR ( 'NONE', #5690, 1000.000000000000000 ) ;
#2707 = ORIENTED_EDGE ( 'NONE', *, *, #1051, .F. ) ;
#2708 = ORIENTED_EDGE ( 'NONE', *, *, #1721, .F. ) ;
#2709 = CARTESIAN_POINT ( 'NONE',  ( -59.12900260652914852, -93.25114346511811902, 0.000000000000000000 ) ) ;
#2710 = CARTESIAN_POINT ( 'NONE',  ( -522.4386812835921319, -152.3278101317850712, 0.000000000000000000 ) ) ;
#2711 = VECTOR ( 'NONE', #2216, 1000.000000000000000 ) ;
#2712 = AXIS2_PLACEMENT_3D ( 'NONE', #1043, #2396, #3766 ) ;
#2713 = ADVANCED_FACE ( 'NONE', ( #3062 ), #4417, .F. ) ;
#2714 = VERTEX_POINT ( 'NONE', #7181 ) ;
#2715 = CARTESIAN_POINT ( 'NONE',  ( -687.5386812835920409, -76.12781013178523892, 11.81000000000000050 ) ) ;
#2716 = DIRECTION ( 'NONE',  ( -0.000000000000000000, -0.000000000000000000, -1.000000000000000000 ) ) ;
#2717 = VERTEX_POINT ( 'NONE', #981 ) ;
#2718 = VERTEX_POINT ( 'NONE', #3748 ) ;
#2719 = VECTOR ( 'NONE', #8041, 1000.000000000000000 ) ;
#2720 = AXIS2_PLACEMENT_3D ( 'NONE', #6651, #8680, #7996 ) ;
#2721 = ORIENTED_EDGE ( 'NONE', *, *, #2173, .T. ) ;
#2722 = ADVANCED_FACE ( 'NONE', ( #8578 ), #8079, .F. ) ;
#2723 = CARTESIAN_POINT ( 'NONE',  ( -139.6998546600342195, 7.144215161975789208, 0.000000000000000000 ) ) ;
#2724 = CARTESIAN_POINT ( 'NONE',  ( 25.40000000000001279, 0.000000000000000000, -304.8000000000000682 ) ) ;
#2725 = VECTOR ( 'NONE', #4463, 1000.000000000000000 ) ;
#2726 = CARTESIAN_POINT ( 'NONE',  ( -687.5386812835920409, -114.2278101317851906, 0.000000000000000000 ) ) ;
#2727 = EDGE_CURVE ( 'NONE', #3686, #5729, #1921, .T. ) ;
#2728 = CARTESIAN_POINT ( 'NONE',  ( -304.8000000000000114, -86.14508208504045683, 0.000000000000000000 ) ) ;
#2729 = LINE ( 'NONE', #5545, #4283 ) ;
#2730 = EDGE_CURVE ( 'NONE', #7604, #2908, #1968, .T. ) ;
#2731 = ORIENTED_EDGE ( 'NONE', *, *, #5578, .T. ) ;
#2732 = CARTESIAN_POINT ( 'NONE',  ( 140.5900000000000034, 80.73000000000001819, 11.81000000000000050 ) ) ;
#2733 = ORIENTED_EDGE ( 'NONE', *, *, #1780, .T. ) ;
#2734 = PRESENTATION_LAYER_ASSIGNMENT (  '', '', ( #5489 ) ) ;
#2735 = VERTEX_POINT ( 'NONE', #662 ) ;
#2736 = LINE ( 'NONE', #6190, #6480 ) ;
#2737 = CARTESIAN_POINT ( 'NONE',  ( -662.1386812835920637, -152.3278101317851565, 11.81000000000000050 ) ) ;
#2738 = CARTESIAN_POINT ( 'NONE',  ( -25.39999999999567493, 457.1997093200683935, 11.81000000000000050 ) ) ;
#2739 =( NAMED_UNIT ( * ) SI_UNIT ( $, .STERADIAN. ) SOLID_ANGLE_UNIT ( ) );
#2740 = CARTESIAN_POINT ( 'NONE',  ( -419.9900000000000091, 7.144215161975845163, 11.81000000000000050 ) ) ;
#2741 = CONTEXT_DEPENDENT_SHAPE_REPRESENTATION ( #1177, #1366 ) ;
#2742 = EDGE_CURVE ( 'NONE', #7482, #2867, #1880, .T. ) ;
#2743 = AXIS2_PLACEMENT_3D ( 'NONE', #7520, #583, #8187 ) ;
#2744 = DIRECTION ( 'NONE',  ( 0.000000000000000000, -0.000000000000000000, 1.000000000000000000 ) ) ;
#2745 = ORIENTED_EDGE ( 'NONE', *, *, #3446, .T. ) ;
#2746 = LINE ( 'NONE', #6066, #971 ) ;
#2747 = LINE ( 'NONE', #4834, #4690 ) ;
#2748 = EDGE_LOOP ( 'NONE', ( #3246, #6660, #2491, #8431, #8120, #1312, #1391, #5047, #3822, #6631, #1042, #2559, #4683, #7326, #3267, #2555, #7654, #6532, #7484, #26, #7084, #3179, #4856, #6223, #6725, #5538, #8904, #2296 ) ) ;
#2749 = CARTESIAN_POINT ( 'NONE',  ( 115.1902906799316355, 7.144215161975738582, 0.000000000000000000 ) ) ;
#2750 = DIRECTION ( 'NONE',  ( -1.000000000000000000, -0.000000000000000000, -0.000000000000000000 ) ) ;
#2751 = ORIENTED_EDGE ( 'NONE', *, *, #4904, .T. ) ;
#2752 = DIRECTION ( 'NONE',  ( -1.000000000000000000, -0.000000000000000000, 4.370956789862819572E-15 ) ) ;
#2753 = DIRECTION ( 'NONE',  ( -5.551115123125782702E-17, 1.000000000000000222, -1.110223024625156540E-16 ) ) ;
#2754 = EDGE_CURVE ( 'NONE', #3064, #3852, #3429, .T. ) ;
#2755 = LINE ( 'NONE', #4842, #8755 ) ;
#2756 = ORIENTED_EDGE ( 'NONE', *, *, #5673, .T. ) ;
#2757 = ORIENTED_EDGE ( 'NONE', *, *, #6599, .F. ) ;
#2758 = FACE_OUTER_BOUND ( 'NONE', #7574, .T. ) ;
#2759 = DIRECTION ( 'NONE',  ( -1.836970198721756426E-16, 1.000000000000000000, 0.000000000000000000 ) ) ;
#2760 = CARTESIAN_POINT ( 'NONE',  ( 0.000000000000000000, 0.000000000000000000, 11.81000000000000050 ) ) ;
#2761 = PRESENTATION_STYLE_ASSIGNMENT (( #4126 ) ) ;
#2762 = EDGE_LOOP ( 'NONE', ( #1487, #3948, #3421, #3592 ) ) ;
#2763 = FACE_OUTER_BOUND ( 'NONE', #1319, .T. ) ;
#2764 = CLOSED_SHELL ( 'NONE', ( #2299, #8049, #8146, #4305, #3378, #2440, #8083, #2920, #3947, #6699, #4622, #3074, #7095, #7667, #7047, #3999, #3048, #2485, #6634, #8378, #8571, #1907, #3890, #5794, #1682, #8006, #6666, #6489, #8216, #952, #3805, #8594, #8204, #1635, #5063, #3562, #6442, #8444, #1350, #8486, #3938, #3496 ) ) ;
#2765 = EDGE_LOOP ( 'NONE', ( #8326, #2532, #4669, #1838 ) ) ;
#2766 = EDGE_LOOP ( 'NONE', ( #6849, #8336, #6087, #2531 ) ) ;
#2767 = VERTEX_POINT ( 'NONE', #8226 ) ;
#2768 = LINE ( 'NONE', #7666, #4447 ) ;
#2769 = CARTESIAN_POINT ( 'NONE',  ( -47.31900260652910362, -8.584476798451436963, 11.81000000000000050 ) ) ;
#2770 = ADVANCED_FACE ( 'NONE', ( #5326 ), #1342, .F. ) ;
#2771 = STYLED_ITEM ( 'NONE', ( #8655 ), #298 ) ;
#2772 = LINE ( 'NONE', #8117, #1471 ) ;
#2773 = FACE_OUTER_BOUND ( 'NONE', #5717, .T. ) ;
#2774 = VERTEX_POINT ( 'NONE', #4925 ) ;
#2775 = DIRECTION ( 'NONE',  ( 0.000000000000000000, 1.000000000000000000, 0.000000000000000000 ) ) ;
#2776 = VERTEX_POINT ( 'NONE', #6148 ) ;
#2777 = VECTOR ( 'NONE', #4830, 1000.000000000000000 ) ;
#2778 = EDGE_LOOP ( 'NONE', ( #4049, #6830, #4744, #2745 ) ) ;
#2779 = DIRECTION ( 'NONE',  ( 1.000000000000000000, 0.000000000000000000, 0.000000000000000000 ) ) ;
#2780 = EDGE_CURVE ( 'NONE', #4761, #596, #2598, .T. ) ;
#2781 = CARTESIAN_POINT ( 'NONE',  ( 304.8000000000000114, 6.988251248292928430, 0.000000000000000000 ) ) ;
#2782 = CARTESIAN_POINT ( 'NONE',  ( 152.3999999999999773, -106.1299999999999955, 0.000000000000000000 ) ) ;
#2783 = CARTESIAN_POINT ( 'NONE',  ( -47.31900260652910362, -127.1178101317847791, 0.000000000000000000 ) ) ;
#2784 = ADVANCED_FACE ( 'NONE', ( #1249 ), #2688, .F. ) ;
#2785 = DIRECTION ( 'NONE',  ( -0.000000000000000000, -0.000000000000000000, 1.000000000000000000 ) ) ;
#2786 = ORIENTED_EDGE ( 'NONE', *, *, #1164, .T. ) ;
#2787 = PRODUCT_DEFINITION_SHAPE ( 'NONE', 'NONE',  #8939 ) ;
#2788 = DIRECTION ( 'NONE',  ( 0.000000000000000000, -0.000000000000000000, 1.000000000000000000 ) ) ;
#2789 =( REPRESENTATION_RELATIONSHIP ('NONE','NONE', #853, #3527 ) REPRESENTATION_RELATIONSHIP_WITH_TRANSFORMATION ( #5925 )SHAPE_REPRESENTATION_RELATIONSHIP( ) );
#2790 = LINE ( 'NONE', #5560, #6286 ) ;
#2791 = PRODUCT_RELATED_PRODUCT_CATEGORY ( 'part', '', ( #4965 ) ) ;
#2792 = DIRECTION ( 'NONE',  ( -0.000000000000000000, -0.000000000000000000, -1.000000000000000000 ) ) ;
#2793 = DIRECTION ( 'NONE',  ( 0.000000000000000000, -0.000000000000000000, 1.000000000000000000 ) ) ;
#2794 = VERTEX_POINT ( 'NONE', #6195 ) ;
#2795 = LINE ( 'NONE', #6074, #5281 ) ;
#2796 = ITEM_DEFINED_TRANSFORMATION ( 'NONE', 'NONE', #3185,  #3886 ) ;
#2797 = LINE ( 'NONE', #804, #8630 ) ;
#2798 = EDGE_LOOP ( 'NONE', ( #945, #2821, #6735, #7814 ) ) ;
#2799 = EDGE_CURVE ( 'NONE', #6163, #2717, #4642, .T. ) ;
#2800 = ORIENTED_EDGE ( 'NONE', *, *, #3032, .T. ) ;
#2801 = CARTESIAN_POINT ( 'NONE',  ( -419.9900000000000091, -4.665784838024156223, 11.81000000000000050 ) ) ;
#2802 = DIRECTION ( 'NONE',  ( 0.000000000000000000, 0.000000000000000000, 1.000000000000000000 ) ) ;
#2803 = PLANE ( 'NONE',  #4843 ) ;
#2804 = SURFACE_SIDE_STYLE ('',( #44 ) ) ;
#2805 = AXIS2_PLACEMENT_3D ( 'NONE', #3701, #4333, #7819 ) ;
#2806 = LINE ( 'NONE', #732, #6319 ) ;
#2807 = EDGE_CURVE ( 'NONE', #548, #6535, #2641, .T. ) ;
#2808 = EDGE_LOOP ( 'NONE', ( #587, #5589, #4174, #2329 ) ) ;
#2809 = ORIENTED_EDGE ( 'NONE', *, *, #6797, .F. ) ;
#2810 = CARTESIAN_POINT ( 'NONE',  ( -25.39999999999999147, 11.81000000000000050, 304.8000000000000114 ) ) ;
#2811 = AXIS2_PLACEMENT_3D ( 'NONE', #7173, #2408, #1771 ) ;
#2812 = LINE ( 'NONE', #8340, #2859 ) ;
#2813 = DIRECTION ( 'NONE',  ( 1.000000000000000000, 4.370956789862819572E-15, 0.000000000000000000 ) ) ;
#2814 = DIRECTION ( 'NONE',  ( -0.000000000000000000, 1.000000000000000000, -0.000000000000000000 ) ) ;
#2815 = DIRECTION ( 'NONE',  ( -1.000000000000000000, -1.706325926237332771E-16, 0.000000000000000000 ) ) ;
#2816 = VECTOR ( 'NONE', #1398, 1000.000000000000000 ) ;
#2817 = ORIENTED_EDGE ( 'NONE', *, *, #627, .F. ) ;
#2818 = CARTESIAN_POINT ( 'NONE',  ( -25.39999999999999147, 0.000000000000000000, -304.8000000000000114 ) ) ;
#2819 = EDGE_CURVE ( 'NONE', #257, #8391, #7506, .T. ) ;
#2820 = VERTEX_POINT ( 'NONE', #4061 ) ;
#2821 = ORIENTED_EDGE ( 'NONE', *, *, #6888, .F. ) ;
#2822 = DIRECTION ( 'NONE',  ( 0.000000000000000000, -0.000000000000000000, 1.000000000000000000 ) ) ;
#2823 = VECTOR ( 'NONE', #3416, 1000.000000000000000 ) ;
#2824 = DIRECTION ( 'NONE',  ( 4.200324197239087429E-15, 1.000000000000000000, 0.000000000000000000 ) ) ;
#2825 = CARTESIAN_POINT ( 'NONE',  ( -126.9999999999999716, -304.8000000000000114, 0.000000000000000000 ) ) ;
#2826 = DIRECTION ( 'NONE',  ( 1.000000000000000000, 0.000000000000000000, 0.000000000000000000 ) ) ;
#2827 = CARTESIAN_POINT ( 'NONE',  ( -126.9999999999999716, -304.8000000000000114, 11.81000000000000050 ) ) ;
#2828 = EDGE_CURVE ( 'NONE', #2362, #6893, #4788, .T. ) ;
#2829 = VECTOR ( 'NONE', #8429, 1000.000000000000000 ) ;
#2830 = VERTEX_POINT ( 'NONE', #2740 ) ;
#2831 = CARTESIAN_POINT ( 'NONE',  ( -59.12900260652914852, -33.98447679845144620, 0.000000000000000000 ) ) ;
#2832 = ADVANCED_FACE ( 'NONE', ( #5513 ), #8271, .F. ) ;
#2833 = LINE ( 'NONE', #2649, #3279 ) ;
#2834 = DIRECTION ( 'NONE',  ( -0.000000000000000000, -1.000000000000000000, -0.000000000000000000 ) ) ;
#2835 = ORIENTED_EDGE ( 'NONE', *, *, #5299, .T. ) ;
#2836 = CARTESIAN_POINT ( 'NONE',  ( -258.9856692731957537, -152.5178101317848416, 0.000000000000000000 ) ) ;
#2837 = VECTOR ( 'NONE', #2392, 1000.000000000000000 ) ;
#2838 = EDGE_CURVE ( 'NONE', #1301, #6802, #3962, .T. ) ;
#2839 = ADVANCED_FACE ( 'NONE', ( #6913 ), #711, .T. ) ;
#2840 = DIRECTION ( 'NONE',  ( -0.000000000000000000, -1.000000000000000000, -0.000000000000000000 ) ) ;
#2841 = VECTOR ( 'NONE', #6652, 1000.000000000000000 ) ;
#2842 = ORIENTED_EDGE ( 'NONE', *, *, #3687, .F. ) ;
#2843 = ORIENTED_EDGE ( 'NONE', *, *, #1780, .F. ) ;
#2844 = CARTESIAN_POINT ( 'NONE',  ( 140.5902906799316270, 96.93421516197595622, 0.000000000000000000 ) ) ;
#2845 = CARTESIAN_POINT ( 'NONE',  ( 115.1902906799316355, -4.665784838024267245, 0.000000000000000000 ) ) ;
#2846 = CARTESIAN_POINT ( 'NONE',  ( -13.58999999999560160, -140.5902906799316554, 0.000000000000000000 ) ) ;
#2847 = VECTOR ( 'NONE', #7986, 1000.000000000000000 ) ;
#2848 = VECTOR ( 'NONE', #5875, 1000.000000000000000 ) ;
#2849 = ADVANCED_FACE ( 'NONE', ( #23 ), #6060, .T. ) ;
#2850 = CARTESIAN_POINT ( 'NONE',  ( -140.5900000000000034, -106.1299999999999955, 11.81000000000000050 ) ) ;
#2851 = ORIENTED_EDGE ( 'NONE', *, *, #3965, .F. ) ;
#2852 = AXIS2_PLACEMENT_3D ( 'NONE', #8395, #832, #6368 ) ;
#2853 = ORIENTED_EDGE ( 'NONE', *, *, #7803, .T. ) ;
#2855 = LINE ( 'NONE', #2048, #110 ) ;
#2854 = AXIS2_PLACEMENT_3D ( 'NONE', #5540, #3500, #48 ) ;
#2856 = LINE ( 'NONE', #186, #2277 ) ;
#2857 = LINE ( 'NONE', #5040, #1390 ) ;
#2858 = PRODUCT_DEFINITION_SHAPE ( 'NONE', 'NONE',  #8945 ) ;
#2859 = VECTOR ( 'NONE', #3320, 1000.000000000000000 ) ;
#2860 = ORIENTED_EDGE ( 'NONE', *, *, #4812, .F. ) ;
#2861 =( GEOMETRIC_REPRESENTATION_CONTEXT ( 3 ) GLOBAL_UNCERTAINTY_ASSIGNED_CONTEXT ( ( #4379 ) ) GLOBAL_UNIT_ASSIGNED_CONTEXT ( ( #2301, #2248, #8589 ) ) REPRESENTATION_CONTEXT ( 'NONE', 'WORKASPACE' ) );
#2862 = DIRECTION ( 'NONE',  ( 0.000000000000000000, -1.000000000000000000, 0.000000000000000000 ) ) ;
#2863 = LINE ( 'NONE', #7842, #6310 ) ;
#2864 = ORIENTED_EDGE ( 'NONE', *, *, #647, .T. ) ;
#2865 = DIRECTION ( 'NONE',  ( 1.000000000000000000, 0.000000000000000000, 0.000000000000000000 ) ) ;
#2866 = ORIENTED_EDGE ( 'NONE', *, *, #4219, .F. ) ;
#2867 = VERTEX_POINT ( 'NONE', #7719 ) ;
#2868 = LINE ( 'NONE', #7590, #6622 ) ;
#2869 = LINE ( 'NONE', #2187, #8925 ) ;
#2870 = VECTOR ( 'NONE', #5211, 1000.000000000000000 ) ;
#2871 = CARTESIAN_POINT ( 'NONE',  ( -394.5486812835924297, -114.2278101317851764, 11.81000000000000050 ) ) ;
#2872 = LINE ( 'NONE', #240, #2411 ) ;
#2873 = DIRECTION ( 'NONE',  ( 0.000000000000000000, 0.000000000000000000, 1.000000000000000000 ) ) ;
#2874 = VERTEX_POINT ( 'NONE', #5598 ) ;
#2875 = DIRECTION ( 'NONE',  ( -1.836970198721756672E-16, -1.000000000000000000, 0.000000000000000000 ) ) ;
#2876 = CARTESIAN_POINT ( 'NONE',  ( 4.402728182029136406E-12, -152.4002906799316861, 0.000000000000000000 ) ) ;
#2877 = CARTESIAN_POINT ( 'NONE',  ( -140.4523359398625075, -140.7078101317848677, 11.81000000000000050 ) ) ;
#2878 = COLOUR_RGB ( '',1.000000000000000000, 1.000000000000000000, 1.000000000000000000 ) ;
#2879 = EDGE_CURVE ( 'NONE', #4383, #3087, #63, .T. ) ;
#2880 = DIRECTION ( 'NONE',  ( 0.000000000000000000, -0.000000000000000000, 1.000000000000000000 ) ) ;
#2881 = APPLICATION_PROTOCOL_DEFINITION ( 'draft international standard', 'automotive_design', 1998, #5110 ) ;
#2882 = EDGE_CURVE ( 'NONE', #3755, #7801, #4236, .T. ) ;
#2883 = CARTESIAN_POINT ( 'NONE',  ( -152.3999999999999773, 304.8000000000000114, 11.81000000000000050 ) ) ;
#2884 = ORIENTED_EDGE ( 'NONE', *, *, #2087, .F. ) ;
#2885 = DIRECTION ( 'NONE',  ( 0.000000000000000000, 0.000000000000000000, 1.000000000000000000 ) ) ;
#2886 = ORIENTED_EDGE ( 'NONE', *, *, #4180, .T. ) ;
#2887 = ORIENTED_EDGE ( 'NONE', *, *, #6144, .F. ) ;
#2888 = CARTESIAN_POINT ( 'NONE',  ( -140.5900000000000034, 80.73000000000001819, 11.81000000000000050 ) ) ;
#2889 = CARTESIAN_POINT ( 'NONE',  ( 33.86666666666673819, -292.9900000000000091, 0.000000000000000000 ) ) ;
#2890 = DIRECTION ( 'NONE',  ( 0.000000000000000000, 0.000000000000000000, 1.000000000000000000 ) ) ;
#2891 = EDGE_CURVE ( 'NONE', #202, #3216, #5009, .T. ) ;
#2892 = DIRECTION ( 'NONE',  ( 1.706325926237332771E-16, -1.000000000000000000, -0.000000000000000000 ) ) ;
#2893 =( LENGTH_UNIT ( ) NAMED_UNIT ( * ) SI_UNIT ( .MILLI., .METRE. ) );
#2894 = DIRECTION ( 'NONE',  ( -1.706325926237332771E-16, 1.000000000000000000, 0.000000000000000000 ) ) ;
#2895 = CARTESIAN_POINT ( 'NONE',  ( -292.9900000000000091, -86.14508208504045683, 0.000000000000000000 ) ) ;
#2896 = EDGE_LOOP ( 'NONE', ( #930, #4457, #1601, #6051 ) ) ;
#2897 = ORIENTED_EDGE ( 'NONE', *, *, #7515, .T. ) ;
#2898 = PLANE ( 'NONE',  #838 ) ;
#2899 = EDGE_CURVE ( 'NONE', #3716, #2515, #790, .T. ) ;
#2900 = DIRECTION ( 'NONE',  ( 0.000000000000000000, 1.000000000000000000, 0.000000000000000000 ) ) ;
#2901 = DIRECTION ( 'NONE',  ( 0.000000000000000000, 0.000000000000000000, 1.000000000000000000 ) ) ;
#2902 = EDGE_LOOP ( 'NONE', ( #7244, #352, #4517, #8782 ) ) ;
#2903 = DIRECTION ( 'NONE',  ( 1.000000000000000000, 0.000000000000000000, 0.000000000000000000 ) ) ;
#2904 = FACE_OUTER_BOUND ( 'NONE', #2952, .T. ) ;
#2905 = VERTEX_POINT ( 'NONE', #2915 ) ;
#2906 = CARTESIAN_POINT ( 'NONE',  ( 59.26666666666674388, -304.8000000000000114, 11.81000000000000050 ) ) ;
#2907 = ORIENTED_EDGE ( 'NONE', *, *, #400, .T. ) ;
#2908 = VERTEX_POINT ( 'NONE', #7764 ) ;
#2909 = CARTESIAN_POINT ( 'NONE',  ( -547.8386812835921091, -152.3278101317850712, 0.000000000000000000 ) ) ;
#2910 = EDGE_CURVE ( 'NONE', #1101, #6184, #8356, .T. ) ;
#2911 = AXIS2_PLACEMENT_3D ( 'NONE', #5361, #6947, #5451 ) ;
#2912 = DIRECTION ( 'NONE',  ( 2.937719688360373903E-16, -1.000000000000000000, 0.000000000000000000 ) ) ;
#2913 = CARTESIAN_POINT ( 'NONE',  ( -139.6998546600342195, 7.144215161975789208, 0.000000000000000000 ) ) ;
#2914 = CARTESIAN_POINT ( 'NONE',  ( 140.5900000000000034, -267.5900000000000318, 0.000000000000000000 ) ) ;
#2915 = CARTESIAN_POINT ( 'NONE',  ( 33.86666666666673819, 304.8000000000000114, 11.81000000000000050 ) ) ;
#2916 = PRODUCT_DEFINITION_CONTEXT ( 'detailed design', #6843, 'design' ) ;
#2917 = VECTOR ( 'NONE', #2814, 1000.000000000000000 ) ;
#2918 = CARTESIAN_POINT ( 'NONE',  ( -352.1190026065291363, -33.98447679845147462, 0.000000000000000000 ) ) ;
#2919 = ORIENTED_EDGE ( 'NONE', *, *, #4223, .F. ) ;
#2920 = ADVANCED_FACE ( 'NONE', ( #927 ), #7810, .F. ) ;
#2921 = FACE_OUTER_BOUND ( 'NONE', #6028, .T. ) ;
#2922 = DIRECTION ( 'NONE',  ( -0.000000000000000000, -0.000000000000000000, 1.000000000000000000 ) ) ;
#2923 = LINE ( 'NONE', #7053, #1131 ) ;
#2924 = CARTESIAN_POINT ( 'NONE',  ( 0.000000000000000000, 0.000000000000000000, 0.000000000000000000 ) ) ;
#2925 = CARTESIAN_POINT ( 'NONE',  ( -172.4989142387372567, 11.81000000000000050, -1142.023107283573381 ) ) ;
#2926 = SHAPE_DEFINITION_REPRESENTATION ( #8574, #2935 ) ;
#2927 = MANIFOLD_SOLID_BREP ( 'Mirror1', #19 ) ;
#2928 = CARTESIAN_POINT ( 'NONE',  ( -304.8000000000000114, 32.38825124829288171, 0.000000000000000000 ) ) ;
#2929 = VERTEX_POINT ( 'NONE', #7639 ) ;
#2930 = EDGE_CURVE ( 'NONE', #1161, #2477, #6457, .T. ) ;
#2931 = CARTESIAN_POINT ( 'NONE',  ( -140.5900000000000034, -267.5900000000000318, 0.000000000000000000 ) ) ;
#2932 = ORIENTED_EDGE ( 'NONE', *, *, #8114, .F. ) ;
#2933 = ORIENTED_EDGE ( 'NONE', *, *, #7816, .T. ) ;
#2934 = LINE ( 'NONE', #3665, #8503 ) ;
#2935 = SHAPE_REPRESENTATION ( 'Wood_Accent', ( #3886 ), #2158 ) ;
#2936 = DIRECTION ( 'NONE',  ( -0.000000000000000000, 1.000000000000000000, 0.000000000000000000 ) ) ;
#2937 = CARTESIAN_POINT ( 'NONE',  ( 80.73000000000001819, -111.5450820850404767, 11.81000000000000050 ) ) ;
#2938 = DIRECTION ( 'NONE',  ( 2.937719688360373903E-16, 1.000000000000000000, 0.000000000000000000 ) ) ;
#2939 = PRESENTATION_STYLE_ASSIGNMENT (( #269 ) ) ;
#2940 = DIRECTION ( 'NONE',  ( -0.000000000000000000, -1.000000000000000000, -0.000000000000000000 ) ) ;
#2941 = EDGE_CURVE ( 'NONE', #212, #327, #3517, .T. ) ;
#2942 = ORIENTED_EDGE ( 'NONE', *, *, #2629, .F. ) ;
#2943 = ORIENTED_EDGE ( 'NONE', *, *, #1949, .F. ) ;
#2944 = FACE_OUTER_BOUND ( 'NONE', #830, .T. ) ;
#2945 = EDGE_CURVE ( 'NONE', #7370, #4085, #6280, .T. ) ;
#2946 = CARTESIAN_POINT ( 'NONE',  ( -25.39999999999560387, -140.5902906799316554, 11.81000000000000050 ) ) ;
#2947 = VECTOR ( 'NONE', #4051, 1000.000000000000000 ) ;
#2948 = DIRECTION ( 'NONE',  ( -4.370956789862819572E-15, 1.000000000000000000, 0.000000000000000000 ) ) ;
#2949 = ORIENTED_EDGE ( 'NONE', *, *, #6053, .F. ) ;
#2950 = LINE ( 'NONE', #3594, #1895 ) ;
#2951 = DIRECTION ( 'NONE',  ( -0.000000000000000000, -0.000000000000000000, 1.000000000000000000 ) ) ;
#2952 = EDGE_LOOP ( 'NONE', ( #3038, #8683, #3004, #816 ) ) ;
#2953 = AXIS2_PLACEMENT_3D ( 'NONE', #7636, #7716, #154 ) ;
#2954 = ORIENTED_EDGE ( 'NONE', *, *, #2169, .T. ) ;
#2955 = EDGE_CURVE ( 'NONE', #4218, #58, #8442, .T. ) ;
#2956 = ORIENTED_EDGE ( 'NONE', *, *, #2941, .T. ) ;
#2957 = DIRECTION ( 'NONE',  ( 0.000000000000000000, -0.000000000000000000, -1.000000000000000000 ) ) ;
#2958 = CARTESIAN_POINT ( 'NONE',  ( -352.1190026065291363, 50.68218986821522520, 0.000000000000000000 ) ) ;
#2959 = LINE ( 'NONE', #7134, #8207 ) ;
#2960 = DIRECTION ( 'NONE',  ( 1.000000000000000000, 0.000000000000000000, 0.000000000000000000 ) ) ;
#2961 = APPLICATION_CONTEXT ( 'automotive_design' ) ;
#2962 = AXIS2_PLACEMENT_3D ( 'NONE', #4928, #6380, #163 ) ;
#2963 = EDGE_CURVE ( 'NONE', #4383, #1008, #6414, .T. ) ;
#2964 = DIRECTION ( 'NONE',  ( 0.000000000000000000, 1.000000000000000000, 0.000000000000000000 ) ) ;
#2965 = EDGE_LOOP ( 'NONE', ( #7941, #114, #7621, #5366 ) ) ;
#2966 = LINE ( 'NONE', #5061, #533 ) ;
#2967 = VECTOR ( 'NONE', #612, 1000.000000000000000 ) ;
#2968 = DIRECTION ( 'NONE',  ( 1.000000000000000000, -0.000000000000000000, 0.000000000000000000 ) ) ;
#2969 = DIRECTION ( 'NONE',  ( 0.000000000000000000, -0.000000000000000000, 1.000000000000000000 ) ) ;
#2970 = CARTESIAN_POINT ( 'NONE',  ( 80.73000000000001819, -99.73508208504048866, 11.81000000000000050 ) ) ;
#2971 = LINE ( 'NONE', #7142, #3255 ) ;
#2972 = SHAPE_DEFINITION_REPRESENTATION ( #7205, #3137 ) ;
#2973 = EDGE_CURVE ( 'NONE', #7931, #4151, #5736, .T. ) ;
#2974 = VECTOR ( 'NONE', #5678, 1000.000000000000000 ) ;
#2975 = CARTESIAN_POINT ( 'NONE',  ( -547.8386812835921091, -140.5178101317850405, 0.000000000000000000 ) ) ;
#2976 = ORIENTED_EDGE ( 'NONE', *, *, #8888, .T. ) ;
#2977 = DIRECTION ( 'NONE',  ( 0.000000000000000000, 0.000000000000000000, 1.000000000000000000 ) ) ;
#2978 = EDGE_LOOP ( 'NONE', ( #194, #5888, #3076, #4361 ) ) ;
#2979 = VERTEX_POINT ( 'NONE', #2278 ) ;
#2980 = FACE_OUTER_BOUND ( 'NONE', #2808, .T. ) ;
#2981 = AXIS2_PLACEMENT_3D ( 'NONE', #7331, #270, #3763 ) ;
#2982 = DIRECTION ( 'NONE',  ( -2.472932452667691008E-15, 1.000000000000000000, -0.000000000000000000 ) ) ;
#2983 = CARTESIAN_POINT ( 'NONE',  ( -59.12900260652914852, -33.98447679845144620, 0.000000000000000000 ) ) ;
#2984 = PLANE ( 'NONE',  #6721 ) ;
#2985 = EDGE_CURVE ( 'NONE', #3068, #192, #1686, .T. ) ;
#2986 = DIRECTION ( 'NONE',  ( -1.000000000000000000, -0.000000000000000000, -0.000000000000000000 ) ) ;
#2987 = VECTOR ( 'NONE', #2236, 1000.000000000000000 ) ;
#2988 = ORIENTED_EDGE ( 'NONE', *, *, #3093, .T. ) ;
#2989 = ADVANCED_BREP_SHAPE_REPRESENTATION ( '', ( #298, #3886 ), #2158 ) ;
#2990 = ORIENTED_EDGE ( 'NONE', *, *, #6852, .T. ) ;
#2991 = DIRECTION ( 'NONE',  ( 1.000000000000000000, -0.000000000000000000, 0.000000000000000000 ) ) ;
#2992 = LINE ( 'NONE', #2946, #3870 ) ;
#2993 = AXIS2_PLACEMENT_3D ( 'NONE', #7186, #258, #3027 ) ;
#2994 = VECTOR ( 'NONE', #4736, 1000.000000000000000 ) ;
#2995 = EDGE_CURVE ( 'NONE', #4029, #5820, #5789, .T. ) ;
#2996 = CARTESIAN_POINT ( 'NONE',  ( 152.4002906799316008, 33.43421516197587096, 0.000000000000000000 ) ) ;
#2997 = VERTEX_POINT ( 'NONE', #3052 ) ;
#2998 = DIRECTION ( 'NONE',  ( 1.706325926237332771E-16, -1.000000000000000000, 0.000000000000000000 ) ) ;
#2999 = ADVANCED_FACE ( 'NONE', ( #3011 ), #7219, .F. ) ;
#3000 = ORIENTED_EDGE ( 'NONE', *, *, #6599, .T. ) ;
#3001 = LINE ( 'NONE', #7755, #4397 ) ;
#3002 = VECTOR ( 'NONE', #6675, 1000.000000000000000 ) ;
#3003 = VECTOR ( 'NONE', #3991, 1000.000000000000000 ) ;
#3004 = ORIENTED_EDGE ( 'NONE', *, *, #3760, .F. ) ;
#3005 = ORIENTED_EDGE ( 'NONE', *, *, #1237, .F. ) ;
#3006 = LINE ( 'NONE', #4450, #4588 ) ;
#3007 = PLANE ( 'NONE',  #4257 ) ;
#3008 = CARTESIAN_POINT ( 'NONE',  ( -25.39999999999999147, 11.81000000000000050, -304.8000000000000114 ) ) ;
#3009 = VECTOR ( 'NONE', #819, 1000.000000000000000 ) ;
#3010 = EDGE_CURVE ( 'NONE', #3448, #4068, #2409, .T. ) ;
#3011 = FACE_OUTER_BOUND ( 'NONE', #1347, .T. ) ;
#3012 = DIRECTION ( 'NONE',  ( 0.000000000000000000, -1.000000000000000000, 0.000000000000000000 ) ) ;
#3013 = ORIENTED_EDGE ( 'NONE', *, *, #5319, .T. ) ;
#3014 = PRODUCT ( 'Side_Plate_Cover', 'Side_Plate_Cover', '', ( #2292 ) ) ;
#3015 = VECTOR ( 'NONE', #6960, 1000.000000000000000 ) ;
#3016 = CARTESIAN_POINT ( 'NONE',  ( 140.5900000000000034, 106.1299999999999955, 0.000000000000000000 ) ) ;
#3017 = VECTOR ( 'NONE', #1974, 1000.000000000000000 ) ;
#3018 = EDGE_CURVE ( 'NONE', #7081, #2625, #8023, .T. ) ;
#3019 = CARTESIAN_POINT ( 'NONE',  ( 279.4000000000043542, 139.6997093200683935, 11.81000000000000050 ) ) ;
#3020 = DIRECTION ( 'NONE',  ( 1.000000000000000000, 0.000000000000000000, 0.000000000000000000 ) ) ;
#3021 = PLANE ( 'NONE',  #3964 ) ;
#3022 = DIRECTION ( 'NONE',  ( -0.000000000000000000, 1.000000000000000000, -0.000000000000000000 ) ) ;
#3023 = ITEM_DEFINED_TRANSFORMATION ( 'NONE', 'NONE', #1152,  #3886 ) ;
#3024 = VECTOR ( 'NONE', #8320, 1000.000000000000000 ) ;
#3025 = DIRECTION ( 'NONE',  ( -2.175315503602243824E-16, 1.000000000000000000, -0.000000000000000000 ) ) ;
#3026 = EDGE_LOOP ( 'NONE', ( #3082, #2428, #3296, #577 ) ) ;
#3027 = DIRECTION ( 'NONE',  ( 0.000000000000000000, 0.000000000000000000, -1.000000000000000000 ) ) ;
#3028 = ORIENTED_EDGE ( 'NONE', *, *, #5081, .T. ) ;
#3029 = MECHANICAL_DESIGN_GEOMETRIC_PRESENTATION_REPRESENTATION (  '', ( #7087 ), #3178 ) ;
#3030 = VERTEX_POINT ( 'NONE', #3817 ) ;
#3031 = FILL_AREA_STYLE_COLOUR ( '', #1133 ) ;
#3032 = EDGE_CURVE ( 'NONE', #3441, #2017, #970, .T. ) ;
#3033 = LINE ( 'NONE', #5843, #237 ) ;
#3034 = CARTESIAN_POINT ( 'NONE',  ( -223.2989142387372681, 11.81000000000000050, -1142.023107283573609 ) ) ;
#3035 = CARTESIAN_POINT ( 'NONE',  ( 304.8000000000000114, 6.988251248292928430, 0.000000000000000000 ) ) ;
#3036 = PRODUCT_DEFINITION_FORMATION_WITH_SPECIFIED_SOURCE ( 'ANY', '', #3668, .NOT_KNOWN. ) ;
#3037 = DIRECTION ( 'NONE',  ( 1.000000000000000000, 0.000000000000000000, 0.000000000000000000 ) ) ;
#3038 = ORIENTED_EDGE ( 'NONE', *, *, #6863, .T. ) ;
#3039 = VERTEX_POINT ( 'NONE', #378 ) ;
#3040 = FACE_OUTER_BOUND ( 'NONE', #8697, .T. ) ;
#3041 = CARTESIAN_POINT ( 'NONE',  ( -675.7286812835920955, -50.72781013178523324, 0.000000000000000000 ) ) ;
#3042 = ORIENTED_EDGE ( 'NONE', *, *, #5694, .F. ) ;
#3043 = CARTESIAN_POINT ( 'NONE',  ( -152.3999999999999773, -304.8000000000000114, 11.81000000000000050 ) ) ;
#3044 = DIRECTION ( 'NONE',  ( -0.000000000000000000, -1.000000000000000000, -0.000000000000000000 ) ) ;
#3045 = ORIENTED_EDGE ( 'NONE', *, *, #2495, .T. ) ;
#3046 = ORIENTED_EDGE ( 'NONE', *, *, #6391, .F. ) ;
#3047 = EDGE_LOOP ( 'NONE', ( #8532, #8122, #6154, #3892 ) ) ;
#3048 = ADVANCED_FACE ( 'NONE', ( #7938 ), #1731, .F. ) ;
#3049 = CARTESIAN_POINT ( 'NONE',  ( -140.5900000000000034, 80.73000000000001819, 0.000000000000000000 ) ) ;
#3050 = CARTESIAN_POINT ( 'NONE',  ( -304.8000000000000114, 6.988251248292873363, 0.000000000000000000 ) ) ;
#3051 = DIRECTION ( 'NONE',  ( 0.000000000000000000, -1.000000000000000000, 0.000000000000000000 ) ) ;
#3052 = CARTESIAN_POINT ( 'NONE',  ( 267.5900000000043519, 165.0997093200683992, 11.81000000000000050 ) ) ;
#3053 = ORIENTED_EDGE ( 'NONE', *, *, #7072, .T. ) ;
#3054 = DIRECTION ( 'NONE',  ( -1.000000000000000000, 0.000000000000000000, 0.000000000000000000 ) ) ;
#3055 = ORIENTED_EDGE ( 'NONE', *, *, #5919, .F. ) ;
#3056 = VECTOR ( 'NONE', #8832, 1000.000000000000000 ) ;
#3057 = ADVANCED_FACE ( 'NONE', ( #291 ), #5188, .T. ) ;
#3058 = CARTESIAN_POINT ( 'NONE',  ( -152.3999999999999773, -304.8000000000000114, 11.81000000000000050 ) ) ;
#3059 = DIRECTION ( 'NONE',  ( 1.000000000000000000, 0.000000000000000000, -0.000000000000000000 ) ) ;
#3060 = ADVANCED_FACE ( 'NONE', ( #2325 ), #6636, .T. ) ;
#3061 = DIRECTION ( 'NONE',  ( -1.000000000000000000, -1.706325926237332771E-16, 0.000000000000000000 ) ) ;
#3062 = FACE_OUTER_BOUND ( 'NONE', #3026, .T. ) ;
#3063 = VECTOR ( 'NONE', #8199, 1000.000000000000000 ) ;
#3064 = VERTEX_POINT ( 'NONE', #7979 ) ;
#3065 = CARTESIAN_POINT ( 'NONE',  ( 33.86666666666673819, 304.8000000000000114, 0.000000000000000000 ) ) ;
#3066 = VERTEX_POINT ( 'NONE', #2366 ) ;
#3067 = VECTOR ( 'NONE', #346, 1000.000000000000000 ) ;
#3068 = VERTEX_POINT ( 'NONE', #5914 ) ;
#3069 = DIRECTION ( 'NONE',  ( 0.000000000000000000, 0.000000000000000000, 1.000000000000000000 ) ) ;
#3070 = PLANE ( 'NONE',  #8370 ) ;
#3071 = PLANE ( 'NONE',  #3826 ) ;
#3072 = DIRECTION ( 'NONE',  ( 1.000000000000000000, -5.990412499022058397E-30, -2.081668171172187742E-16 ) ) ;
#3073 = DIRECTION ( 'NONE',  ( -0.000000000000000000, -1.000000000000000000, -0.000000000000000000 ) ) ;
#3074 = ADVANCED_FACE ( 'NONE', ( #6505 ), #1015, .F. ) ;
#3075 = ORIENTED_EDGE ( 'NONE', *, *, #8866, .T. ) ;
#3076 = ORIENTED_EDGE ( 'NONE', *, *, #6806, .F. ) ;
#3077 = DIRECTION ( 'NONE',  ( 0.000000000000000000, 1.000000000000000000, 0.000000000000000000 ) ) ;
#3078 = CARTESIAN_POINT ( 'NONE',  ( -304.8000000000000114, -26.87841541837379111, 0.000000000000000000 ) ) ;
#3079 =( NAMED_UNIT ( * ) PLANE_ANGLE_UNIT ( ) SI_UNIT ( $, .RADIAN. ) );
#3080 = ADVANCED_FACE ( 'NONE', ( #7891 ), #6586, .T. ) ;
#3081 = PRODUCT_DEFINITION_SHAPE ( 'NONE', 'NONE',  #8934 ) ;
#3082 = ORIENTED_EDGE ( 'NONE', *, *, #839, .T. ) ;
#3083 = CARTESIAN_POINT ( 'NONE',  ( -25.39999999999567493, 457.1997093200683935, 11.81000000000000050 ) ) ;
#3084 = LINE ( 'NONE', #7252, #5005 ) ;
#3085 = ORIENTED_EDGE ( 'NONE', *, *, #5387, .F. ) ;
#3086 = EDGE_LOOP ( 'NONE', ( #1217, #1452, #7429, #5813 ) ) ;
#3087 = VERTEX_POINT ( 'NONE', #2458 ) ;
#3088 = ORIENTED_EDGE ( 'NONE', *, *, #7553, .T. ) ;
#3089 = VECTOR ( 'NONE', #1340, 1000.000000000000000 ) ;
#3090 = DIRECTION ( 'NONE',  ( 0.000000000000000000, 1.000000000000000000, 0.000000000000000000 ) ) ;
#3091 = DIRECTION ( 'NONE',  ( 0.000000000000000000, -0.000000000000000000, -1.000000000000000000 ) ) ;
#3092 = DIRECTION ( 'NONE',  ( 1.000000000000000000, 1.706325926237332771E-16, 0.000000000000000000 ) ) ;
#3093 = EDGE_CURVE ( 'NONE', #7459, #8883, #3909, .T. ) ;
#3094 = ORIENTED_EDGE ( 'NONE', *, *, #8743, .F. ) ;
#3095 = VECTOR ( 'NONE', #8094, 1000.000000000000000 ) ;
#3096 = VERTEX_POINT ( 'NONE', #7301 ) ;
#3097 = LINE ( 'NONE', #5871, #2627 ) ;
#3098 = ORIENTED_EDGE ( 'NONE', *, *, #4784, .T. ) ;
#3099 = CARTESIAN_POINT ( 'NONE',  ( 127.0000000000001137, -304.8000000000000114, 0.000000000000000000 ) ) ;
#3100 = VECTOR ( 'NONE', #3336, 1000.000000000000000 ) ;
#3101 = LINE ( 'NONE', #7946, #5465 ) ;
#3102 = CARTESIAN_POINT ( 'NONE',  ( -457.1999999999999886, 71.53421516197580843, 0.000000000000000000 ) ) ;
#3103 = CONTEXT_DEPENDENT_SHAPE_REPRESENTATION ( #3719, #2067 ) ;
#3104 = UNCERTAINTY_MEASURE_WITH_UNIT (LENGTH_MEASURE( 1.000000000000000082E-05 ), #10, 'distance_accuracy_value', 'NONE');
#3105 = EDGE_CURVE ( 'NONE', #7215, #3724, #241, .T. ) ;
#3106 = CARTESIAN_POINT ( 'NONE',  ( 267.5900000000043519, 139.6997093200683935, 0.000000000000000000 ) ) ;
#3107 = ORIENTED_EDGE ( 'NONE', *, *, #6615, .F. ) ;
#3108 = EDGE_CURVE ( 'NONE', #5337, #5094, #1098, .T. ) ;
#3109 = PLANE ( 'NONE',  #6637 ) ;
#3110 = ORIENTED_EDGE ( 'NONE', *, *, #6521, .F. ) ;
#3111 = EDGE_LOOP ( 'NONE', ( #7511, #8064, #6867, #3 ) ) ;
#3112 = CARTESIAN_POINT ( 'NONE',  ( -47.31900260652910362, -67.85114346511811334, 11.81000000000000050 ) ) ;
#3113 = CARTESIAN_POINT ( 'NONE',  ( -547.8386812835921091, -152.3278101317850712, 0.000000000000000000 ) ) ;
#3114 = FACE_OUTER_BOUND ( 'NONE', #7974, .T. ) ;
#3115 = ORIENTED_EDGE ( 'NONE', *, *, #731, .T. ) ;
#3116 = DIRECTION ( 'NONE',  ( -1.000000000000000000, -1.706325926237332771E-16, 0.000000000000000000 ) ) ;
#3117 = VECTOR ( 'NONE', #7175, 1000.000000000000000 ) ;
#3118 = CARTESIAN_POINT ( 'NONE',  ( -2.016165012719296126E-15, -304.8000000000001251, 25.40000000000001279 ) ) ;
#3119 = EDGE_CURVE ( 'NONE', #8612, #4178, #8616, .T. ) ;
#3120 = EDGE_CURVE ( 'NONE', #5093, #1101, #5313, .T. ) ;
#3121 = LINE ( 'NONE', #6482, #2837 ) ;
#3122 = VECTOR ( 'NONE', #4442, 1000.000000000000000 ) ;
#3123 = ORIENTED_EDGE ( 'NONE', *, *, #685, .T. ) ;
#3124 = ORIENTED_EDGE ( 'NONE', *, *, #4420, .F. ) ;
#3125 = DIRECTION ( 'NONE',  ( -1.000000000000000000, -0.000000000000000000, -0.000000000000000000 ) ) ;
#3126 = CARTESIAN_POINT ( 'NONE',  ( -352.1190026065291363, 25.28218986821520531, 11.81000000000000050 ) ) ;
#3127 =( NAMED_UNIT ( * ) PLANE_ANGLE_UNIT ( ) SI_UNIT ( $, .RADIAN. ) );
#3128 = EDGE_CURVE ( 'NONE', #7585, #6475, #6810, .T. ) ;
#3129 = VECTOR ( 'NONE', #3497, 1000.000000000000000 ) ;
#3130 = EDGE_LOOP ( 'NONE', ( #1589, #5507, #1952, #391 ) ) ;
#3131 = CARTESIAN_POINT ( 'NONE',  ( -59.12900260652909168, -127.1178101317847791, 0.000000000000000000 ) ) ;
#3132 = CARTESIAN_POINT ( 'NONE',  ( -33.86666666666661740, -292.9900000000000091, 11.81000000000000050 ) ) ;
#3133 = EDGE_LOOP ( 'NONE', ( #5841, #2171, #4985, #6798 ) ) ;
#3134 = EDGE_LOOP ( 'NONE', ( #6265, #1620, #1309, #8731 ) ) ;
#3135 =( REPRESENTATION_RELATIONSHIP ('NONE','NONE', #853, #3527 ) REPRESENTATION_RELATIONSHIP_WITH_TRANSFORMATION ( #8627 )SHAPE_REPRESENTATION_RELATIONSHIP( ) );
#3136 = ORIENTED_EDGE ( 'NONE', *, *, #5578, .F. ) ;
#3137 = SHAPE_REPRESENTATION ( 'Left_Plate', ( #3886 ), #8075 ) ;
#3138 = VECTOR ( 'NONE', #4472, 1000.000000000000000 ) ;
#3139 = FACE_OUTER_BOUND ( 'NONE', #1017, .T. ) ;
#3140 = CARTESIAN_POINT ( 'NONE',  ( 115.1902906799316355, -4.665784838024267245, 11.81000000000000050 ) ) ;
#3141 = ADVANCED_FACE ( 'NONE', ( #4817 ), #601, .T. ) ;
#3142 = DIRECTION ( 'NONE',  ( -1.000000000000000000, 0.000000000000000000, 0.000000000000000000 ) ) ;
#3143 = VECTOR ( 'NONE', #785, 1000.000000000000000 ) ;
#3144 = VECTOR ( 'NONE', #4407, 1000.000000000000000 ) ;
#3145 = ORIENTED_EDGE ( 'NONE', *, *, #5443, .F. ) ;
#3146 = EDGE_LOOP ( 'NONE', ( #1272, #3704, #3820, #5059 ) ) ;
#3147 = CARTESIAN_POINT ( 'NONE',  ( -59.12900260652909168, -8.584476798451438739, 0.000000000000000000 ) ) ;
#3148 = ORIENTED_EDGE ( 'NONE', *, *, #3271, .T. ) ;
#3149 = LINE ( 'NONE', #4461, #686 ) ;
#3150 = VECTOR ( 'NONE', #4396, 1000.000000000000000 ) ;
#3151 = AXIS2_PLACEMENT_3D ( 'NONE', #4221, #6266, #7024 ) ;
#3152 = LINE ( 'NONE', #5922, #5310 ) ;
#3153 = CARTESIAN_POINT ( 'NONE',  ( 115.1902906799316355, -4.665784838024267245, 0.000000000000000000 ) ) ;
#3154 = DIRECTION ( 'NONE',  ( 4.200324197239087429E-15, 1.000000000000000000, 0.000000000000000000 ) ) ;
#3155 = CONTEXT_DEPENDENT_SHAPE_REPRESENTATION ( #7599, #4459 ) ;
#3156 = VECTOR ( 'NONE', #7786, 1000.000000000000000 ) ;
#3157 = DIRECTION ( 'NONE',  ( 0.000000000000000000, -0.000000000000000000, -1.000000000000000000 ) ) ;
#3158 = AXIS2_PLACEMENT_3D ( 'NONE', #5758, #5116, #1031 ) ;
#3159 = EDGE_LOOP ( 'NONE', ( #5951, #1056, #2664, #3406 ) ) ;
#3160 = DIRECTION ( 'NONE',  ( -1.000000000000000000, -1.706325926237332771E-16, 0.000000000000000000 ) ) ;
#3161 = ORIENTED_EDGE ( 'NONE', *, *, #3830, .F. ) ;
#3162 = EDGE_CURVE ( 'NONE', #6802, #5959, #1329, .T. ) ;
#3163 = DIRECTION ( 'NONE',  ( 0.000000000000000000, -1.000000000000000000, 0.000000000000000000 ) ) ;
#3164 = LINE ( 'NONE', #480, #5168 ) ;
#3165 = DIRECTION ( 'NONE',  ( 0.000000000000000000, 0.000000000000000000, 1.000000000000000000 ) ) ;
#3166 = EDGE_LOOP ( 'NONE', ( #871, #4271, #4853, #4210 ) ) ;
#3167 = PRESENTATION_LAYER_ASSIGNMENT (  '', '', ( #3466 ) ) ;
#3168 = CARTESIAN_POINT ( 'NONE',  ( 304.8000000000000114, -111.5450820850404057, 0.000000000000000000 ) ) ;
#3169 = DIRECTION ( 'NONE',  ( 5.981839101503997093E-30, -1.000000000000000222, -1.387778780781445676E-17 ) ) ;
#3170 = ADVANCED_FACE ( 'NONE', ( #3274 ), #6136, .F. ) ;
#3171 = DIRECTION ( 'NONE',  ( 1.000000000000000000, 1.706325926237332771E-16, -0.000000000000000000 ) ) ;
#3172 = VERTEX_POINT ( 'NONE', #7490 ) ;
#3173 = VERTEX_POINT ( 'NONE', #1868 ) ;
#3174 = EDGE_CURVE ( 'NONE', #8375, #2820, #1193, .T. ) ;
#3175 = DIRECTION ( 'NONE',  ( -0.000000000000000000, -0.000000000000000000, 1.000000000000000000 ) ) ;
#3176 = LINE ( 'NONE', #3126, #699 ) ;
#3177 = ADVANCED_FACE ( 'NONE', ( #2008 ), #4676, .F. ) ;
#3178 =( GEOMETRIC_REPRESENTATION_CONTEXT ( 3 ) GLOBAL_UNCERTAINTY_ASSIGNED_CONTEXT ( ( #4644 ) ) GLOBAL_UNIT_ASSIGNED_CONTEXT ( ( #1136, #8603, #1853 ) ) REPRESENTATION_CONTEXT ( 'NONE', 'WORKASPACE' ) );
#3179 = ORIENTED_EDGE ( 'NONE', *, *, #5396, .T. ) ;
#3180 = FACE_OUTER_BOUND ( 'NONE', #5264, .T. ) ;
#3181 = CARTESIAN_POINT ( 'NONE',  ( 59.26666666666674388, 304.8000000000000114, 0.000000000000000000 ) ) ;
#3182 = ORIENTED_EDGE ( 'NONE', *, *, #6222, .T. ) ;
#3183 = VERTEX_POINT ( 'NONE', #1955 ) ;
#3184 = PRODUCT_DEFINITION ( 'UNKNOWN', '', #8097, #4197 ) ;
#3185 = AXIS2_PLACEMENT_3D ( 'NONE', #7870, #7961, #3072 ) ;
#3186 = CARTESIAN_POINT ( 'NONE',  ( 279.4000000000043542, -115.1902906799316355, 0.000000000000000000 ) ) ;
#3187 = LINE ( 'NONE', #3140, #4119 ) ;
#3188 = DIRECTION ( 'NONE',  ( 0.000000000000000000, 0.000000000000000000, 1.000000000000000000 ) ) ;
#3189 = VERTEX_POINT ( 'NONE', #462 ) ;
#3190 = ORIENTED_EDGE ( 'NONE', *, *, #38, .F. ) ;
#3191 = DIRECTION ( 'NONE',  ( 1.000000000000000000, -0.000000000000000000, 0.000000000000000000 ) ) ;
#3192 = EDGE_LOOP ( 'NONE', ( #7189, #5973, #4121, #7096 ) ) ;
#3193 = ADVANCED_FACE ( 'NONE', ( #6719 ), #8159, .T. ) ;
#3194 = LINE ( 'NONE', #564, #248 ) ;
#3195 = DIRECTION ( 'NONE',  ( -1.706325926237332771E-16, 1.000000000000000000, 0.000000000000000000 ) ) ;
#3196 = PLANE ( 'NONE',  #1855 ) ;
#3197 = CARTESIAN_POINT ( 'NONE',  ( 304.8000000000000114, -26.87841541837373427, 11.81000000000000050 ) ) ;
#3198 = CONTEXT_DEPENDENT_SHAPE_REPRESENTATION ( #2789, #1710 ) ;
#3199 = UNCERTAINTY_MEASURE_WITH_UNIT (LENGTH_MEASURE( 1.000000000000000082E-05 ), #2549, 'distance_accuracy_value', 'NONE');
#3200 = VECTOR ( 'NONE', #2010, 1000.000000000000000 ) ;
#3201 = EDGE_CURVE ( 'NONE', #1460, #8922, #1376, .T. ) ;
#3202 = DIRECTION ( 'NONE',  ( 0.000000000000000000, 1.000000000000000000, 0.000000000000000000 ) ) ;
#3203 = EDGE_LOOP ( 'NONE', ( #5851, #597, #5494, #1917 ) ) ;
#3204 = DIRECTION ( 'NONE',  ( -1.706325926237332771E-16, 1.000000000000000000, 0.000000000000000000 ) ) ;
#3205 = EDGE_LOOP ( 'NONE', ( #7129, #8402, #5256, #7701 ) ) ;
#3206 = PLANE ( 'NONE',  #4898 ) ;
#3207 = DIRECTION ( 'NONE',  ( 0.000000000000000000, 1.000000000000000000, 0.000000000000000000 ) ) ;
#3208 = PRESENTATION_LAYER_ASSIGNMENT (  '', '', ( #8273 ) ) ;
#3209 = DIRECTION ( 'NONE',  ( -1.000000000000000000, 0.000000000000000000, -4.370956789862819572E-15 ) ) ;
#3210 = ORIENTED_EDGE ( 'NONE', *, *, #6002, .F. ) ;
#3211 = DIRECTION ( 'NONE',  ( 0.000000000000000000, -1.000000000000000000, 0.000000000000000000 ) ) ;
#3212 = DIRECTION ( 'NONE',  ( -1.000000000000000000, 0.000000000000000000, 0.000000000000000000 ) ) ;
#3213 = ADVANCED_FACE ( 'NONE', ( #3231 ), #8257, .F. ) ;
#3214 = CARTESIAN_POINT ( 'NONE',  ( -340.3090026065290772, -152.5178101317848132, 11.81000000000000050 ) ) ;
#3215 = VECTOR ( 'NONE', #2964, 1000.000000000000000 ) ;
#3216 = VERTEX_POINT ( 'NONE', #7440 ) ;
#3217 = VERTEX_POINT ( 'NONE', #3952 ) ;
#3218 = CARTESIAN_POINT ( 'NONE',  ( -25.39999999999999147, 0.000000000000000000, -304.8000000000000114 ) ) ;
#3219 = CARTESIAN_POINT ( 'NONE',  ( 304.7999999999999545, 66.25491791495960570, 11.81000000000000050 ) ) ;
#3220 = ADVANCED_FACE ( 'NONE', ( #6853 ), #7582, .F. ) ;
#3221 = ORIENTED_EDGE ( 'NONE', *, *, #4246, .F. ) ;
#3222 = DIRECTION ( 'NONE',  ( -0.000000000000000000, 0.000000000000000000, -1.000000000000000000 ) ) ;
#3223 = DIRECTION ( 'NONE',  ( 1.706325926237332771E-16, -1.000000000000000000, -0.000000000000000000 ) ) ;
#3224 = VERTEX_POINT ( 'NONE', #6766 ) ;
#3225 = VERTEX_POINT ( 'NONE', #506 ) ;
#3226 = VERTEX_POINT ( 'NONE', #4724 ) ;
#3227 = EDGE_CURVE ( 'NONE', #463, #6395, #8789, .T. ) ;
#3228 = FACE_OUTER_BOUND ( 'NONE', #6930, .T. ) ;
#3229 = DIRECTION ( 'NONE',  ( 0.000000000000000000, -1.000000000000000000, -0.000000000000000000 ) ) ;
#3230 = DIRECTION ( 'NONE',  ( 0.000000000000000000, 0.000000000000000000, -1.000000000000000000 ) ) ;
#3231 = FACE_OUTER_BOUND ( 'NONE', #6507, .T. ) ;
#3232 = MANIFOLD_SOLID_BREP ( 'Mirror4', #6531 ) ;
#3233 = ORIENTED_EDGE ( 'NONE', *, *, #2930, .F. ) ;
#3234 = EDGE_LOOP ( 'NONE', ( #4524, #8924, #5125, #8153, #5857, #101, #6078, #1, #8071, #2300, #1786, #273, #1354, #6343, #1725, #6680, #1894, #2310, #3652, #310, #4296, #8445, #6640, #2413, #2032, #8564, #7845, #5438 ) ) ;
#3235 = ORIENTED_EDGE ( 'NONE', *, *, #7515, .F. ) ;
#3236 = DIRECTION ( 'NONE',  ( 0.000000000000000000, -0.000000000000000000, 1.000000000000000000 ) ) ;
#3237 = LINE ( 'NONE', #3916, #3678 ) ;
#3238 = LINE ( 'NONE', #6010, #7487 ) ;
#3239 = LINE ( 'NONE', #1782, #3545 ) ;
#3240 = VECTOR ( 'NONE', #98, 1000.000000000000000 ) ;
#3241 = EDGE_CURVE ( 'NONE', #5704, #1925, #5360, .T. ) ;
#3242 = PLANE ( 'NONE',  #1475 ) ;
#3243 = VERTEX_POINT ( 'NONE', #3588 ) ;
#3244 = CARTESIAN_POINT ( 'NONE',  ( -152.3999999999999773, -80.73000000000001819, 11.81000000000000050 ) ) ;
#3245 = VECTOR ( 'NONE', #6046, 1000.000000000000000 ) ;
#3246 = ORIENTED_EDGE ( 'NONE', *, *, #5203, .F. ) ;
#3247 = SURFACE_STYLE_USAGE ( .BOTH. , #1073 ) ;
#3248 = LINE ( 'NONE', #1792, #8626 ) ;
#3249 = CARTESIAN_POINT ( 'NONE',  ( -25.39999999999560387, -140.5902906799316554, 0.000000000000000000 ) ) ;
#3250 = EDGE_CURVE ( 'NONE', #5817, #3536, #738, .T. ) ;
#3251 = EDGE_LOOP ( 'NONE', ( #4900, #6187, #5334, #7263 ) ) ;
#3252 = DIRECTION ( 'NONE',  ( 1.000000000000000000, 0.000000000000000000, 0.000000000000000000 ) ) ;
#3253 = CARTESIAN_POINT ( 'NONE',  ( -44.67249781737714187, -152.3998546600340944, 420.6604210058058015 ) ) ;
#3254 =( REPRESENTATION_RELATIONSHIP ('NONE','NONE', #853, #3527 ) REPRESENTATION_RELATIONSHIP_WITH_TRANSFORMATION ( #5969 )SHAPE_REPRESENTATION_RELATIONSHIP( ) );
#3255 = VECTOR ( 'NONE', #7728, 1000.000000000000000 ) ;
#3256 = DIRECTION ( 'NONE',  ( 0.000000000000000000, 0.000000000000000000, 1.000000000000000000 ) ) ;
#3257 = ORIENTED_EDGE ( 'NONE', *, *, #8143, .F. ) ;
#3258 = EDGE_LOOP ( 'NONE', ( #3161, #4671, #5752, #4495 ) ) ;
#3259 = DIRECTION ( 'NONE',  ( -1.000000000000000000, 0.000000000000000000, 0.000000000000000000 ) ) ;
#3260 = VECTOR ( 'NONE', #7850, 1000.000000000000000 ) ;
#3261 = DIRECTION ( 'NONE',  ( -1.000000000000000000, -1.706325926237332771E-16, 0.000000000000000000 ) ) ;
#3262 = DIRECTION ( 'NONE',  ( 0.000000000000000000, -0.000000000000000000, 1.000000000000000000 ) ) ;
#3263 = ORIENTED_EDGE ( 'NONE', *, *, #3965, .T. ) ;
#3264 = PRESENTATION_STYLE_ASSIGNMENT (( #3313 ) ) ;
#3265 = CARTESIAN_POINT ( 'NONE',  ( -59.26666666666662309, -292.9900000000000091, 11.81000000000000050 ) ) ;
#3266 = VECTOR ( 'NONE', #2141, 1000.000000000000000 ) ;
#3267 = ORIENTED_EDGE ( 'NONE', *, *, #8318, .T. ) ;
#3268 = EDGE_LOOP ( 'NONE', ( #1532, #4659, #5860, #5300 ) ) ;
#3269 = LINE ( 'NONE', #8737, #1410 ) ;
#3270 = DIRECTION ( 'NONE',  ( 0.000000000000000000, 1.000000000000000000, 0.000000000000000000 ) ) ;
#3271 = EDGE_CURVE ( 'NONE', #1543, #7801, #6269, .T. ) ;
#3272 = VECTOR ( 'NONE', #592, 1000.000000000000000 ) ;
#3273 = DIRECTION ( 'NONE',  ( 1.000000000000000000, 0.000000000000000000, 0.000000000000000000 ) ) ;
#3274 = FACE_OUTER_BOUND ( 'NONE', #955, .T. ) ;
#3275 = EDGE_CURVE ( 'NONE', #1937, #7769, #2093, .T. ) ;
#3276 = FILL_AREA_STYLE_COLOUR ( '', #7112 ) ;
#3277 = ORIENTED_EDGE ( 'NONE', *, *, #1401, .T. ) ;
#3278 = DIRECTION ( 'NONE',  ( -0.000000000000000000, -1.000000000000000000, -0.000000000000000000 ) ) ;
#3279 = VECTOR ( 'NONE', #4156, 1000.000000000000000 ) ;
#3280 = ORIENTED_EDGE ( 'NONE', *, *, #2610, .T. ) ;
#3281 = ORIENTED_EDGE ( 'NONE', *, *, #4962, .T. ) ;
#3282 = LINE ( 'NONE', #6055, #8054 ) ;
#3283 = ADVANCED_FACE ( 'NONE', ( #6358 ), #50, .F. ) ;
#3284 = FACE_OUTER_BOUND ( 'NONE', #5983, .T. ) ;
#3285 = CARTESIAN_POINT ( 'NONE',  ( -394.5486812835923160, -88.82781013178517071, 0.000000000000000000 ) ) ;
#3286 = CARTESIAN_POINT ( 'NONE',  ( 0.000000000000000000, 0.000000000000000000, 0.000000000000000000 ) ) ;
#3287 = VECTOR ( 'NONE', #2603, 1000.000000000000000 ) ;
#3288 = DIRECTION ( 'NONE',  ( 0.000000000000000000, -1.000000000000000000, 0.000000000000000000 ) ) ;
#3289 = VECTOR ( 'NONE', #8623, 1000.000000000000000 ) ;
#3290 = DIRECTION ( 'NONE',  ( 0.000000000000000000, -1.000000000000000000, 0.000000000000000000 ) ) ;
#3291 = ORIENTED_EDGE ( 'NONE', *, *, #4348, .F. ) ;
#3292 = VECTOR ( 'NONE', #2161, 1000.000000000000000 ) ;
#3293 = PLANE ( 'NONE',  #3436 ) ;
#3294 = AXIS2_PLACEMENT_3D ( 'NONE', #5572, #1405, #4935 ) ;
#3295 = EDGE_CURVE ( 'NONE', #6363, #5991, #2857, .T. ) ;
#3296 = ORIENTED_EDGE ( 'NONE', *, *, #1607, .F. ) ;
#3297 =( NAMED_UNIT ( * ) SI_UNIT ( $, .STERADIAN. ) SOLID_ANGLE_UNIT ( ) );
#3298 = CARTESIAN_POINT ( 'NONE',  ( -72.71900260652908798, -152.5178101317848984, 11.81000000000000050 ) ) ;
#3299 = CARTESIAN_POINT ( 'NONE',  ( -25.39999999999999147, 0.000000000000000000, 304.8000000000000114 ) ) ;
#3300 = ORIENTED_EDGE ( 'NONE', *, *, #2007, .F. ) ;
#3301 = DIRECTION ( 'NONE',  ( 2.014845802307676854E-15, 1.000000000000000000, 0.000000000000000000 ) ) ;
#3302 = VECTOR ( 'NONE', #6932, 1000.000000000000000 ) ;
#3303 = COLOUR_RGB ( '',1.000000000000000000, 1.000000000000000000, 1.000000000000000000 ) ;
#3304 = CARTESIAN_POINT ( 'NONE',  ( 0.000000000000000000, 11.81000000000000050, 0.000000000000000000 ) ) ;
#3305 = ORIENTED_EDGE ( 'NONE', *, *, #7677, .F. ) ;
#3306 = EDGE_CURVE ( 'NONE', #6649, #3318, #142, .T. ) ;
#3307 = VECTOR ( 'NONE', #4345, 1000.000000000000000 ) ;
#3308 = ORIENTED_EDGE ( 'NONE', *, *, #4054, .T. ) ;
#3309 = LINE ( 'NONE', #4762, #4590 ) ;
#3310 = PLANE ( 'NONE',  #7200 ) ;
#3311 =( NAMED_UNIT ( * ) SI_UNIT ( $, .STERADIAN. ) SOLID_ANGLE_UNIT ( ) );
#3312 = EDGE_LOOP ( 'NONE', ( #8051, #6234, #7610, #1819 ) ) ;
#3313 = SURFACE_STYLE_USAGE ( .BOTH. , #6709 ) ;
#3314 = CARTESIAN_POINT ( 'NONE',  ( -547.8386812835921091, -140.5178101317850121, 0.000000000000000000 ) ) ;
#3315 = ORIENTED_EDGE ( 'NONE', *, *, #5222, .T. ) ;
#3316 = ADVANCED_FACE ( 'NONE', ( #821 ), #7670, .F. ) ;
#3317 = ORIENTED_EDGE ( 'NONE', *, *, #57, .F. ) ;
#3318 = VERTEX_POINT ( 'NONE', #5632 ) ;
#3319 = PLANE ( 'NONE',  #244 ) ;
#3320 = DIRECTION ( 'NONE',  ( -0.000000000000000000, -1.000000000000000000, -0.000000000000000000 ) ) ;
#3321 = MECHANICAL_DESIGN_GEOMETRIC_PRESENTATION_REPRESENTATION (  '', ( #6366 ), #868 ) ;
#3322 = SURFACE_STYLE_FILL_AREA ( #1911 ) ;
#3323 = SURFACE_STYLE_FILL_AREA ( #3369 ) ;
#3324 = LINE ( 'NONE', #741, #8030 ) ;
#3325 = ORIENTED_EDGE ( 'NONE', *, *, #3108, .T. ) ;
#3326 = AXIS2_PLACEMENT_3D ( 'NONE', #1037, #1796, #2436 ) ;
#3327 = DIRECTION ( 'NONE',  ( 1.706325926237332771E-16, -1.000000000000000000, -0.000000000000000000 ) ) ;
#3328 = EDGE_CURVE ( 'NONE', #8099, #5729, #4860, .T. ) ;
#3329 = ORIENTED_EDGE ( 'NONE', *, *, #2012, .T. ) ;
#3330 = VERTEX_POINT ( 'NONE', #4183 ) ;
#3331 = FACE_OUTER_BOUND ( 'NONE', #2562, .T. ) ;
#3332 = DIRECTION ( 'NONE',  ( -2.185478394931409786E-15, 1.000000000000000000, 0.000000000000000000 ) ) ;
#3333 = DIRECTION ( 'NONE',  ( 0.000000000000000000, -0.000000000000000000, 1.000000000000000000 ) ) ;
#3334 =( NAMED_UNIT ( * ) PLANE_ANGLE_UNIT ( ) SI_UNIT ( $, .RADIAN. ) );
#3335 = PRODUCT_DEFINITION_FORMATION_WITH_SPECIFIED_SOURCE ( 'ANY', '', #7853, .NOT_KNOWN. ) ;
#3336 = DIRECTION ( 'NONE',  ( -1.000000000000000000, -0.000000000000000000, -0.000000000000000000 ) ) ;
#3337 = CONTEXT_DEPENDENT_SHAPE_REPRESENTATION ( #7476, #3519 ) ;
#3338 = EDGE_CURVE ( 'NONE', #1072, #4128, #8343, .T. ) ;
#3339 = VERTEX_POINT ( 'NONE', #875 ) ;
#3340 = CARTESIAN_POINT ( 'NONE',  ( -25.39999999999999147, 11.81000000000000050, -304.8000000000000114 ) ) ;
#3341 = EDGE_CURVE ( 'NONE', #5225, #1676, #6981, .T. ) ;
#3342 = VERTEX_POINT ( 'NONE', #2137 ) ;
#3343 =( LENGTH_UNIT ( ) NAMED_UNIT ( * ) SI_UNIT ( .MILLI., .METRE. ) );
#3344 = CARTESIAN_POINT ( 'NONE',  ( 279.4000000000043542, 419.9897093200684139, 0.000000000000000000 ) ) ;
#3345 = DIRECTION ( 'NONE',  ( -1.000000000000000000, 1.092739197465705287E-15, 0.000000000000000000 ) ) ;
#3346 = VERTEX_POINT ( 'NONE', #6943 ) ;
#3347 = LINE ( 'NONE', #5524, #500 ) ;
#3348 = DIRECTION ( 'NONE',  ( 5.551115123125782702E-17, 1.734723475976807094E-18, 1.000000000000000000 ) ) ;
#3349 = LINE ( 'NONE', #1893, #5297 ) ;
#3350 = EDGE_CURVE ( 'NONE', #3792, #3189, #776, .T. ) ;
#3351 = EDGE_LOOP ( 'NONE', ( #2886, #8868, #8089, #6022 ) ) ;
#3352 = CLOSED_SHELL ( 'NONE', ( #7239, #7739, #4711, #6458, #615, #2047 ) ) ;
#3353 = ORIENTED_EDGE ( 'NONE', *, *, #974, .T. ) ;
#3354 = CARTESIAN_POINT ( 'NONE',  ( 140.5900000000000034, -80.73000000000001819, 11.81000000000000050 ) ) ;
#3355 = FACE_OUTER_BOUND ( 'NONE', #5992, .T. ) ;
#3356 = EDGE_CURVE ( 'NONE', #5223, #4470, #4946, .T. ) ;
#3357 =( GEOMETRIC_REPRESENTATION_CONTEXT ( 3 ) GLOBAL_UNCERTAINTY_ASSIGNED_CONTEXT ( ( #1830 ) ) GLOBAL_UNIT_ASSIGNED_CONTEXT ( ( #961, #7292, #5090 ) ) REPRESENTATION_CONTEXT ( 'NONE', 'WORKASPACE' ) );
#3358 = ORIENTED_EDGE ( 'NONE', *, *, #2489, .T. ) ;
#3359 = CARTESIAN_POINT ( 'NONE',  ( 140.5900000000000034, 267.5900000000000318, 0.000000000000000000 ) ) ;
#3360 = DIRECTION ( 'NONE',  ( 1.000000000000000000, 0.000000000000000000, 0.000000000000000000 ) ) ;
#3361 = ORIENTED_EDGE ( 'NONE', *, *, #7434, .F. ) ;
#3362 = VERTEX_POINT ( 'NONE', #1501 ) ;
#3363 = EDGE_LOOP ( 'NONE', ( #2800, #8586, #7579, #8180 ) ) ;
#3364 = DIRECTION ( 'NONE',  ( 0.000000000000000000, 0.000000000000000000, 1.000000000000000000 ) ) ;
#3365 = AXIS2_PLACEMENT_3D ( 'NONE', #7812, #3012, #295 ) ;
#3366 = DIRECTION ( 'NONE',  ( 1.706325926237332771E-16, -1.000000000000000000, 0.000000000000000000 ) ) ;
#3367 = EDGE_CURVE ( 'NONE', #8922, #1101, #3635, .T. ) ;
#3368 = CARTESIAN_POINT ( 'NONE',  ( 279.4000000000042974, 457.1997093200683935, 11.81000000000000050 ) ) ;
#3369 = FILL_AREA_STYLE ('',( #3276 ) ) ;
#3370 = LINE ( 'NONE', #1287, #8749 ) ;
#3371 = ORIENTED_EDGE ( 'NONE', *, *, #3995, .F. ) ;
#3372 = PLANE ( 'NONE',  #487 ) ;
#3373 = VERTEX_POINT ( 'NONE', #6444 ) ;
#3374 = VERTEX_POINT ( 'NONE', #2314 ) ;
#3375 = DIRECTION ( 'NONE',  ( -0.000000000000000000, 0.000000000000000000, -1.000000000000000000 ) ) ;
#3376 = DIRECTION ( 'NONE',  ( 1.000000000000000000, -9.106159978880874930E-17, 0.000000000000000000 ) ) ;
#3377 = DIRECTION ( 'NONE',  ( 1.000000000000000000, 4.370956789862819572E-15, 0.000000000000000000 ) ) ;
#3378 = ADVANCED_FACE ( 'NONE', ( #3679 ), #4355, .F. ) ;
#3379 = DIRECTION ( 'NONE',  ( -4.553079989440437711E-16, 1.000000000000000000, 0.000000000000000000 ) ) ;
#3380 = CONTEXT_DEPENDENT_SHAPE_REPRESENTATION ( #1521, #5619 ) ;
#3381 = UNCERTAINTY_MEASURE_WITH_UNIT (LENGTH_MEASURE( 1.000000000000000082E-05 ), #6877, 'distance_accuracy_value', 'NONE');
#3382 = CARTESIAN_POINT ( 'NONE',  ( 254.0000000000042348, 445.3897093200683912, 0.000000000000000000 ) ) ;
#3383 = ORIENTED_EDGE ( 'NONE', *, *, #7720, .F. ) ;
#3384 = DIRECTION ( 'NONE',  ( 1.000000000000000000, 0.000000000000000000, -1.092739197465705287E-15 ) ) ;
#3385 = ORIENTED_EDGE ( 'NONE', *, *, #4991, .T. ) ;
#3386 = CARTESIAN_POINT ( 'NONE',  ( -152.3999999999999773, 267.5900000000000318, 0.000000000000000000 ) ) ;
#3387 = VECTOR ( 'NONE', #1427, 1000.000000000000000 ) ;
#3388 = LINE ( 'NONE', #6203, #2121 ) ;
#3389 = LINE ( 'NONE', #671, #7788 ) ;
#3390 = EDGE_CURVE ( 'NONE', #5337, #1625, #5774, .T. ) ;
#3391 = ORIENTED_EDGE ( 'NONE', *, *, #4180, .F. ) ;
#3392 = ADVANCED_FACE ( 'NONE', ( #7123 ), #2678, .F. ) ;
#3393 = FACE_OUTER_BOUND ( 'NONE', #1745, .T. ) ;
#3394 = DIRECTION ( 'NONE',  ( 0.4999999999999948930, 1.276222519706407367E-16, 0.8660254037844414832 ) ) ;
#3395 = ADVANCED_FACE ( 'NONE', ( #5502 ), #1332, .T. ) ;
#3396 = LINE ( 'NONE', #4074, #5739 ) ;
#3397 = VECTOR ( 'NONE', #1036, 1000.000000000000000 ) ;
#3398 = ORIENTED_EDGE ( 'NONE', *, *, #1387, .T. ) ;
#3399 = ORIENTED_EDGE ( 'NONE', *, *, #3464, .F. ) ;
#3400 = DIRECTION ( 'NONE',  ( -1.000000000000000000, -0.000000000000000000, -0.000000000000000000 ) ) ;
#3401 = CARTESIAN_POINT ( 'NONE',  ( -59.12900260652914852, -152.5178101317847847, 0.000000000000000000 ) ) ;
#3402 = EDGE_CURVE ( 'NONE', #2644, #1659, #4820, .T. ) ;
#3403 = AXIS2_PLACEMENT_3D ( 'NONE', #2505, #7314, #2376 ) ;
#3404 = SURFACE_STYLE_FILL_AREA ( #5395 ) ;
#3405 = EDGE_CURVE ( 'NONE', #6079, #3672, #6271, .T. ) ;
#3406 = ORIENTED_EDGE ( 'NONE', *, *, #5661, .T. ) ;
#3407 = CARTESIAN_POINT ( 'NONE',  ( -675.7286812835919818, -114.2278101317851906, 11.81000000000000050 ) ) ;
#3408 = ORIENTED_EDGE ( 'NONE', *, *, #8403, .F. ) ;
#3409 = ORIENTED_EDGE ( 'NONE', *, *, #6059, .F. ) ;
#3410 = AXIS2_PLACEMENT_3D ( 'NONE', #3476, #6730, #6239 ) ;
#3411 = ORIENTED_EDGE ( 'NONE', *, *, #5414, .F. ) ;
#3412 = ORIENTED_EDGE ( 'NONE', *, *, #3874, .F. ) ;
#3413 = DIRECTION ( 'NONE',  ( -0.000000000000000000, 1.000000000000000000, -0.000000000000000000 ) ) ;
#3414 = ADVANCED_FACE ( 'NONE', ( #2773 ), #4048, .F. ) ;
#3415 = LINE ( 'NONE', #2724, #6200 ) ;
#3416 = DIRECTION ( 'NONE',  ( 0.000000000000000000, -0.000000000000000000, 1.000000000000000000 ) ) ;
#3417 = VECTOR ( 'NONE', #4226, 1000.000000000000000 ) ;
#3418 = DIRECTION ( 'NONE',  ( 0.000000000000000000, 0.000000000000000000, -1.000000000000000000 ) ) ;
#3419 = CARTESIAN_POINT ( 'NONE',  ( -675.7286812835920955, -126.9278101317851366, 0.000000000000000000 ) ) ;
#3420 = EDGE_LOOP ( 'NONE', ( #8807, #6141, #4718, #4433 ) ) ;
#3421 = ORIENTED_EDGE ( 'NONE', *, *, #5790, .T. ) ;
#3422 = ORIENTED_EDGE ( 'NONE', *, *, #7392, .T. ) ;
#3423 = DIRECTION ( 'NONE',  ( 0.000000000000000000, 1.000000000000000000, 0.000000000000000000 ) ) ;
#3424 = AXIS2_PLACEMENT_3D ( 'NONE', #6757, #4767, #6086 ) ;
#3425 = ADVANCED_FACE ( 'NONE', ( #603 ), #7494, .T. ) ;
#3426 = CARTESIAN_POINT ( 'NONE',  ( -394.5486812835924297, -152.3278101317851281, 0.000000000000000000 ) ) ;
#3427 = DIRECTION ( 'NONE',  ( 0.000000000000000000, 0.000000000000000000, 1.000000000000000000 ) ) ;
#3428 =( NAMED_UNIT ( * ) SI_UNIT ( $, .STERADIAN. ) SOLID_ANGLE_UNIT ( ) );
#3429 = LINE ( 'NONE', #7408, #5576 ) ;
#3430 = AXIS2_PLACEMENT_3D ( 'NONE', #7372, #5932, #4560 ) ;
#3431 = DIRECTION ( 'NONE',  ( -0.000000000000000000, -0.000000000000000000, 1.000000000000000000 ) ) ;
#3432 = ORIENTED_EDGE ( 'NONE', *, *, #1431, .T. ) ;
#3433 = CARTESIAN_POINT ( 'NONE',  ( 140.5900000000000034, 292.9900000000000091, 11.81000000000000050 ) ) ;
#3434 = APPLICATION_CONTEXT ( 'automotive_design' ) ;
#3435 = CARTESIAN_POINT ( 'NONE',  ( 115.1902906799316355, -4.665784838024267245, 0.000000000000000000 ) ) ;
#3436 = AXIS2_PLACEMENT_3D ( 'NONE', #8804, #1924, #619 ) ;
#3437 = FACE_OUTER_BOUND ( 'NONE', #7712, .T. ) ;
#3438 = AXIS2_PLACEMENT_3D ( 'NONE', #798, #7312, #2420 ) ;
#3439 = DIRECTION ( 'NONE',  ( -0.000000000000000000, -1.000000000000000000, -0.000000000000000000 ) ) ;
#3440 = DIRECTION ( 'NONE',  ( 0.000000000000000000, -0.000000000000000000, 1.000000000000000000 ) ) ;
#3441 = VERTEX_POINT ( 'NONE', #4093 ) ;
#3442 = LINE ( 'NONE', #4159, #4547 ) ;
#3443 = VECTOR ( 'NONE', #3512, 1000.000000000000000 ) ;
#3444 = FACE_OUTER_BOUND ( 'NONE', #3978, .T. ) ;
#3445 = VECTOR ( 'NONE', #1938, 1000.000000000000000 ) ;
#3446 = EDGE_CURVE ( 'NONE', #2003, #8817, #701, .T. ) ;
#3447 = ORIENTED_EDGE ( 'NONE', *, *, #3983, .F. ) ;
#3448 = VERTEX_POINT ( 'NONE', #5453 ) ;
#3449 = CARTESIAN_POINT ( 'NONE',  ( 139.7000000000043087, -152.4002906799316861, 0.000000000000000000 ) ) ;
#3450 = EDGE_CURVE ( 'NONE', #963, #7124, #3370, .T. ) ;
#3451 = FACE_OUTER_BOUND ( 'NONE', #7619, .T. ) ;
#3452 = VECTOR ( 'NONE', #4944, 1000.000000000000000 ) ;
#3453 = CARTESIAN_POINT ( 'NONE',  ( -25.39999999999560387, 419.9897093200684139, 0.000000000000000000 ) ) ;
#3454 = MECHANICAL_DESIGN_GEOMETRIC_PRESENTATION_REPRESENTATION (  '', ( #1127 ), #8768 ) ;
#3455 =( NAMED_UNIT ( * ) SI_UNIT ( $, .STERADIAN. ) SOLID_ANGLE_UNIT ( ) );
#3456 = ORIENTED_EDGE ( 'NONE', *, *, #5359, .T. ) ;
#3457 = DIRECTION ( 'NONE',  ( 2.014845802307676854E-15, 1.000000000000000000, 0.000000000000000000 ) ) ;
#3458 = ORIENTED_EDGE ( 'NONE', *, *, #347, .F. ) ;
#3459 = VECTOR ( 'NONE', #2660, 1000.000000000000000 ) ;
#3460 = EDGE_CURVE ( 'NONE', #3672, #368, #1377, .T. ) ;
#3461 = VECTOR ( 'NONE', #8796, 1000.000000000000000 ) ;
#3462 = ORIENTED_EDGE ( 'NONE', *, *, #5269, .T. ) ;
#3463 = LINE ( 'NONE', #2810, #7196 ) ;
#3464 = EDGE_CURVE ( 'NONE', #8555, #4218, #3324, .T. ) ;
#3465 = DIRECTION ( 'NONE',  ( 0.000000000000000000, 0.000000000000000000, -1.000000000000000000 ) ) ;
#3466 = STYLED_ITEM ( 'NONE', ( #5370 ), #1797 ) ;
#3467 = DIRECTION ( 'NONE',  ( 0.000000000000000000, 0.000000000000000000, -1.000000000000000000 ) ) ;
#3468 = FACE_OUTER_BOUND ( 'NONE', #591, .T. ) ;
#3469 = ADVANCED_FACE ( 'NONE', ( #650 ), #6771, .T. ) ;
#3470 = ORIENTED_EDGE ( 'NONE', *, *, #8541, .F. ) ;
#3471 = EDGE_LOOP ( 'NONE', ( #6544, #7201, #2233, #2271 ) ) ;
#3472 = ORIENTED_EDGE ( 'NONE', *, *, #1825, .T. ) ;
#3473 = DIRECTION ( 'NONE',  ( -0.000000000000000000, 0.000000000000000000, 1.000000000000000000 ) ) ;
#3474 = LINE ( 'NONE', #709, #3685 ) ;
#3475 = LINE ( 'NONE', #611, #7768 ) ;
#3476 = CARTESIAN_POINT ( 'NONE',  ( -304.8000000000000114, -86.14508208504045683, 0.000000000000000000 ) ) ;
#3477 = AXIS2_PLACEMENT_3D ( 'NONE', #6567, #8685, #358 ) ;
#3478 = ADVANCED_FACE ( 'NONE', ( #3468 ), #2631, .T. ) ;
#3479 = CARTESIAN_POINT ( 'NONE',  ( -47.31900260652910362, -93.25114346511811902, 0.000000000000000000 ) ) ;
#3480 = ORIENTED_EDGE ( 'NONE', *, *, #3295, .F. ) ;
#3481 = CARTESIAN_POINT ( 'NONE',  ( -662.1386812835920637, -152.3278101317851565, 0.000000000000000000 ) ) ;
#3482 = LINE ( 'NONE', #6245, #1216 ) ;
#3483 = CARTESIAN_POINT ( 'NONE',  ( 140.5900000000000034, 106.1299999999999955, 0.000000000000000000 ) ) ;
#3484 = CARTESIAN_POINT ( 'NONE',  ( 292.9900000000000091, -86.14508208504039999, 0.000000000000000000 ) ) ;
#3485 = CARTESIAN_POINT ( 'NONE',  ( -352.1190026065291363, -127.1178101317848075, 0.000000000000000000 ) ) ;
#3486 = ORIENTED_EDGE ( 'NONE', *, *, #8086, .T. ) ;
#3487 = PLANE ( 'NONE',  #2662 ) ;
#3488 = CARTESIAN_POINT ( 'NONE',  ( 151.3955138814146437, -304.8001453399658089, -390.3141448864226390 ) ) ;
#3489 = EDGE_CURVE ( 'NONE', #1076, #1139, #2729, .T. ) ;
#3490 = DIRECTION ( 'NONE',  ( 0.000000000000000000, 1.000000000000000000, 0.000000000000000000 ) ) ;
#3491 = ORIENTED_EDGE ( 'NONE', *, *, #112, .F. ) ;
#3492 = ORIENTED_EDGE ( 'NONE', *, *, #3769, .F. ) ;
#3493 = CARTESIAN_POINT ( 'NONE',  ( -340.3090026065290772, -33.98447679845147462, 0.000000000000000000 ) ) ;
#3494 = CARTESIAN_POINT ( 'NONE',  ( -126.9999999999999716, -304.8000000000000114, 0.000000000000000000 ) ) ;
#3495 = DIRECTION ( 'NONE',  ( 0.000000000000000000, -0.000000000000000000, 1.000000000000000000 ) ) ;
#3496 = ADVANCED_FACE ( 'NONE', ( #6096 ), #3998, .T. ) ;
#3497 = DIRECTION ( 'NONE',  ( -0.000000000000000000, -0.000000000000000000, 1.000000000000000000 ) ) ;
#3498 = AXIS2_PLACEMENT_3D ( 'NONE', #7125, #7627, #7708 ) ;
#3499 = ORIENTED_EDGE ( 'NONE', *, *, #7886, .T. ) ;
#3500 = DIRECTION ( 'NONE',  ( 1.000000000000000000, -4.200324197239087429E-15, -0.000000000000000000 ) ) ;
#3501 = PLANE ( 'NONE',  #7501 ) ;
#3502 = VECTOR ( 'NONE', #7531, 1000.000000000000000 ) ;
#3503 = EDGE_CURVE ( 'NONE', #6639, #6895, #1425, .T. ) ;
#3504 = PRESENTATION_STYLE_ASSIGNMENT (( #4045 ) ) ;
#3505 = DIRECTION ( 'NONE',  ( 1.706325926237332771E-16, -1.000000000000000000, -0.000000000000000000 ) ) ;
#3506 = EDGE_CURVE ( 'NONE', #3172, #2362, #6945, .T. ) ;
#3507 = EDGE_LOOP ( 'NONE', ( #94, #2015, #920, #1813 ) ) ;
#3508 = CARTESIAN_POINT ( 'NONE',  ( -382.7386812835922569, -50.72781013178523324, 11.81000000000000050 ) ) ;
#3509 = ORIENTED_EDGE ( 'NONE', *, *, #3367, .F. ) ;
#3510 = AXIS2_PLACEMENT_3D ( 'NONE', #1476, #3054, #2873 ) ;
#3511 = ORIENTED_EDGE ( 'NONE', *, *, #4992, .T. ) ;
#3512 = DIRECTION ( 'NONE',  ( -0.000000000000000000, -0.000000000000000000, -1.000000000000000000 ) ) ;
#3513 = DIRECTION ( 'NONE',  ( 1.000000000000000000, 2.185478394931409786E-15, 0.000000000000000000 ) ) ;
#3514 = CARTESIAN_POINT ( 'NONE',  ( 304.7999999999999545, 91.65491791495961138, 0.000000000000000000 ) ) ;
#3515 = SURFACE_SIDE_STYLE ('',( #8270 ) ) ;
#3516 = EDGE_CURVE ( 'NONE', #66, #1412, #7442, .T. ) ;
#3517 = LINE ( 'NONE', #837, #3698 ) ;
#3518 = ORIENTED_EDGE ( 'NONE', *, *, #8866, .F. ) ;
#3519 = PRODUCT_DEFINITION_SHAPE ( 'NONE', 'NONE',  #8950 ) ;
#3520 = CARTESIAN_POINT ( 'NONE',  ( -152.3999999999999773, 292.9900000000000091, 0.000000000000000000 ) ) ;
#3521 = EDGE_CURVE ( 'NONE', #7127, #7875, #4400, .T. ) ;
#3522 = DIRECTION ( 'NONE',  ( -0.000000000000000000, 0.000000000000000000, -1.000000000000000000 ) ) ;
#3523 = CARTESIAN_POINT ( 'NONE',  ( 140.5902906799316270, 20.73421516197590364, 0.000000000000000000 ) ) ;
#3524 = ORIENTED_EDGE ( 'NONE', *, *, #3227, .F. ) ;
#3525 = LINE ( 'NONE', #1446, #6007 ) ;
#3526 = APPLICATION_PROTOCOL_DEFINITION ( 'draft international standard', 'automotive_design', 1998, #3434 ) ;
#3527 = SHAPE_REPRESENTATION ( 'Wood_Accent_Front', ( #3886 ), #6644 ) ;
#3528 = CARTESIAN_POINT ( 'NONE',  ( -522.4386812835921319, -140.5178101317850405, 0.000000000000000000 ) ) ;
#3529 = ORIENTED_EDGE ( 'NONE', *, *, #2445, .T. ) ;
#3530 = VERTEX_POINT ( 'NONE', #231 ) ;
#3531 = DIRECTION ( 'NONE',  ( -0.000000000000000000, 1.000000000000000000, -0.000000000000000000 ) ) ;
#3532 = CARTESIAN_POINT ( 'NONE',  ( 304.7999999999999545, 66.25491791495960570, 0.000000000000000000 ) ) ;
#3533 = PLANE ( 'NONE',  #1507 ) ;
#3534 = VECTOR ( 'NONE', #5368, 1000.000000000000000 ) ;
#3535 = CARTESIAN_POINT ( 'NONE',  ( -126.9999999999999716, 304.8000000000000114, 0.000000000000000000 ) ) ;
#3536 = VERTEX_POINT ( 'NONE', #4360 ) ;
#3537 = ORIENTED_EDGE ( 'NONE', *, *, #3795, .T. ) ;
#3538 = FACE_OUTER_BOUND ( 'NONE', #4940, .T. ) ;
#3539 = VECTOR ( 'NONE', #3576, 1000.000000000000000 ) ;
#3540 = DIRECTION ( 'NONE',  ( 0.000000000000000000, 0.000000000000000000, 1.000000000000000000 ) ) ;
#3541 =( LENGTH_UNIT ( ) NAMED_UNIT ( * ) SI_UNIT ( .MILLI., .METRE. ) );
#3542 = VERTEX_POINT ( 'NONE', #3595 ) ;
#3543 = CARTESIAN_POINT ( 'NONE',  ( 152.4000000000000057, 304.8000000000000114, 11.81000000000000050 ) ) ;
#3544 = DIRECTION ( 'NONE',  ( 1.000000000000000000, 0.000000000000000000, 0.000000000000000000 ) ) ;
#3545 = VECTOR ( 'NONE', #7949, 1000.000000000000000 ) ;
#3546 = VERTEX_POINT ( 'NONE', #8476 ) ;
#3547 = CARTESIAN_POINT ( 'NONE',  ( 139.7000000000043087, -152.4002906799316861, 0.000000000000000000 ) ) ;
#3548 = EDGE_LOOP ( 'NONE', ( #4122, #6295, #1727, #6017 ) ) ;
#3549 = EDGE_CURVE ( 'NONE', #5083, #6000, #878, .T. ) ;
#3550 = ORIENTED_EDGE ( 'NONE', *, *, #6722, .T. ) ;
#3551 = PLANE ( 'NONE',  #8774 ) ;
#3552 = PLANE ( 'NONE',  #4161 ) ;
#3553 = STYLED_ITEM ( 'NONE', ( #3504 ), #3232 ) ;
#3554 = DIRECTION ( 'NONE',  ( -2.185478394931409786E-15, 1.000000000000000000, 0.000000000000000000 ) ) ;
#3555 = CARTESIAN_POINT ( 'NONE',  ( 304.8000000000000114, 6.988251248292928430, 0.000000000000000000 ) ) ;
#3556 = ADVANCED_FACE ( 'NONE', ( #7165 ), #6362, .F. ) ;
#3557 =( NAMED_UNIT ( * ) SI_UNIT ( $, .STERADIAN. ) SOLID_ANGLE_UNIT ( ) );
#3558 = CARTESIAN_POINT ( 'NONE',  ( 279.4000000000043542, 419.9897093200684139, 11.81000000000000050 ) ) ;
#3559 = LINE ( 'NONE', #5011, #2342 ) ;
#3560 = VECTOR ( 'NONE', #1957, 1000.000000000000000 ) ;
#3561 = ORIENTED_EDGE ( 'NONE', *, *, #1500, .T. ) ;
#3562 = ADVANCED_FACE ( 'NONE', ( #962 ), #6985, .T. ) ;
#3563 = LINE ( 'NONE', #4833, #7903 ) ;
#3564 = CARTESIAN_POINT ( 'NONE',  ( -47.31900260652910362, -93.25114346511811902, 11.81000000000000050 ) ) ;
#3565 = DIRECTION ( 'NONE',  ( 0.000000000000000000, 1.000000000000000000, 0.000000000000000000 ) ) ;
#3566 = PLANE ( 'NONE',  #1516 ) ;
#3567 = VECTOR ( 'NONE', #3171, 1000.000000000000000 ) ;
#3568 = ORIENTED_EDGE ( 'NONE', *, *, #419, .F. ) ;
#3569 = PRODUCT_DEFINITION ( 'UNKNOWN', '', #3627, #6997 ) ;
#3570 = PLANE ( 'NONE',  #7914 ) ;
#3571 = AXIS2_PLACEMENT_3D ( 'NONE', #1442, #8278, #3522 ) ;
#3572 = ORIENTED_EDGE ( 'NONE', *, *, #5802, .T. ) ;
#3573 = EDGE_LOOP ( 'NONE', ( #1009, #8633, #4272, #1122 ) ) ;
#3574 = LINE ( 'NONE', #2888, #1277 ) ;
#3575 = PLANE ( 'NONE',  #1283 ) ;
#3576 = DIRECTION ( 'NONE',  ( 0.000000000000000000, 0.000000000000000000, 1.000000000000000000 ) ) ;
#3577 = DIRECTION ( 'NONE',  ( 0.000000000000000000, 0.000000000000000000, 1.000000000000000000 ) ) ;
#3578 = VECTOR ( 'NONE', #6276, 1000.000000000000000 ) ;
#3579 = VECTOR ( 'NONE', #6862, 1000.000000000000000 ) ;
#3580 = CARTESIAN_POINT ( 'NONE',  ( -457.1999999999999886, 20.73421516197585035, 0.000000000000000000 ) ) ;
#3581 = EDGE_CURVE ( 'NONE', #965, #8202, #5046, .T. ) ;
#3582 = VERTEX_POINT ( 'NONE', #824 ) ;
#3583 = VECTOR ( 'NONE', #430, 1000.000000000000000 ) ;
#3584 = ORIENTED_EDGE ( 'NONE', *, *, #3105, .F. ) ;
#3586 = DIRECTION ( 'NONE',  ( 1.000000000000000000, 0.000000000000000000, 0.000000000000000000 ) ) ;
#3585 = VECTOR ( 'NONE', #2311, 1000.000000000000000 ) ;
#3587 = CARTESIAN_POINT ( 'NONE',  ( -13.58999999999560160, -140.5902906799316554, 11.81000000000000050 ) ) ;
#3588 = CARTESIAN_POINT ( 'NONE',  ( -25.39999999999560387, 165.0997093200683992, 0.000000000000000000 ) ) ;
#3589 = EDGE_CURVE ( 'NONE', #260, #417, #8390, .T. ) ;
#3590 = PRODUCT_DEFINITION_SHAPE ( 'NONE', 'NONE',  #8943 ) ;
#3591 = VECTOR ( 'NONE', #7539, 1000.000000000000000 ) ;
#3592 = ORIENTED_EDGE ( 'NONE', *, *, #474, .T. ) ;
#3593 = PRESENTATION_LAYER_ASSIGNMENT (  '', '', ( #2425 ) ) ;
#3594 = CARTESIAN_POINT ( 'NONE',  ( -258.9856692731957537, -152.5178101317848416, 11.81000000000000050 ) ) ;
#3595 = CARTESIAN_POINT ( 'NONE',  ( -408.1386812835921774, -152.3278101317849860, 11.81000000000000050 ) ) ;
#3596 = VERTEX_POINT ( 'NONE', #7083 ) ;
#3597 = DIRECTION ( 'NONE',  ( -1.000000000000000000, 0.000000000000000000, 0.000000000000000000 ) ) ;
#3598 = ORIENTED_EDGE ( 'NONE', *, *, #6615, .T. ) ;
#3599 = VERTEX_POINT ( 'NONE', #919 ) ;
#3600 = CARTESIAN_POINT ( 'NONE',  ( -457.1999999999999886, 20.73421516197585035, 0.000000000000000000 ) ) ;
#3601 = LINE ( 'NONE', #883, #7049 ) ;
#3602 = VECTOR ( 'NONE', #5336, 1000.000000000000000 ) ;
#3603 = CARTESIAN_POINT ( 'NONE',  ( 33.86666666666673819, 292.9900000000000091, 0.000000000000000000 ) ) ;
#3604 = CARTESIAN_POINT ( 'NONE',  ( 59.26666666666674388, -292.9900000000000091, 0.000000000000000000 ) ) ;
#3605 = DIRECTION ( 'NONE',  ( 0.000000000000000000, 0.000000000000000000, 1.000000000000000000 ) ) ;
#3606 =( REPRESENTATION_RELATIONSHIP ('NONE','NONE', #853, #2935 ) REPRESENTATION_RELATIONSHIP_WITH_TRANSFORMATION ( #3876 )SHAPE_REPRESENTATION_RELATIONSHIP( ) );
#3607 = ADVANCED_FACE ( 'NONE', ( #2904 ), #7672, .F. ) ;
#3608 = STYLED_ITEM ( 'NONE', ( #22 ), #170 ) ;
#3609 = FACE_OUTER_BOUND ( 'NONE', #7699, .T. ) ;
#3610 = ORIENTED_EDGE ( 'NONE', *, *, #4992, .F. ) ;
#3611 = LINE ( 'NONE', #6375, #6493 ) ;
#3612 = CARTESIAN_POINT ( 'NONE',  ( -165.8523359398624279, -152.5178101317848700, 0.000000000000000000 ) ) ;
#3613 = LINE ( 'NONE', #4881, #2284 ) ;
#3614 = PLANE ( 'NONE',  #2962 ) ;
#3615 = ITEM_DEFINED_TRANSFORMATION ( 'NONE', 'NONE', #5066,  #3886 ) ;
#3616 = EDGE_CURVE ( 'NONE', #522, #8038, #3638, .T. ) ;
#3617 = PLANE ( 'NONE',  #5381 ) ;
#3618 = ORIENTED_EDGE ( 'NONE', *, *, #8553, .F. ) ;
#3619 = EDGE_CURVE ( 'NONE', #6040, #6627, #3682, .T. ) ;
#3620 = CARTESIAN_POINT ( 'NONE',  ( -152.3999999999999773, 304.8000000000000114, 11.81000000000000050 ) ) ;
#3621 = ORIENTED_EDGE ( 'NONE', *, *, #5613, .T. ) ;
#3622 = ORIENTED_EDGE ( 'NONE', *, *, #2910, .T. ) ;
#3623 = DIRECTION ( 'NONE',  ( -0.000000000000000000, -1.000000000000000000, -0.000000000000000000 ) ) ;
#3624 = DIRECTION ( 'NONE',  ( 0.000000000000000000, -0.000000000000000000, 1.000000000000000000 ) ) ;
#3625 = DIRECTION ( 'NONE',  ( 0.000000000000000000, 0.000000000000000000, 1.000000000000000000 ) ) ;
#3626 = DIRECTION ( 'NONE',  ( -1.000000000000000000, 1.836970198721756426E-16, 0.000000000000000000 ) ) ;
#3627 = PRODUCT_DEFINITION_FORMATION_WITH_SPECIFIED_SOURCE ( 'ANY', '', #3014, .NOT_KNOWN. ) ;
#3628 = EDGE_CURVE ( 'NONE', #6131, #8203, #6404, .T. ) ;
#3629 = LINE ( 'NONE', #769, #3129 ) ;
#3630 = EDGE_LOOP ( 'NONE', ( #1802, #1873, #5723, #1947 ) ) ;
#3631 = EDGE_LOOP ( 'NONE', ( #8201, #5308, #7199, #4489 ) ) ;
#3632 = CARTESIAN_POINT ( 'NONE',  ( -80.73000000000001819, -111.5450820850404767, 11.81000000000000050 ) ) ;
#3633 = CARTESIAN_POINT ( 'NONE',  ( 114.3000000000043030, 445.3897093200683912, 0.000000000000000000 ) ) ;
#3634 = EDGE_CURVE ( 'NONE', #6000, #8817, #6446, .T. ) ;
#3635 = LINE ( 'NONE', #4265, #223 ) ;
#3636 = ORIENTED_EDGE ( 'NONE', *, *, #7840, .T. ) ;
#3637 = CARTESIAN_POINT ( 'NONE',  ( 140.5900000000000034, 267.5900000000000318, 11.81000000000000050 ) ) ;
#3638 = LINE ( 'NONE', #4909, #809 ) ;
#3639 = ORIENTED_EDGE ( 'NONE', *, *, #7792, .T. ) ;
#3640 = LINE ( 'NONE', #6406, #4836 ) ;
#3641 = ORIENTED_EDGE ( 'NONE', *, *, #7060, .F. ) ;
#3642 = EDGE_LOOP ( 'NONE', ( #7304, #1359, #8704, #1371 ) ) ;
#3643 = CARTESIAN_POINT ( 'NONE',  ( -72.71900260652908798, -152.5178101317848984, 0.000000000000000000 ) ) ;
#3644 = VECTOR ( 'NONE', #3740, 1000.000000000000000 ) ;
#3645 = EDGE_CURVE ( 'NONE', #8391, #8337, #4949, .T. ) ;
#3646 = DIRECTION ( 'NONE',  ( 1.000000000000000000, 0.000000000000000000, 0.000000000000000000 ) ) ;
#3647 = LINE ( 'NONE', #2871, #8148 ) ;
#3648 = DIRECTION ( 'NONE',  ( -0.000000000000000000, -1.000000000000000000, -0.000000000000000000 ) ) ;
#3649 = SURFACE_STYLE_USAGE ( .BOTH. , #4368 ) ;
#3650 = VECTOR ( 'NONE', #5880, 1000.000000000000000 ) ;
#3651 = LINE ( 'NONE', #6415, #5535 ) ;
#3652 = ORIENTED_EDGE ( 'NONE', *, *, #7577, .F. ) ;
#3653 = FACE_OUTER_BOUND ( 'NONE', #3351, .T. ) ;
#3654 = ADVANCED_FACE ( 'NONE', ( #4996 ), #1639, .T. ) ;
#3655 = DIRECTION ( 'NONE',  ( 0.000000000000000000, -0.000000000000000000, 1.000000000000000000 ) ) ;
#3656 = CARTESIAN_POINT ( 'NONE',  ( -152.3999999999999773, 106.1299999999999955, 0.000000000000000000 ) ) ;
#3657 = CARTESIAN_POINT ( 'NONE',  ( -165.8523359398624279, -140.7078101317848962, 0.000000000000000000 ) ) ;
#3658 = CARTESIAN_POINT ( 'NONE',  ( -457.1999999999999886, 20.73421516197585035, 11.81000000000000050 ) ) ;
#3659 = SHAPE_DEFINITION_REPRESENTATION ( #5041, #2302 ) ;
#3660 = ORIENTED_EDGE ( 'NONE', *, *, #7444, .F. ) ;
#3661 = DIRECTION ( 'NONE',  ( 1.000000000000000000, 1.252096997096120642E-16, -0.000000000000000000 ) ) ;
#3662 = EDGE_LOOP ( 'NONE', ( #3499, #7473, #764, #6314 ) ) ;
#3663 = ORIENTED_EDGE ( 'NONE', *, *, #4223, .T. ) ;
#3664 = EDGE_CURVE ( 'NONE', #2820, #3686, #8526, .T. ) ;
#3665 = CARTESIAN_POINT ( 'NONE',  ( -47.31900260652910362, -67.85114346511811334, 0.000000000000000000 ) ) ;
#3666 = DIRECTION ( 'NONE',  ( 0.000000000000000000, -0.000000000000000000, 1.000000000000000000 ) ) ;
#3667 = CARTESIAN_POINT ( 'NONE',  ( 152.4002906799316008, 20.73421516197590009, 11.81000000000000050 ) ) ;
#3668 = PRODUCT ( 'Wood_Accent', 'Wood_Accent', '', ( #210 ) ) ;
#3669 = DIRECTION ( 'NONE',  ( 1.000000000000000000, -0.000000000000000000, 0.000000000000000000 ) ) ;
#3670 = EDGE_CURVE ( 'NONE', #1019, #7673, #2863, .T. ) ;
#3671 = CARTESIAN_POINT ( 'NONE',  ( -352.1190026065291363, -67.85114346511814176, 0.000000000000000000 ) ) ;
#3672 = VERTEX_POINT ( 'NONE', #1550 ) ;
#3673 = EDGE_LOOP ( 'NONE', ( #2382, #7649, #5727, #4771 ) ) ;
#3674 = ADVANCED_FACE ( 'NONE', ( #4317 ), #2528, .F. ) ;
#3675 = LINE ( 'NONE', #7288, #1695 ) ;
#3676 = EDGE_CURVE ( 'NONE', #332, #4383, #5132, .T. ) ;
#3677 = LINE ( 'NONE', #7162, #3452 ) ;
#3678 = VECTOR ( 'NONE', #5324, 1000.000000000000000 ) ;
#3679 = FACE_OUTER_BOUND ( 'NONE', #4192, .T. ) ;
#3680 = ORIENTED_EDGE ( 'NONE', *, *, #1237, .T. ) ;
#3681 = SURFACE_STYLE_FILL_AREA ( #1549 ) ;
#3682 = LINE ( 'NONE', #5681, #1246 ) ;
#3683 = ORIENTED_EDGE ( 'NONE', *, *, #178, .F. ) ;
#3684 = CARTESIAN_POINT ( 'NONE',  ( -59.26666666666662309, -304.8000000000000114, 11.81000000000000050 ) ) ;
#3685 = VECTOR ( 'NONE', #4146, 1000.000000000000000 ) ;
#3686 = VERTEX_POINT ( 'NONE', #4626 ) ;
#3687 = EDGE_CURVE ( 'NONE', #2441, #5401, #7970, .T. ) ;
#3688 = VERTEX_POINT ( 'NONE', #2488 ) ;
#3689 = CARTESIAN_POINT ( 'NONE',  ( -152.3999999999999773, 106.1299999999999955, 11.81000000000000050 ) ) ;
#3690 = DIRECTION ( 'NONE',  ( -0.000000000000000000, 1.000000000000000000, -0.000000000000000000 ) ) ;
#3691 = LINE ( 'NONE', #3008, #535 ) ;
#3692 = DIRECTION ( 'NONE',  ( -0.000000000000000000, 0.000000000000000000, -1.000000000000000000 ) ) ;
#3693 = VECTOR ( 'NONE', #2608, 1000.000000000000000 ) ;
#3694 = CARTESIAN_POINT ( 'NONE',  ( 140.5900000000000034, -292.9900000000000091, 0.000000000000000000 ) ) ;
#3695 = ORIENTED_EDGE ( 'NONE', *, *, #172, .T. ) ;
#3696 = ADVANCED_FACE ( 'NONE', ( #4530 ), #7388, .T. ) ;
#3697 = LINE ( 'NONE', #1105, #1409 ) ;
#3698 = VECTOR ( 'NONE', #3605, 1000.000000000000000 ) ;
#3699 = LINE ( 'NONE', #6462, #7624 ) ;
#3700 = DIRECTION ( 'NONE',  ( 0.000000000000000000, 0.000000000000000000, 1.000000000000000000 ) ) ;
#3701 = CARTESIAN_POINT ( 'NONE',  ( -152.3999999999999773, 304.8000000000000114, 11.81000000000000050 ) ) ;
#3702 = CARTESIAN_POINT ( 'NONE',  ( 127.0000000000001137, -304.8000000000000114, 11.81000000000000050 ) ) ;
#3703 = AXIS2_PLACEMENT_3D ( 'NONE', #5086, #1593, #8523 ) ;
#3704 = ORIENTED_EDGE ( 'NONE', *, *, #7072, .F. ) ;
#3705 = FACE_OUTER_BOUND ( 'NONE', #3203, .T. ) ;
#3706 = ORIENTED_EDGE ( 'NONE', *, *, #4456, .F. ) ;
#3707 = EDGE_LOOP ( 'NONE', ( #6701, #4541, #4910, #6470 ) ) ;
#3708 = PLANE ( 'NONE',  #5189 ) ;
#3709 = VECTOR ( 'NONE', #2, 1000.000000000000000 ) ;
#3710 = LINE ( 'NONE', #3758, #5600 ) ;
#3711 = CARTESIAN_POINT ( 'NONE',  ( 33.86666666666673819, 304.8000000000000114, 0.000000000000000000 ) ) ;
#3712 = DIRECTION ( 'NONE',  ( -0.000000000000000000, 0.000000000000000000, 1.000000000000000000 ) ) ;
#3713 = EDGE_CURVE ( 'NONE', #2979, #3865, #7210, .T. ) ;
#3714 = PLANE ( 'NONE',  #1970 ) ;
#3715 = AXIS2_PLACEMENT_3D ( 'NONE', #5795, #5016, #7098 ) ;
#3716 = VERTEX_POINT ( 'NONE', #1858 ) ;
#3717 = ORIENTED_EDGE ( 'NONE', *, *, #7761, .F. ) ;
#3718 = LINE ( 'NONE', #912, #249 ) ;
#3719 =( REPRESENTATION_RELATIONSHIP ('NONE','NONE', #853, #3527 ) REPRESENTATION_RELATIONSHIP_WITH_TRANSFORMATION ( #344 )SHAPE_REPRESENTATION_RELATIONSHIP( ) );
#3720 = DIRECTION ( 'NONE',  ( 0.000000000000000000, -1.000000000000000000, 0.000000000000000000 ) ) ;
#3721 = AXIS2_PLACEMENT_3D ( 'NONE', #3058, #7815, #5103 ) ;
#3722 = VECTOR ( 'NONE', #1063, 1000.000000000000000 ) ;
#3723 = EDGE_CURVE ( 'NONE', #4660, #4306, #5950, .T. ) ;
#3724 = VERTEX_POINT ( 'NONE', #2450 ) ;
#3725 = CARTESIAN_POINT ( 'NONE',  ( -445.3899999999999864, 96.93421516197595622, 11.81000000000000050 ) ) ;
#3726 = DIRECTION ( 'NONE',  ( -1.000000000000000000, -1.706325926237332771E-16, 0.000000000000000000 ) ) ;
#3727 = ORIENTED_EDGE ( 'NONE', *, *, #3713, .F. ) ;
#3728 = FACE_OUTER_BOUND ( 'NONE', #6376, .T. ) ;
#3729 = AXIS2_PLACEMENT_3D ( 'NONE', #6860, #3423, #2822 ) ;
#3730 = VECTOR ( 'NONE', #4892, 1000.000000000000000 ) ;
#3731 = EDGE_LOOP ( 'NONE', ( #6956, #5881, #3145, #2635 ) ) ;
#3732 = EDGE_CURVE ( 'NONE', #7240, #1660, #1724, .T. ) ;
#3733 = ORIENTED_EDGE ( 'NONE', *, *, #2690, .T. ) ;
#3734 = PLANE ( 'NONE',  #4302 ) ;
#3735 = DIRECTION ( 'NONE',  ( -1.000000000000000000, -0.000000000000000000, -0.000000000000000000 ) ) ;
#3736 = DIRECTION ( 'NONE',  ( 1.000000000000000000, 0.000000000000000000, 0.000000000000000000 ) ) ;
#3737 = VECTOR ( 'NONE', #7668, 1000.000000000000000 ) ;
#3738 = CARTESIAN_POINT ( 'NONE',  ( 140.5900000000000034, -292.9900000000000091, 11.81000000000000050 ) ) ;
#3739 = STYLED_ITEM ( 'NONE', ( #1119 ), #6381 ) ;
#3740 = DIRECTION ( 'NONE',  ( -1.836970198721756672E-16, -1.000000000000000000, 0.000000000000000000 ) ) ;
#3741 = LINE ( 'NONE', #793, #756 ) ;
#3742 = ORIENTED_EDGE ( 'NONE', *, *, #5515, .T. ) ;
#3743 = PRODUCT_DEFINITION_SHAPE ( 'NONE', 'NONE',  #8932 ) ;
#3744 = VECTOR ( 'NONE', #4847, 1000.000000000000000 ) ;
#3745 = LINE ( 'NONE', #8539, #5330 ) ;
#3746 = PLANE ( 'NONE',  #3438 ) ;
#3747 = DIRECTION ( 'NONE',  ( -0.000000000000000000, -1.000000000000000000, -0.000000000000000000 ) ) ;
#3748 = CARTESIAN_POINT ( 'NONE',  ( 304.8000000000000114, -111.5450820850404057, 0.000000000000000000 ) ) ;
#3749 = ITEM_DEFINED_TRANSFORMATION ( 'NONE', 'NONE', #4050,  #3886 ) ;
#3750 = EDGE_CURVE ( 'NONE', #1290, #8338, #280, .T. ) ;
#3751 = STYLED_ITEM ( 'NONE', ( #7505 ), #6243 ) ;
#3752 = CARTESIAN_POINT ( 'NONE',  ( 304.8000000000000114, -26.87841541837373427, 0.000000000000000000 ) ) ;
#3753 = ORIENTED_EDGE ( 'NONE', *, *, #6570, .F. ) ;
#3754 = LINE ( 'NONE', #3065, #7355 ) ;
#3755 = VERTEX_POINT ( 'NONE', #415 ) ;
#3756 = ORIENTED_EDGE ( 'NONE', *, *, #2945, .T. ) ;
#3757 = FACE_OUTER_BOUND ( 'NONE', #4402, .T. ) ;
#3758 = CARTESIAN_POINT ( 'NONE',  ( -33.86666666666661740, -304.8000000000000114, 0.000000000000000000 ) ) ;
#3759 = DIRECTION ( 'NONE',  ( 0.000000000000000000, 1.000000000000000000, 0.000000000000000000 ) ) ;
#3760 = EDGE_CURVE ( 'NONE', #4165, #1833, #5819, .T. ) ;
#3761 = CARTESIAN_POINT ( 'NONE',  ( 152.4002906799316008, 33.43421516197587096, 11.81000000000000050 ) ) ;
#3762 = DIRECTION ( 'NONE',  ( -0.8660254037844418162, -1.479114197289397135E-31, 0.4999999999999948930 ) ) ;
#3763 = DIRECTION ( 'NONE',  ( 0.000000000000000000, -0.000000000000000000, -1.000000000000000000 ) ) ;
#3764 = ORIENTED_EDGE ( 'NONE', *, *, #2225, .T. ) ;
#3765 = ORIENTED_EDGE ( 'NONE', *, *, #1365, .F. ) ;
#3766 = DIRECTION ( 'NONE',  ( 0.000000000000000000, 0.000000000000000000, 1.000000000000000000 ) ) ;
#3767 = CARTESIAN_POINT ( 'NONE',  ( -352.1190026065291363, 25.28218986821520531, 0.000000000000000000 ) ) ;
#3768 = CARTESIAN_POINT ( 'NONE',  ( -352.1190026065291363, 25.28218986821520531, 0.000000000000000000 ) ) ;
#3769 = EDGE_CURVE ( 'NONE', #1812, #6724, #1048, .T. ) ;
#3770 = VERTEX_POINT ( 'NONE', #7929 ) ;
#3771 = CARTESIAN_POINT ( 'NONE',  ( 152.4000000000000057, 304.8000000000000114, 11.81000000000000050 ) ) ;
#3772 = DIRECTION ( 'NONE',  ( 1.000000000000000000, 1.706325926237332771E-16, 0.000000000000000000 ) ) ;
#3773 = ORIENTED_EDGE ( 'NONE', *, *, #4514, .F. ) ;
#3774 = ORIENTED_EDGE ( 'NONE', *, *, #6379, .F. ) ;
#3775 = PLANE ( 'NONE',  #549 ) ;
#3776 = EDGE_CURVE ( 'NONE', #6539, #1508, #3084, .T. ) ;
#3777 = LINE ( 'NONE', #2323, #645 ) ;
#3778 = CARTESIAN_POINT ( 'NONE',  ( -340.3090026065290772, -152.5178101317848132, 0.000000000000000000 ) ) ;
#3779 = ADVANCED_FACE ( 'NONE', ( #8563 ), #3811, .F. ) ;
#3780 = LINE ( 'NONE', #2539, #5087 ) ;
#3781 = ORIENTED_EDGE ( 'NONE', *, *, #7230, .T. ) ;
#3782 = FACE_OUTER_BOUND ( 'NONE', #6460, .T. ) ;
#3783 = VERTEX_POINT ( 'NONE', #3132 ) ;
#3784 = CARTESIAN_POINT ( 'NONE',  ( 304.8000000000000114, -86.14508208504039999, 0.000000000000000000 ) ) ;
#3785 = CARTESIAN_POINT ( 'NONE',  ( -292.9900000000000091, -26.87841541837378401, 0.000000000000000000 ) ) ;
#3786 = ADVANCED_FACE ( 'NONE', ( #1006 ), #7881, .T. ) ;
#3787 = LINE ( 'NONE', #1696, #2848 ) ;
#3788 = DIRECTION ( 'NONE',  ( -0.000000000000000000, -1.000000000000000000, -0.000000000000000000 ) ) ;
#3789 = CARTESIAN_POINT ( 'NONE',  ( -457.1999999999999886, -4.665784838024156223, 0.000000000000000000 ) ) ;
#3790 = VECTOR ( 'NONE', #4862, 1000.000000000000000 ) ;
#3791 = DIRECTION ( 'NONE',  ( -1.836970198721756672E-16, -1.000000000000000000, 0.000000000000000000 ) ) ;
#3792 = VERTEX_POINT ( 'NONE', #5262 ) ;
#3793 = DIRECTION ( 'NONE',  ( 1.000000000000000000, -0.000000000000000000, -0.000000000000000000 ) ) ;
#3794 = ORIENTED_EDGE ( 'NONE', *, *, #6340, .F. ) ;
#3795 = EDGE_CURVE ( 'NONE', #5672, #3346, #369, .T. ) ;
#3796 = AXIS2_PLACEMENT_3D ( 'NONE', #1018, #3191, #1735 ) ;
#3797 = ORIENTED_EDGE ( 'NONE', *, *, #8437, .T. ) ;
#3798 = CARTESIAN_POINT ( 'NONE',  ( 152.4002906799316008, 33.43421516197587096, 0.000000000000000000 ) ) ;
#3799 = CARTESIAN_POINT ( 'NONE',  ( -292.9900000000000091, -86.14508208504047104, 11.81000000000000050 ) ) ;
#3800 = ORIENTED_EDGE ( 'NONE', *, *, #4835, .T. ) ;
#3801 = CARTESIAN_POINT ( 'NONE',  ( -152.3999999999999773, 304.8000000000000114, 11.81000000000000050 ) ) ;
#3802 = DIRECTION ( 'NONE',  ( 5.551115123125782702E-17, 1.734723475976807094E-18, 1.000000000000000000 ) ) ;
#3803 = CARTESIAN_POINT ( 'NONE',  ( -346.6871619467639789, 11.81000000000000050, -514.5005700363345795 ) ) ;
#3804 = VERTEX_POINT ( 'NONE', #2402 ) ;
#3805 = ADVANCED_FACE ( 'NONE', ( #5178 ), #8014, .F. ) ;
#3806 = DIRECTION ( 'NONE',  ( -0.000000000000000000, -0.000000000000000000, 1.000000000000000000 ) ) ;
#3807 = LINE ( 'NONE', #5220, #4595 ) ;
#3808 = SURFACE_STYLE_USAGE ( .BOTH. , #3940 ) ;
#3809 = PRODUCT_DEFINITION_SHAPE ( 'NONE', 'NONE',  #8962 ) ;
#3810 = VERTEX_POINT ( 'NONE', #5990 ) ;
#3811 = PLANE ( 'NONE',  #1091 ) ;
#3812 = ORIENTED_EDGE ( 'NONE', *, *, #1346, .F. ) ;
#3813 = EDGE_LOOP ( 'NONE', ( #8492, #5082, #1748, #5639 ) ) ;
#3814 = VECTOR ( 'NONE', #1393, 1000.000000000000000 ) ;
#3815 = CARTESIAN_POINT ( 'NONE',  ( -445.3899999999999864, 96.93421516197595622, 0.000000000000000000 ) ) ;
#3816 = DIRECTION ( 'NONE',  ( -0.000000000000000000, -0.000000000000000000, 1.000000000000000000 ) ) ;
#3817 = CARTESIAN_POINT ( 'NONE',  ( -304.8000000000000114, -111.5450820850404625, 0.000000000000000000 ) ) ;
#3818 = ORIENTED_EDGE ( 'NONE', *, *, #436, .T. ) ;
#3819 = VECTOR ( 'NONE', #5787, 1000.000000000000000 ) ;
#3820 = ORIENTED_EDGE ( 'NONE', *, *, #739, .T. ) ;
#3821 = ADVANCED_FACE ( 'NONE', ( #8920 ), #639, .F. ) ;
#3822 = ORIENTED_EDGE ( 'NONE', *, *, #4682, .F. ) ;
#3823 = DIRECTION ( 'NONE',  ( 1.000000000000000000, -4.200324197239087429E-15, -0.000000000000000000 ) ) ;
#3824 = DIRECTION ( 'NONE',  ( -0.000000000000000000, -0.000000000000000000, 1.000000000000000000 ) ) ;
#3825 = EDGE_CURVE ( 'NONE', #6416, #7931, #7431, .T. ) ;
#3826 = AXIS2_PLACEMENT_3D ( 'NONE', #7912, #1755, #4518 ) ;
#3827 = FACE_OUTER_BOUND ( 'NONE', #805, .T. ) ;
#3828 = CARTESIAN_POINT ( 'NONE',  ( -13.58999999999560515, -140.5902906799316554, 0.000000000000000000 ) ) ;
#3829 = CARTESIAN_POINT ( 'NONE',  ( -547.8386812835921091, -152.3278101317850712, 11.81000000000000050 ) ) ;
#3830 = EDGE_CURVE ( 'NONE', #3039, #2153, #6171, .T. ) ;
#3831 = VECTOR ( 'NONE', #4961, 1000.000000000000000 ) ;
#3832 = ORIENTED_EDGE ( 'NONE', *, *, #8096, .F. ) ;
#3833 = EDGE_CURVE ( 'NONE', #6547, #7585, #1903, .T. ) ;
#3834 = ORIENTED_EDGE ( 'NONE', *, *, #8427, .T. ) ;
#3835 = LINE ( 'NONE', #1165, #5481 ) ;
#3836 = LINE ( 'NONE', #7463, #1402 ) ;
#3837 = CARTESIAN_POINT ( 'NONE',  ( -59.26666666666662309, -304.8000000000000114, 0.000000000000000000 ) ) ;
#3838 = VERTEX_POINT ( 'NONE', #3407 ) ;
#3839 = DIRECTION ( 'NONE',  ( -1.000000000000000000, -0.000000000000000000, -0.000000000000000000 ) ) ;
#3840 = VECTOR ( 'NONE', #2621, 1000.000000000000000 ) ;
#3841 = DIRECTION ( 'NONE',  ( -0.8660254037844417052, 1.214154663850782913E-16, 0.4999999999999950040 ) ) ;
#3842 = PRODUCT_RELATED_PRODUCT_CATEGORY ( 'part', '', ( #42 ) ) ;
#3843 = PLANE ( 'NONE',  #2981 ) ;
#3844 = VECTOR ( 'NONE', #6219, 1000.000000000000000 ) ;
#3845 = ORIENTED_EDGE ( 'NONE', *, *, #4962, .F. ) ;
#3846 = ORIENTED_EDGE ( 'NONE', *, *, #152, .F. ) ;
#3847 = PLANE ( 'NONE',  #2270 ) ;
#3848 = DIRECTION ( 'NONE',  ( -1.000000000000000000, -2.175315503602243824E-16, 0.000000000000000000 ) ) ;
#3849 = SURFACE_STYLE_USAGE ( .BOTH. , #2574 ) ;
#3850 = VECTOR ( 'NONE', #848, 1000.000000000000000 ) ;
#3851 = EDGE_CURVE ( 'NONE', #4251, #7215, #6847, .T. ) ;
#3852 = VERTEX_POINT ( 'NONE', #8107 ) ;
#3853 = DIRECTION ( 'NONE',  ( -0.000000000000000000, 0.000000000000000000, 1.000000000000000000 ) ) ;
#3854 = ORIENTED_EDGE ( 'NONE', *, *, #5359, .F. ) ;
#3855 = VERTEX_POINT ( 'NONE', #6037 ) ;
#3856 = ORIENTED_EDGE ( 'NONE', *, *, #8581, .F. ) ;
#3857 = VECTOR ( 'NONE', #7770, 1000.000000000000000 ) ;
#3858 = AXIS2_PLACEMENT_3D ( 'NONE', #5283, #3195, #5238 ) ;
#3859 = CARTESIAN_POINT ( 'NONE',  ( 152.3999999999999773, 80.73000000000001819, 0.000000000000000000 ) ) ;
#3860 = CARTESIAN_POINT ( 'NONE',  ( 33.86666666666673819, -292.9900000000000091, 11.81000000000000050 ) ) ;
#3861 = EDGE_CURVE ( 'NONE', #395, #6858, #5492, .T. ) ;
#3862 = DIRECTION ( 'NONE',  ( 0.000000000000000000, 0.000000000000000000, 1.000000000000000000 ) ) ;
#3863 = VECTOR ( 'NONE', #238, 1000.000000000000000 ) ;
#3864 = VECTOR ( 'NONE', #2189, 1000.000000000000000 ) ;
#3865 = VERTEX_POINT ( 'NONE', #3265 ) ;
#3866 = ORIENTED_EDGE ( 'NONE', *, *, #1231, .T. ) ;
#3867 = LINE ( 'NONE', #7983, #8559 ) ;
#3868 = EDGE_LOOP ( 'NONE', ( #1980, #7578, #2400, #5411 ) ) ;
#3869 = CARTESIAN_POINT ( 'NONE',  ( -223.2989142387372681, 0.000000000000000000, -1294.423107283573700 ) ) ;
#3870 = VECTOR ( 'NONE', #914, 1000.000000000000000 ) ;
#3871 = VECTOR ( 'NONE', #1897, 1000.000000000000000 ) ;
#3872 = CARTESIAN_POINT ( 'NONE',  ( 304.8000000000000114, -86.14508208504039999, 0.000000000000000000 ) ) ;
#3873 =( NAMED_UNIT ( * ) SI_UNIT ( $, .STERADIAN. ) SOLID_ANGLE_UNIT ( ) );
#3874 = EDGE_CURVE ( 'NONE', #1072, #2718, #5351, .T. ) ;
#3875 = CARTESIAN_POINT ( 'NONE',  ( -340.3090026065290772, 25.28218986821520531, 11.81000000000000050 ) ) ;
#3876 = ITEM_DEFINED_TRANSFORMATION ( 'NONE', 'NONE', #5348,  #3886 ) ;
#3877 = VECTOR ( 'NONE', #175, 1000.000000000000000 ) ;
#3878 = VECTOR ( 'NONE', #8850, 1000.000000000000000 ) ;
#3879 = EDGE_LOOP ( 'NONE', ( #308, #4635, #8108, #6297, #679, #3622, #3695, #3561, #3281, #510, #6159, #5444, #7303, #6003, #2864, #6816, #4411, #8137, #4434, #6068, #6758, #3706, #2700, #3812, #7804, #998, #7734, #8757, #2842, #536, #1706, #1469, #975, #3408, #4627, #4947 ) ) ;
#3880 = LINE ( 'NONE', #1704, #846 ) ;
#3881 = VERTEX_POINT ( 'NONE', #7481 ) ;
#3882 = LINE ( 'NONE', #1256, #5323 ) ;
#3883 = CARTESIAN_POINT ( 'NONE',  ( -25.39999999999560387, 419.9897093200684139, 0.000000000000000000 ) ) ;
#3884 = FACE_OUTER_BOUND ( 'NONE', #3205, .T. ) ;
#3885 = VERTEX_POINT ( 'NONE', #7617 ) ;
#3886 = AXIS2_PLACEMENT_3D ( 'NONE', #5876, #3700, #3020 ) ;
#3887 = EDGE_CURVE ( 'NONE', #489, #1579, #1226, .T. ) ;
#3888 = CARTESIAN_POINT ( 'NONE',  ( 127.0000000000001137, -292.9900000000000091, 11.81000000000000050 ) ) ;
#3889 = DIRECTION ( 'NONE',  ( -2.775557561562877176E-17, -1.000000000000000000, -4.807406715958921867E-17 ) ) ;
#3890 = ADVANCED_FACE ( 'NONE', ( #3986 ), #4811, .T. ) ;
#3891 = LINE ( 'NONE', #2437, #7471 ) ;
#3892 = ORIENTED_EDGE ( 'NONE', *, *, #7813, .T. ) ;
#3893 = VERTEX_POINT ( 'NONE', #8824 ) ;
#3894 = CARTESIAN_POINT ( 'NONE',  ( -687.5386812835920409, -114.2278101317851906, 0.000000000000000000 ) ) ;
#3895 = FACE_OUTER_BOUND ( 'NONE', #8425, .T. ) ;
#3896 = SHAPE_REPRESENTATION_RELATIONSHIP ( 'NONE' , 'NONE' ,  #4212, #7104 ) ;
#3897 = EDGE_CURVE ( 'NONE', #5963, #4306, #5400, .T. ) ;
#3898 = VERTEX_POINT ( 'NONE', #1274 ) ;
#3899 = FILL_AREA_STYLE_COLOUR ( '', #2619 ) ;
#3900 = DIRECTION ( 'NONE',  ( 0.000000000000000000, -0.000000000000000000, -1.000000000000000000 ) ) ;
#3901 = ORIENTED_EDGE ( 'NONE', *, *, #2681, .F. ) ;
#3902 = ORIENTED_EDGE ( 'NONE', *, *, #4589, .T. ) ;
#3903 = ORIENTED_EDGE ( 'NONE', *, *, #1899, .T. ) ;
#3904 = PRODUCT_DEFINITION_FORMATION_WITH_SPECIFIED_SOURCE ( 'ANY', '', #4965, .NOT_KNOWN. ) ;
#3905 = FACE_OUTER_BOUND ( 'NONE', #3086, .T. ) ;
#3906 = EDGE_CURVE ( 'NONE', #4791, #7220, #7576, .T. ) ;
#3907 = LINE ( 'NONE', #460, #4745 ) ;
#3908 = DIRECTION ( 'NONE',  ( 1.706325926237332771E-16, -1.000000000000000000, -0.000000000000000000 ) ) ;
#3909 = LINE ( 'NONE', #5231, #4414 ) ;
#3910 = ORIENTED_EDGE ( 'NONE', *, *, #5837, .F. ) ;
#3911 = ORIENTED_EDGE ( 'NONE', *, *, #4545, .T. ) ;
#3912 = CARTESIAN_POINT ( 'NONE',  ( -267.5900000000000318, -99.73508208504046024, 11.81000000000000050 ) ) ;
#3913 = EDGE_LOOP ( 'NONE', ( #7461, #4063, #447, #8478 ) ) ;
#3914 = EDGE_CURVE ( 'NONE', #4270, #8038, #1369, .T. ) ;
#3915 = LINE ( 'NONE', #1200, #392 ) ;
#3916 = CARTESIAN_POINT ( 'NONE',  ( 127.0000000000001137, 304.8000000000000114, 11.81000000000000050 ) ) ;
#3917 = CARTESIAN_POINT ( 'NONE',  ( -152.3999999999999773, 80.73000000000001819, 11.81000000000000050 ) ) ;
#3918 = CARTESIAN_POINT ( 'NONE',  ( -304.8000000000000114, 6.988251248292873363, 11.81000000000000050 ) ) ;
#3919 = CONTEXT_DEPENDENT_SHAPE_REPRESENTATION ( #1055, #843 ) ;
#3920 = UNCERTAINTY_MEASURE_WITH_UNIT (LENGTH_MEASURE( 1.000000000000000082E-05 ), #5113, 'distance_accuracy_value', 'NONE');
#3921 = CLOSED_SHELL ( 'NONE', ( #8167, #6673, #2287, #7868, #1801, #3220 ) ) ;
#3922 = ORIENTED_EDGE ( 'NONE', *, *, #3328, .T. ) ;
#3923 = CARTESIAN_POINT ( 'NONE',  ( -687.5386812835920409, -114.2278101317851906, 11.81000000000000050 ) ) ;
#3924 = ORIENTED_EDGE ( 'NONE', *, *, #1148, .T. ) ;
#3925 = FILL_AREA_STYLE_COLOUR ( '', #3303 ) ;
#3926 = FACE_OUTER_BOUND ( 'NONE', #1896, .T. ) ;
#3927 = VECTOR ( 'NONE', #5949, 1000.000000000000000 ) ;
#3928 = DIRECTION ( 'NONE',  ( -1.000000000000000000, 0.000000000000000000, 0.000000000000000000 ) ) ;
#3929 = EDGE_LOOP ( 'NONE', ( #2077, #2646, #8826, #5317 ) ) ;
#3930 = DIRECTION ( 'NONE',  ( 1.000000000000000000, 0.000000000000000000, 4.370956789862819572E-15 ) ) ;
#3931 = DIRECTION ( 'NONE',  ( 5.551115123125783935E-17, -1.000000000000000000, -3.557970109941299370E-18 ) ) ;
#3932 = DIRECTION ( 'NONE',  ( -1.000000000000000000, -2.276539994720221198E-17, -0.000000000000000000 ) ) ;
#3933 = AXIS2_PLACEMENT_3D ( 'NONE', #3694, #245, #5648 ) ;
#3934 = EDGE_CURVE ( 'NONE', #3885, #2714, #6129, .T. ) ;
#3935 = ORIENTED_EDGE ( 'NONE', *, *, #7052, .F. ) ;
#3936 = EDGE_LOOP ( 'NONE', ( #7862, #1197, #1794, #7212 ) ) ;
#3937 = CARTESIAN_POINT ( 'NONE',  ( 115.1902906799316355, -4.665784838024267245, 0.000000000000000000 ) ) ;
#3938 = ADVANCED_FACE ( 'NONE', ( #6891 ), #689, .T. ) ;
#3939 = CARTESIAN_POINT ( 'NONE',  ( -47.31900260652908941, 50.68218986821523941, 11.81000000000000050 ) ) ;
#3940 = SURFACE_SIDE_STYLE ('',( #4482 ) ) ;
#3941 = DIRECTION ( 'NONE',  ( 1.706325926237332771E-16, -1.000000000000000000, -0.000000000000000000 ) ) ;
#3942 = ORIENTED_EDGE ( 'NONE', *, *, #593, .F. ) ;
#3943 = PLANE ( 'NONE',  #2337 ) ;
#3944 = DIRECTION ( 'NONE',  ( -0.000000000000000000, 0.000000000000000000, -1.000000000000000000 ) ) ;
#3945 = ORIENTED_EDGE ( 'NONE', *, *, #586, .T. ) ;
#3946 = ORIENTED_EDGE ( 'NONE', *, *, #8669, .T. ) ;
#3947 = ADVANCED_FACE ( 'NONE', ( #2763 ), #5440, .F. ) ;
#3948 = ORIENTED_EDGE ( 'NONE', *, *, #7340, .F. ) ;
#3949 = CARTESIAN_POINT ( 'NONE',  ( 152.3999999999999773, 106.1299999999999955, 11.81000000000000050 ) ) ;
#3950 = FACE_OUTER_BOUND ( 'NONE', #6339, .T. ) ;
#3951 = CARTESIAN_POINT ( 'NONE',  ( 152.4002906799316008, 33.43421516197587096, 0.000000000000000000 ) ) ;
#3952 = CARTESIAN_POINT ( 'NONE',  ( -326.7190026065292159, -152.5178101317848132, 0.000000000000000000 ) ) ;
#3953 =( NAMED_UNIT ( * ) PLANE_ANGLE_UNIT ( ) SI_UNIT ( $, .RADIAN. ) );
#3954 = EDGE_CURVE ( 'NONE', #3173, #831, #6710, .T. ) ;
#3955 = EDGE_LOOP ( 'NONE', ( #4284, #1035, #89, #4468 ) ) ;
#3956 = DIRECTION ( 'NONE',  ( 1.000000000000000000, 0.000000000000000000, 0.000000000000000000 ) ) ;
#3957 = ORIENTED_EDGE ( 'NONE', *, *, #1198, .T. ) ;
#3958 = VERTEX_POINT ( 'NONE', #2850 ) ;
#3959 = CARTESIAN_POINT ( 'NONE',  ( -292.9900000000000091, 66.25491791495954885, 0.000000000000000000 ) ) ;
#3960 = DIRECTION ( 'NONE',  ( -1.000000000000000000, -1.092739197465705287E-15, 0.000000000000000000 ) ) ;
#3961 = PLANE ( 'NONE',  #5024 ) ;
#3962 = LINE ( 'NONE', #1388, #7741 ) ;
#3963 = ITEM_DEFINED_TRANSFORMATION ( 'NONE', 'NONE', #6373,  #3886 ) ;
#3964 = AXIS2_PLACEMENT_3D ( 'NONE', #2924, #5698, #2238 ) ;
#3965 = EDGE_CURVE ( 'NONE', #8886, #414, #4938, .T. ) ;
#3966 = DIRECTION ( 'NONE',  ( 0.000000000000000000, 0.000000000000000000, -1.000000000000000000 ) ) ;
#3967 = ORIENTED_EDGE ( 'NONE', *, *, #2730, .F. ) ;
#3968 = LINE ( 'NONE', #7559, #2550 ) ;
#3969 = VECTOR ( 'NONE', #134, 1000.000000000000000 ) ;
#3970 = VERTEX_POINT ( 'NONE', #3671 ) ;
#3971 =( NAMED_UNIT ( * ) PLANE_ANGLE_UNIT ( ) SI_UNIT ( $, .RADIAN. ) );
#3972 = DIRECTION ( 'NONE',  ( -1.000000000000000000, 0.000000000000000000, 0.000000000000000000 ) ) ;
#3973 = LINE ( 'NONE', #1929, #4760 ) ;
#3974 = ORIENTED_EDGE ( 'NONE', *, *, #1112, .T. ) ;
#3975 = DIRECTION ( 'NONE',  ( -0.000000000000000000, -0.000000000000000000, 1.000000000000000000 ) ) ;
#3976 = VECTOR ( 'NONE', #4800, 1000.000000000000000 ) ;
#3977 = DIRECTION ( 'NONE',  ( -0.000000000000000000, -1.000000000000000000, -0.000000000000000000 ) ) ;
#3978 = EDGE_LOOP ( 'NONE', ( #350, #2933, #6263, #1564 ) ) ;
#3979 = ORIENTED_EDGE ( 'NONE', *, *, #1032, .T. ) ;
#3980 = VECTOR ( 'NONE', #7554, 1000.000000000000000 ) ;
#3981 = CARTESIAN_POINT ( 'NONE',  ( -165.0998546600341967, -4.665784838024212178, 0.000000000000000000 ) ) ;
#3982 = DIRECTION ( 'NONE',  ( -1.000000000000000000, -0.000000000000000000, -0.000000000000000000 ) ) ;
#3983 = EDGE_CURVE ( 'NONE', #3096, #2601, #3629, .T. ) ;
#3984 = VERTEX_POINT ( 'NONE', #4304 ) ;
#3985 = LINE ( 'NONE', #6036, #5964 ) ;
#3986 = FACE_OUTER_BOUND ( 'NONE', #3134, .T. ) ;
#3987 = VECTOR ( 'NONE', #3726, 1000.000000000000000 ) ;
#3988 = VERTEX_POINT ( 'NONE', #2895 ) ;
#3989 = ORIENTED_EDGE ( 'NONE', *, *, #3018, .F. ) ;
#3990 = ORIENTED_EDGE ( 'NONE', *, *, #2058, .T. ) ;
#3991 = DIRECTION ( 'NONE',  ( 0.000000000000000000, 0.000000000000000000, 1.000000000000000000 ) ) ;
#3992 = CARTESIAN_POINT ( 'NONE',  ( 114.3000000000043173, 457.1997093200683935, 11.81000000000000050 ) ) ;
#3993 = VECTOR ( 'NONE', #7071, 1000.000000000000000 ) ;
#3994 = LINE ( 'NONE', #3951, #8312 ) ;
#3995 = EDGE_CURVE ( 'NONE', #7232, #2473, #1587, .T. ) ;
#3996 = DIRECTION ( 'NONE',  ( 1.706325926237332771E-16, -1.000000000000000000, -0.000000000000000000 ) ) ;
#3997 = LINE ( 'NONE', #7397, #600 ) ;
#3998 = PLANE ( 'NONE',  #2529 ) ;
#3999 = ADVANCED_FACE ( 'NONE', ( #222 ), #869, .F. ) ;
#4000 = EDGE_LOOP ( 'NONE', ( #1068, #1811, #6212, #1916 ) ) ;
#4001 = LINE ( 'NONE', #6814, #3387 ) ;
#4002 = VECTOR ( 'NONE', #1750, 1000.000000000000000 ) ;
#4003 = VERTEX_POINT ( 'NONE', #4216 ) ;
#4004 = ORIENTED_EDGE ( 'NONE', *, *, #6277, .F. ) ;
#4005 = CARTESIAN_POINT ( 'NONE',  ( -304.8000000000000114, 91.65491791495955454, 11.81000000000000050 ) ) ;
#4006 = LINE ( 'NONE', #1201, #8725 ) ;
#4007 = LINE ( 'NONE', #6780, #5900 ) ;
#4008 = VECTOR ( 'NONE', #4372, 1000.000000000000000 ) ;
#4009 = DIRECTION ( 'NONE',  ( -0.000000000000000000, -0.000000000000000000, 1.000000000000000000 ) ) ;
#4010 = VECTOR ( 'NONE', #8171, 1000.000000000000000 ) ;
#4011 = ITEM_DEFINED_TRANSFORMATION ( 'NONE', 'NONE', #2455,  #3886 ) ;
#4012 = EDGE_CURVE ( 'NONE', #5468, #2997, #2806, .T. ) ;
#4013 = CARTESIAN_POINT ( 'NONE',  ( -292.9900000000000091, -99.73508208504048866, 11.81000000000000050 ) ) ;
#4014 = ORIENTED_EDGE ( 'NONE', *, *, #7625, .T. ) ;
#4015 = VECTOR ( 'NONE', #6501, 1000.000000000000000 ) ;
#4016 = LINE ( 'NONE', #6868, #3287 ) ;
#4017 = VECTOR ( 'NONE', #4672, 1000.000000000000000 ) ;
#4018 = ORIENTED_EDGE ( 'NONE', *, *, #6657, .F. ) ;
#4019 = LINE ( 'NONE', #525, #2566 ) ;
#4020 = EDGE_CURVE ( 'NONE', #1767, #2056, #2170, .T. ) ;
#4021 = PLANE ( 'NONE',  #6608 ) ;
#4022 = CARTESIAN_POINT ( 'NONE',  ( -662.1386812835920637, -140.5178101317851258, 11.81000000000000050 ) ) ;
#4023 = EDGE_LOOP ( 'NONE', ( #5383, #6097, #1426, #3005 ) ) ;
#4024 = CARTESIAN_POINT ( 'NONE',  ( 254.0000000000042348, -140.5902906799316554, 0.000000000000000000 ) ) ;
#4025 = DIRECTION ( 'NONE',  ( -0.8660254037844413721, 4.330577115954586068E-17, 0.4999999999999952260 ) ) ;
#4026 = VECTOR ( 'NONE', #5772, 1000.000000000000000 ) ;
#4027 = AXIS2_PLACEMENT_3D ( 'NONE', #4749, #3204, #3160 ) ;
#4028 = CARTESIAN_POINT ( 'NONE',  ( -47.31900260652910362, -127.1178101317847791, 0.000000000000000000 ) ) ;
#4029 = VERTEX_POINT ( 'NONE', #7116 ) ;
#4030 = EDGE_CURVE ( 'NONE', #8555, #548, #7663, .T. ) ;
#4031 = VECTOR ( 'NONE', #7694, 1000.000000000000000 ) ;
#4032 = EDGE_LOOP ( 'NONE', ( #2085, #5564, #215, #5625 ) ) ;
#4033 = LINE ( 'NONE', #539, #7535 ) ;
#4034 = PLANE ( 'NONE',  #7652 ) ;
#4035 = ORIENTED_EDGE ( 'NONE', *, *, #8604, .T. ) ;
#4036 = CARTESIAN_POINT ( 'NONE',  ( -675.7286812835919818, -76.12781013178523892, 11.81000000000000050 ) ) ;
#4037 = DIRECTION ( 'NONE',  ( -1.000000000000000000, -1.706325926237332771E-16, 0.000000000000000000 ) ) ;
#4038 = VERTEX_POINT ( 'NONE', #812 ) ;
#4039 = ORIENTED_EDGE ( 'NONE', *, *, #8692, .T. ) ;
#4040 = EDGE_LOOP ( 'NONE', ( #8517, #8727, #4729, #4759 ) ) ;
#4041 = EDGE_CURVE ( 'NONE', #4890, #7843, #7020, .T. ) ;
#4042 = CARTESIAN_POINT ( 'NONE',  ( 267.5900000000000318, -111.5450820850404909, 11.81000000000000050 ) ) ;
#4043 = CARTESIAN_POINT ( 'NONE',  ( -408.1386812835921774, -152.3278101317849860, 0.000000000000000000 ) ) ;
#4044 = MECHANICAL_DESIGN_GEOMETRIC_PRESENTATION_REPRESENTATION (  '', ( #1580 ), #4913 ) ;
#4045 = SURFACE_STYLE_USAGE ( .BOTH. , #1284 ) ;
#4046 = EDGE_LOOP ( 'NONE', ( #1477, #33, #8293, #5218 ) ) ;
#4047 = CARTESIAN_POINT ( 'NONE',  ( 267.5900000000043519, -140.5902906799316554, 0.000000000000000000 ) ) ;
#4048 = PLANE ( 'NONE',  #5294 ) ;
#4049 = ORIENTED_EDGE ( 'NONE', *, *, #3634, .F. ) ;
#4050 = AXIS2_PLACEMENT_3D ( 'NONE', #6613, #1756, #3762 ) ;
#4051 = DIRECTION ( 'NONE',  ( -1.000000000000000000, -1.706325926237332771E-16, 0.000000000000000000 ) ) ;
#4052 = VERTEX_POINT ( 'NONE', #1494 ) ;
#4053 = EDGE_CURVE ( 'NONE', #7557, #488, #1540, .T. ) ;
#4054 = EDGE_CURVE ( 'NONE', #1579, #2625, #5623, .T. ) ;
#4055 = VERTEX_POINT ( 'NONE', #5766 ) ;
#4056 = LINE ( 'NONE', #6818, #977 ) ;
#4057 = CARTESIAN_POINT ( 'NONE',  ( -522.4386812835921319, -140.5178101317850405, 0.000000000000000000 ) ) ;
#4058 = LINE ( 'NONE', #7637, #100 ) ;
#4059 = EDGE_CURVE ( 'NONE', #733, #3173, #8334, .T. ) ;
#4060 = ORIENTED_EDGE ( 'NONE', *, *, #7561, .T. ) ;
#4061 = CARTESIAN_POINT ( 'NONE',  ( 304.7999999999999545, 66.25491791495960570, 0.000000000000000000 ) ) ;
#4062 = ITEM_DEFINED_TRANSFORMATION ( 'NONE', 'NONE', #6226,  #3886 ) ;
#4063 = ORIENTED_EDGE ( 'NONE', *, *, #1285, .F. ) ;
#4064 = EDGE_CURVE ( 'NONE', #1676, #4128, #135, .T. ) ;
#4065 = CARTESIAN_POINT ( 'NONE',  ( 267.5900000000043519, -115.1902906799316355, 11.81000000000000050 ) ) ;
#4066 = APPLICATION_CONTEXT ( 'automotive_design' ) ;
#4067 = ADVANCED_FACE ( 'NONE', ( #8380 ), #2212, .T. ) ;
#4068 = VERTEX_POINT ( 'NONE', #6436 ) ;
#4069 = DIRECTION ( 'NONE',  ( 1.000000000000000000, 0.000000000000000000, 0.000000000000000000 ) ) ;
#4070 = DIRECTION ( 'NONE',  ( -0.000000000000000000, -1.000000000000000000, -0.000000000000000000 ) ) ;
#4071 = DIRECTION ( 'NONE',  ( -1.000000000000000000, -0.000000000000000000, 4.370956789862819572E-15 ) ) ;
#4072 = ORIENTED_EDGE ( 'NONE', *, *, #3732, .F. ) ;
#4073 = LINE ( 'NONE', #6117, #2816 ) ;
#4074 = CARTESIAN_POINT ( 'NONE',  ( -457.1999999999999886, 71.53421516197580843, 11.81000000000000050 ) ) ;
#4075 = EDGE_CURVE ( 'NONE', #8481, #8245, #7743, .T. ) ;
#4076 = ORIENTED_EDGE ( 'NONE', *, *, #8648, .T. ) ;
#4077 = PRESENTATION_LAYER_ASSIGNMENT (  '', '', ( #7968 ) ) ;
#4078 = ORIENTED_EDGE ( 'NONE', *, *, #6973, .T. ) ;
#4079 = DIRECTION ( 'NONE',  ( 0.000000000000000000, -0.000000000000000000, 1.000000000000000000 ) ) ;
#4080 = DIRECTION ( 'NONE',  ( 1.000000000000000000, 1.836970198721756426E-16, 0.000000000000000000 ) ) ;
#4081 = ORIENTED_EDGE ( 'NONE', *, *, #7646, .T. ) ;
#4082 = CARTESIAN_POINT ( 'NONE',  ( 152.3999999999999773, 106.1299999999999955, 11.81000000000000050 ) ) ;
#4083 = CARTESIAN_POINT ( 'NONE',  ( 25.40000000000001279, 11.81000000000000050, -304.8000000000000682 ) ) ;
#4084 = EDGE_CURVE ( 'NONE', #7993, #3984, #7791, .T. ) ;
#4085 = VERTEX_POINT ( 'NONE', #8516 ) ;
#4086 = ORIENTED_EDGE ( 'NONE', *, *, #5371, .F. ) ;
#4087 = ORIENTED_EDGE ( 'NONE', *, *, #3861, .F. ) ;
#4088 = ORIENTED_EDGE ( 'NONE', *, *, #3934, .F. ) ;
#4089 = DIRECTION ( 'NONE',  ( -1.000000000000000000, 0.000000000000000000, 0.000000000000000000 ) ) ;
#4090 = DIRECTION ( 'NONE',  ( -1.000000000000000000, -0.000000000000000000, -0.000000000000000000 ) ) ;
#4091 = CARTESIAN_POINT ( 'NONE',  ( 279.4000000000043542, -115.1902906799316355, 0.000000000000000000 ) ) ;
#4092 = CARTESIAN_POINT ( 'NONE',  ( -47.31900260652910362, -67.85114346511811334, 0.000000000000000000 ) ) ;
#4093 = CARTESIAN_POINT ( 'NONE',  ( -140.5900000000000034, -292.9900000000000091, 11.81000000000000050 ) ) ;
#4094 = ORIENTED_EDGE ( 'NONE', *, *, #2164, .T. ) ;
#4095 = CARTESIAN_POINT ( 'NONE',  ( -340.3090026065290772, -152.5178101317848132, 11.81000000000000050 ) ) ;
#4096 = ORIENTED_EDGE ( 'NONE', *, *, #79, .F. ) ;
#4097 = ORIENTED_EDGE ( 'NONE', *, *, #7607, .T. ) ;
#4098 = LINE ( 'NONE', #6775, #1850 ) ;
#4099 = PLANE ( 'NONE',  #4976 ) ;
#4100 = DIRECTION ( 'NONE',  ( 0.000000000000000000, -1.000000000000000000, 0.000000000000000000 ) ) ;
#4101 = DIRECTION ( 'NONE',  ( 0.000000000000000000, 0.000000000000000000, 1.000000000000000000 ) ) ;
#4102 = CONTEXT_DEPENDENT_SHAPE_REPRESENTATION ( #818, #2209 ) ;
#4103 = PRODUCT_DEFINITION_CONTEXT ( 'detailed design', #6095, 'design' ) ;
#4104 = EDGE_CURVE ( 'NONE', #1278, #3448, #2307, .T. ) ;
#4105 = LINE ( 'NONE', #3479, #4230 ) ;
#4106 = ORIENTED_EDGE ( 'NONE', *, *, #1728, .T. ) ;
#4107 = EDGE_CURVE ( 'NONE', #6163, #4795, #6935, .T. ) ;
#4108 = LINE ( 'NONE', #8847, #243 ) ;
#4109 = FACE_OUTER_BOUND ( 'NONE', #4479, .T. ) ;
#4110 = CARTESIAN_POINT ( 'NONE',  ( -72.71900260652908798, -152.5178101317848984, 11.81000000000000050 ) ) ;
#4111 = VECTOR ( 'NONE', #1060, 1000.000000000000000 ) ;
#4112 = LINE ( 'NONE', #670, #8341 ) ;
#4113 = LINE ( 'NONE', #6873, #5042 ) ;
#4114 = ORIENTED_EDGE ( 'NONE', *, *, #3934, .T. ) ;
#4115 = CARTESIAN_POINT ( 'NONE',  ( 279.4000000000043542, 139.6997093200683935, 0.000000000000000000 ) ) ;
#4116 = CARTESIAN_POINT ( 'NONE',  ( -104.8502850181648967, 612.4973072867312567, -242.3705639130435259 ) ) ;
#4117 = EDGE_CURVE ( 'NONE', #7265, #7518, #2480, .T. ) ;
#4118 = PLANE ( 'NONE',  #228 ) ;
#4119 = VECTOR ( 'NONE', #2457, 1000.000000000000000 ) ;
#4120 = EDGE_CURVE ( 'NONE', #1973, #4038, #8644, .T. ) ;
#4121 = ORIENTED_EDGE ( 'NONE', *, *, #7015, .T. ) ;
#4122 = ORIENTED_EDGE ( 'NONE', *, *, #3906, .F. ) ;
#4123 = DIRECTION ( 'NONE',  ( 0.000000000000000000, 0.000000000000000000, 1.000000000000000000 ) ) ;
#4124 = FACE_OUTER_BOUND ( 'NONE', #4032, .T. ) ;
#4125 = AXIS2_PLACEMENT_3D ( 'NONE', #7364, #8754, #6553 ) ;
#4126 = SURFACE_STYLE_USAGE ( .BOTH. , #2804 ) ;
#4127 = EDGE_CURVE ( 'NONE', #5672, #5225, #3121, .T. ) ;
#4128 = VERTEX_POINT ( 'NONE', #5939 ) ;
#4129 = LINE ( 'NONE', #4810, #2050 ) ;
#4130 = CARTESIAN_POINT ( 'NONE',  ( -152.3999999999999773, 267.5900000000000318, 11.81000000000000050 ) ) ;
#4131 = ORIENTED_EDGE ( 'NONE', *, *, #2241, .T. ) ;
#4132 = VECTOR ( 'NONE', #6678, 1000.000000000000000 ) ;
#4133 = ORIENTED_EDGE ( 'NONE', *, *, #797, .T. ) ;
#4134 = LINE ( 'NONE', #8339, #5765 ) ;
#4135 = DIRECTION ( 'NONE',  ( 1.000000000000000000, 0.000000000000000000, -0.000000000000000000 ) ) ;
#4136 = EDGE_CURVE ( 'NONE', #8524, #8119, #996, .T. ) ;
#4137 = VECTOR ( 'NONE', #8298, 1000.000000000000000 ) ;
#4138 = CARTESIAN_POINT ( 'NONE',  ( 140.5900000000000034, -106.1299999999999955, 0.000000000000000000 ) ) ;
#4139 = DIRECTION ( 'NONE',  ( -4.370956789862819572E-15, 1.000000000000000000, 0.000000000000000000 ) ) ;
#4140 = ORIENTED_EDGE ( 'NONE', *, *, #6417, .F. ) ;
#4141 = ORIENTED_EDGE ( 'NONE', *, *, #3616, .F. ) ;
#4142 = EDGE_LOOP ( 'NONE', ( #8007, #7177, #5693, #3398 ) ) ;
#4143 = DIRECTION ( 'NONE',  ( -0.000000000000000000, -1.000000000000000000, -0.000000000000000000 ) ) ;
#4144 = VECTOR ( 'NONE', #7532, 1000.000000000000000 ) ;
#4145 = EDGE_CURVE ( 'NONE', #5581, #7533, #3891, .T. ) ;
#4146 = DIRECTION ( 'NONE',  ( 1.000000000000000000, -0.000000000000000000, -0.000000000000000000 ) ) ;
#4147 = CARTESIAN_POINT ( 'NONE',  ( -152.3999999999999773, -106.1299999999999528, 0.000000000000000000 ) ) ;
#4148 = DIRECTION ( 'NONE',  ( 1.000000000000000000, 0.000000000000000000, 0.000000000000000000 ) ) ;
#4149 = VECTOR ( 'NONE', #7516, 1000.000000000000000 ) ;
#4150 = CARTESIAN_POINT ( 'NONE',  ( 152.4000000000000057, 304.8000000000000114, 11.81000000000000050 ) ) ;
#4151 = VERTEX_POINT ( 'NONE', #316 ) ;
#4152 = CARTESIAN_POINT ( 'NONE',  ( 139.7000000000043087, 457.1997093200683935, 11.81000000000000050 ) ) ;
#4153 = VECTOR ( 'NONE', #4606, 1000.000000000000000 ) ;
#4154 = EDGE_CURVE ( 'NONE', #5255, #1336, #1715, .T. ) ;
#4155 = AXIS2_PLACEMENT_3D ( 'NONE', #8020, #4089, #3364 ) ;
#4156 = DIRECTION ( 'NONE',  ( 0.000000000000000000, 0.000000000000000000, 1.000000000000000000 ) ) ;
#4157 = LINE ( 'NONE', #5563, #3024 ) ;
#4158 = ORIENTED_EDGE ( 'NONE', *, *, #6714, .F. ) ;
#4159 = CARTESIAN_POINT ( 'NONE',  ( -223.2989142387372681, 0.000000000000000000, -1294.423107283573700 ) ) ;
#4160 = CARTESIAN_POINT ( 'NONE',  ( 196.4857419446655911, 321.2873072867313908, 889.1587449375386996 ) ) ;
#4161 = AXIS2_PLACEMENT_3D ( 'NONE', #2363, #7847, #2957 ) ;
#4162 = VECTOR ( 'NONE', #772, 1000.000000000000000 ) ;
#4163 = CARTESIAN_POINT ( 'NONE',  ( 140.5900000000000034, -267.5900000000000318, 0.000000000000000000 ) ) ;
#4164 = EDGE_LOOP ( 'NONE', ( #899, #8873, #2078, #1172 ) ) ;
#4165 = VERTEX_POINT ( 'NONE', #8597 ) ;
#4166 = ADVANCED_FACE ( 'NONE', ( #8003 ), #3714, .F. ) ;
#4167 = CARTESIAN_POINT ( 'NONE',  ( -292.9900000000000091, 91.65491791495954033, 0.000000000000000000 ) ) ;
#4168 = DIRECTION ( 'NONE',  ( 0.000000000000000000, -1.000000000000000000, 0.000000000000000000 ) ) ;
#4169 = PRODUCT_DEFINITION_SHAPE ( 'NONE', 'NONE',  #3184 ) ;
#4170 = AXIS2_PLACEMENT_3D ( 'NONE', #8145, #8288, #6842 ) ;
#4171 = FACE_OUTER_BOUND ( 'NONE', #4046, .T. ) ;
#4172 = EDGE_CURVE ( 'NONE', #3536, #5928, #4430, .T. ) ;
#4173 = CARTESIAN_POINT ( 'NONE',  ( -352.1190026065291363, 50.68218986821522520, 11.81000000000000050 ) ) ;
#4174 = ORIENTED_EDGE ( 'NONE', *, *, #1878, .T. ) ;
#4175 = AXIS2_PLACEMENT_3D ( 'NONE', #3656, #71, #2969 ) ;
#4176 = VECTOR ( 'NONE', #4924, 1000.000000000000000 ) ;
#4177 = ORIENTED_EDGE ( 'NONE', *, *, #828, .T. ) ;
#4178 = VERTEX_POINT ( 'NONE', #7916 ) ;
#4179 = DIRECTION ( 'NONE',  ( -0.000000000000000000, -0.000000000000000000, 1.000000000000000000 ) ) ;
#4180 = EDGE_CURVE ( 'NONE', #6535, #4581, #4477, .T. ) ;
#4181 = CARTESIAN_POINT ( 'NONE',  ( -408.1386812835921774, -140.5178101317849553, 11.81000000000000050 ) ) ;
#4182 =( GEOMETRIC_REPRESENTATION_CONTEXT ( 3 ) GLOBAL_UNCERTAINTY_ASSIGNED_CONTEXT ( ( #5374 ) ) GLOBAL_UNIT_ASSIGNED_CONTEXT ( ( #6147, #8892, #3428 ) ) REPRESENTATION_CONTEXT ( 'NONE', 'WORKASPACE' ) );
#4183 = CARTESIAN_POINT ( 'NONE',  ( -382.7386812835923138, -126.9278101317851082, 0.000000000000000000 ) ) ;
#4184 = ORIENTED_EDGE ( 'NONE', *, *, #8103, .F. ) ;
#4185 = CARTESIAN_POINT ( 'NONE',  ( -340.3090026065290772, -152.5178101317848132, 0.000000000000000000 ) ) ;
#4186 = CARTESIAN_POINT ( 'NONE',  ( -352.1190026065291363, 25.28218986821520531, 0.000000000000000000 ) ) ;
#4187 = VERTEX_POINT ( 'NONE', #7833 ) ;
#4188 = CARTESIAN_POINT ( 'NONE',  ( -326.7190026065292159, -152.5178101317848132, 11.81000000000000050 ) ) ;
#4189 = ORIENTED_EDGE ( 'NONE', *, *, #5333, .T. ) ;
#4190 = EDGE_CURVE ( 'NONE', #4403, #5830, #1757, .T. ) ;
#4191 = PRESENTATION_LAYER_ASSIGNMENT (  '', '', ( #1580 ) ) ;
#4192 = EDGE_LOOP ( 'NONE', ( #6439, #6950, #8714, #7972, #7334, #8846, #6230, #2224, #3361, #6679, #5001, #4964, #783, #6290, #1680, #5183, #6537, #2181, #8016, #8912, #6606, #1623, #1841, #4249, #5863, #1948, #5344, #640, #6827, #8765, #3210, #8411, #8658, #7358, #7597, #7374, #4140, #8164, #4646, #8373 ) ) ;
#4193 = CARTESIAN_POINT ( 'NONE',  ( 0.000000000000000000, 0.000000000000000000, 11.81000000000000050 ) ) ;
#4194 = DIRECTION ( 'NONE',  ( 0.000000000000000000, 0.000000000000000000, 1.000000000000000000 ) ) ;
#4195 = CARTESIAN_POINT ( 'NONE',  ( 152.4000000000000057, -80.72999999999986187, 0.000000000000000000 ) ) ;
#4196 = SHAPE_REPRESENTATION_RELATIONSHIP ( 'NONE' , 'NONE' ,  #413, #4599 ) ;
#4197 = PRODUCT_DEFINITION_CONTEXT ( 'detailed design', #5110, 'design' ) ;
#4198 = AXIS2_PLACEMENT_3D ( 'NONE', #3253, #7377, #2390 ) ;
#4199 = ADVANCED_FACE ( 'NONE', ( #5217 ), #4521, .F. ) ;
#4200 = CARTESIAN_POINT ( 'NONE',  ( -33.86666666666661740, 292.9900000000000091, 0.000000000000000000 ) ) ;
#4201 = ORIENTED_EDGE ( 'NONE', *, *, #3851, .T. ) ;
#4202 = DIRECTION ( 'NONE',  ( 1.000000000000000000, 0.000000000000000000, 0.000000000000000000 ) ) ;
#4203 = DIRECTION ( 'NONE',  ( -1.000000000000000000, 1.092739197465705287E-15, 0.000000000000000000 ) ) ;
#4204 = CARTESIAN_POINT ( 'NONE',  ( -106.1299999999999955, -99.73508208504050288, 0.000000000000000000 ) ) ;
#4205 = ORIENTED_EDGE ( 'NONE', *, *, #2406, .T. ) ;
#4206 = CARTESIAN_POINT ( 'NONE',  ( -59.12900260652914852, -93.25114346511811902, 0.000000000000000000 ) ) ;
#4207 = APPLICATION_PROTOCOL_DEFINITION ( 'draft international standard', 'automotive_design', 1998, #1738 ) ;
#4208 = DIRECTION ( 'NONE',  ( -0.000000000000000000, -0.000000000000000000, 1.000000000000000000 ) ) ;
#4209 = ORIENTED_EDGE ( 'NONE', *, *, #2955, .T. ) ;
#4210 = ORIENTED_EDGE ( 'NONE', *, *, #5685, .T. ) ;
#4211 = DIRECTION ( 'NONE',  ( 0.000000000000000000, 0.000000000000000000, 1.000000000000000000 ) ) ;
#4212 = SHAPE_REPRESENTATION ( 'Base_Plate_Cover', ( #3886 ), #1445 ) ;
#4213 = CARTESIAN_POINT ( 'NONE',  ( -304.8000000000000114, -52.27841541837379680, 11.81000000000000050 ) ) ;
#4214 = CARTESIAN_POINT ( 'NONE',  ( -346.6871619467639789, 11.81000000000000050, -514.5005700363345795 ) ) ;
#4215 = ADVANCED_FACE ( 'NONE', ( #4566 ), #3843, .F. ) ;
#4216 = CARTESIAN_POINT ( 'NONE',  ( -258.9856692731957537, -152.5178101317848416, 0.000000000000000000 ) ) ;
#4217 = CLOSED_SHELL ( 'NONE', ( #2521, #5832, #1570, #254, #2832, #695, #786, #4605, #1358, #4725, #1889, #923, #185, #3395, #7375, #8923, #3469, #6210, #2849, #3193, #5520, #668, #6126, #2839, #4067, #8853, #573, #5892, #8508, #1837, #7665, #8211, #2274, #2999, #4166, #5503, #527, #618, #1250, #3821, #6326, #4412 ) ) ;
#4218 = VERTEX_POINT ( 'NONE', #1129 ) ;
#4219 = EDGE_CURVE ( 'NONE', #7883, #1543, #6659, .T. ) ;
#4220 = EDGE_LOOP ( 'NONE', ( #4876, #6967, #3774, #4593 ) ) ;
#4221 = CARTESIAN_POINT ( 'NONE',  ( -687.5386812835920409, -50.72781013178524034, 11.81000000000000050 ) ) ;
#4222 = DIRECTION ( 'NONE',  ( -1.000000000000000000, 0.000000000000000000, -1.092739197465705287E-15 ) ) ;
#4223 = EDGE_CURVE ( 'NONE', #1113, #7541, #2350, .T. ) ;
#4224 = ORIENTED_EDGE ( 'NONE', *, *, #4075, .F. ) ;
#4225 = LINE ( 'NONE', #7029, #2613 ) ;
#4226 = DIRECTION ( 'NONE',  ( -0.000000000000000000, -1.000000000000000000, -0.000000000000000000 ) ) ;
#4227 = ORIENTED_EDGE ( 'NONE', *, *, #2147, .F. ) ;
#4228 = LINE ( 'NONE', #6449, #8587 ) ;
#4229 = ORIENTED_EDGE ( 'NONE', *, *, #2398, .F. ) ;
#4230 = VECTOR ( 'NONE', #1439, 1000.000000000000000 ) ;
#4231 = ORIENTED_EDGE ( 'NONE', *, *, #8675, .T. ) ;
#4232 = PLANE ( 'NONE',  #4445 ) ;
#4233 = DIRECTION ( 'NONE',  ( -0.000000000000000000, -0.000000000000000000, 1.000000000000000000 ) ) ;
#4234 = CARTESIAN_POINT ( 'NONE',  ( -675.7286812835919818, -76.12781013178523892, 0.000000000000000000 ) ) ;
#4235 =( NAMED_UNIT ( * ) SI_UNIT ( $, .STERADIAN. ) SOLID_ANGLE_UNIT ( ) );
#4236 = LINE ( 'NONE', #6323, #7882 ) ;
#4237 = EDGE_CURVE ( 'NONE', #6079, #6692, #8724, .T. ) ;
#4238 = DIRECTION ( 'NONE',  ( 0.000000000000000000, 1.000000000000000000, 0.000000000000000000 ) ) ;
#4239 = ORIENTED_EDGE ( 'NONE', *, *, #5919, .T. ) ;
#4240 = PRODUCT_DEFINITION_SHAPE ( 'NONE', 'NONE',  #8958 ) ;
#4241 = FACE_OUTER_BOUND ( 'NONE', #2320, .T. ) ;
#4242 = DIRECTION ( 'NONE',  ( 0.000000000000000000, 0.000000000000000000, 1.000000000000000000 ) ) ;
#4243 = FACE_OUTER_BOUND ( 'NONE', #6796, .T. ) ;
#4244 = FACE_OUTER_BOUND ( 'NONE', #4342, .T. ) ;
#4245 = APPLICATION_PROTOCOL_DEFINITION ( 'draft international standard', 'automotive_design', 1998, #2326 ) ;
#4246 = EDGE_CURVE ( 'NONE', #5684, #3893, #1630, .T. ) ;
#4247 = ORIENTED_EDGE ( 'NONE', *, *, #6767, .F. ) ;
#4248 = CARTESIAN_POINT ( 'NONE',  ( -419.9900000000000091, -4.665784838024156223, 11.81000000000000050 ) ) ;
#4249 = ORIENTED_EDGE ( 'NONE', *, *, #1692, .F. ) ;
#4250 = VECTOR ( 'NONE', #4951, 1000.000000000000000 ) ;
#4251 = VERTEX_POINT ( 'NONE', #8552 ) ;
#4252 = CARTESIAN_POINT ( 'NONE',  ( 140.5900000000000034, 80.73000000000001819, 0.000000000000000000 ) ) ;
#4253 = CARTESIAN_POINT ( 'NONE',  ( 152.4000000000000057, 304.8000000000000114, 11.81000000000000050 ) ) ;
#4254 = EDGE_CURVE ( 'NONE', #1113, #1118, #1669, .T. ) ;
#4255 = DIRECTION ( 'NONE',  ( 1.000000000000000000, 0.000000000000000000, 0.000000000000000000 ) ) ;
#4256 = SHAPE_REPRESENTATION_RELATIONSHIP ( 'NONE' , 'NONE' ,  #746, #5812 ) ;
#4257 = AXIS2_PLACEMENT_3D ( 'NONE', #1053, #7133, #3091 ) ;
#4258 = CARTESIAN_POINT ( 'NONE',  ( 267.5900000000000318, -111.5450820850404909, 11.81000000000000050 ) ) ;
#4259 = ORIENTED_EDGE ( 'NONE', *, *, #2118, .T. ) ;
#4260 = ORIENTED_EDGE ( 'NONE', *, *, #1114, .F. ) ;
#4261 = PLANE ( 'NONE',  #2854 ) ;
#4262 = VECTOR ( 'NONE', #4009, 1000.000000000000000 ) ;
#4263 = LINE ( 'NONE', #7025, #3009 ) ;
#4264 = EDGE_CURVE ( 'NONE', #2362, #665, #1215, .T. ) ;
#4265 = CARTESIAN_POINT ( 'NONE',  ( 279.4000000000043542, 419.9897093200684139, 0.000000000000000000 ) ) ;
#4266 = ORIENTED_EDGE ( 'NONE', *, *, #6926, .T. ) ;
#4267 = DIRECTION ( 'NONE',  ( 0.000000000000000000, -1.000000000000000000, 0.000000000000000000 ) ) ;
#4268 = DIRECTION ( 'NONE',  ( -0.000000000000000000, -0.000000000000000000, 1.000000000000000000 ) ) ;
#4269 = VECTOR ( 'NONE', #8209, 1000.000000000000000 ) ;
#4270 = VERTEX_POINT ( 'NONE', #1846 ) ;
#4271 = ORIENTED_EDGE ( 'NONE', *, *, #242, .F. ) ;
#4272 = ORIENTED_EDGE ( 'NONE', *, *, #1240, .F. ) ;
#4273 = PLANE ( 'NONE',  #3729 ) ;
#4274 = CARTESIAN_POINT ( 'NONE',  ( -352.1190026065291363, -33.98447679845147462, 11.81000000000000050 ) ) ;
#4275 = EDGE_CURVE ( 'NONE', #2515, #2543, #6794, .T. ) ;
#4276 = VECTOR ( 'NONE', #8695, 1000.000000000000000 ) ;
#4277 = FACE_OUTER_BOUND ( 'NONE', #7435, .T. ) ;
#4278 = CARTESIAN_POINT ( 'NONE',  ( -140.5900000000000034, 80.73000000000001819, 0.000000000000000000 ) ) ;
#4279 =( LENGTH_UNIT ( ) NAMED_UNIT ( * ) SI_UNIT ( .MILLI., .METRE. ) );
#4280 = CARTESIAN_POINT ( 'NONE',  ( -152.3999999999999773, -304.8000000000000114, 11.81000000000000050 ) ) ;
#4281 = EDGE_CURVE ( 'NONE', #4270, #7472, #4801, .T. ) ;
#4282 = DIRECTION ( 'NONE',  ( 0.000000000000000000, 0.000000000000000000, 1.000000000000000000 ) ) ;
#4283 = VECTOR ( 'NONE', #2096, 1000.000000000000000 ) ;
#4284 = ORIENTED_EDGE ( 'NONE', *, *, #5129, .T. ) ;
#4285 = CARTESIAN_POINT ( 'NONE',  ( -457.1999999999999886, -4.665784838024156223, 0.000000000000000000 ) ) ;
#4286 = LINE ( 'NONE', #4967, #2987 ) ;
#4287 = CARTESIAN_POINT ( 'NONE',  ( -340.3090026065291340, -8.584476798451465385, 11.81000000000000050 ) ) ;
#4288 = CARTESIAN_POINT ( 'NONE',  ( 114.3000000000043030, -140.5902906799316554, 11.81000000000000050 ) ) ;
#4289 = VECTOR ( 'NONE', #3932, 1000.000000000000000 ) ;
#4290 = APPLICATION_PROTOCOL_DEFINITION ( 'draft international standard', 'automotive_design', 1998, #6039 ) ;
#4291 = ORIENTED_EDGE ( 'NONE', *, *, #2727, .F. ) ;
#4292 = DIRECTION ( 'NONE',  ( 0.000000000000000000, -0.000000000000000000, 1.000000000000000000 ) ) ;
#4293 = VECTOR ( 'NONE', #6694, 1000.000000000000000 ) ;
#4294 = VERTEX_POINT ( 'NONE', #8140 ) ;
#4295 = EDGE_CURVE ( 'NONE', #1046, #5468, #4705, .T. ) ;
#4296 = ORIENTED_EDGE ( 'NONE', *, *, #4633, .F. ) ;
#4297 = CARTESIAN_POINT ( 'NONE',  ( 140.5902906799316270, 58.83421516197587664, 0.000000000000000000 ) ) ;
#4298 = DIRECTION ( 'NONE',  ( -1.000000000000000000, -1.706325926237332771E-16, 0.000000000000000000 ) ) ;
#4299 = LINE ( 'NONE', #3532, #5776 ) ;
#4300 = DIRECTION ( 'NONE',  ( 1.706325926237332771E-16, -1.000000000000000000, -0.000000000000000000 ) ) ;
#4301 = DIRECTION ( 'NONE',  ( 1.000000000000000000, 0.000000000000000000, 0.000000000000000000 ) ) ;
#4302 = AXIS2_PLACEMENT_3D ( 'NONE', #5822, #5052, #4957 ) ;
#4303 = VECTOR ( 'NONE', #1781, 1000.000000000000000 ) ;
#4304 = CARTESIAN_POINT ( 'NONE',  ( 292.9900000000000091, 6.988251248292928430, 0.000000000000000000 ) ) ;
#4305 = ADVANCED_FACE ( 'NONE', ( #486 ), #4758, .T. ) ;
#4306 = VERTEX_POINT ( 'NONE', #8859 ) ;
#4307 = VECTOR ( 'NONE', #7383, 1000.000000000000000 ) ;
#4308 = VERTEX_POINT ( 'NONE', #8047 ) ;
#4310 = LINE ( 'NONE', #1497, #8055 ) ;
#4309 = AXIS2_PLACEMENT_3D ( 'NONE', #320, #7246, #5219 ) ;
#4311 = LINE ( 'NONE', #3587, #7777 ) ;
#4312 = CARTESIAN_POINT ( 'NONE',  ( 267.5900000000000318, -111.5450820850404909, 0.000000000000000000 ) ) ;
#4313 = AXIS2_PLACEMENT_3D ( 'NONE', #2983, #5078, #2125 ) ;
#4314 = EDGE_LOOP ( 'NONE', ( #326, #2213, #7751, #2897 ) ) ;
#4315 = VECTOR ( 'NONE', #2696, 1000.000000000000000 ) ;
#4316 =( LENGTH_UNIT ( ) NAMED_UNIT ( * ) SI_UNIT ( .MILLI., .METRE. ) );
#4317 = FACE_OUTER_BOUND ( 'NONE', #7951, .T. ) ;
#4318 = ORIENTED_EDGE ( 'NONE', *, *, #6437, .F. ) ;
#4319 = EDGE_CURVE ( 'NONE', #3881, #1650, #8815, .T. ) ;
#4320 = ORIENTED_EDGE ( 'NONE', *, *, #6741, .F. ) ;
#4321 = EDGE_LOOP ( 'NONE', ( #3773, #7549, #6233, #4604 ) ) ;
#4322 = DIRECTION ( 'NONE',  ( 1.000000000000000000, 0.000000000000000000, 0.000000000000000000 ) ) ;
#4323 = DIRECTION ( 'NONE',  ( -0.000000000000000000, -0.000000000000000000, 1.000000000000000000 ) ) ;
#4324 = CARTESIAN_POINT ( 'NONE',  ( -152.3999999999999773, 267.5900000000000318, 0.000000000000000000 ) ) ;
#4325 = CARTESIAN_POINT ( 'NONE',  ( -326.7190026065292159, -152.5178101317848132, 0.000000000000000000 ) ) ;
#4326 =( NAMED_UNIT ( * ) PLANE_ANGLE_UNIT ( ) SI_UNIT ( $, .RADIAN. ) );
#4327 = LINE ( 'NONE', #2369, #7409 ) ;
#4328 = EDGE_CURVE ( 'NONE', #1937, #1301, #3349, .T. ) ;
#4329 = CARTESIAN_POINT ( 'NONE',  ( -675.7286812835919818, -152.3278101317851565, 11.81000000000000050 ) ) ;
#4330 = ADVANCED_FACE ( 'NONE', ( #3444 ), #4118, .F. ) ;
#4331 = LINE ( 'NONE', #3612, #8039 ) ;
#4332 = CARTESIAN_POINT ( 'NONE',  ( -25.39999999999560032, -152.4002906799316861, 11.81000000000000050 ) ) ;
#4333 = DIRECTION ( 'NONE',  ( 1.000000000000000000, 0.000000000000000000, -0.000000000000000000 ) ) ;
#4334 = CARTESIAN_POINT ( 'NONE',  ( -47.31900260652916046, 25.28218986821523373, 0.000000000000000000 ) ) ;
#4335 = CARTESIAN_POINT ( 'NONE',  ( -59.12900260652914852, -93.25114346511811902, 11.81000000000000050 ) ) ;
#4336 = EDGE_CURVE ( 'NONE', #6627, #3226, #6211, .T. ) ;
#4337 = VERTEX_POINT ( 'NONE', #1313 ) ;
#4338 = ADVANCED_FACE ( 'NONE', ( #6026 ), #585, .F. ) ;
#4339 = AXIS2_PLACEMENT_3D ( 'NONE', #4160, #8857, #2753 ) ;
#4340 = CARTESIAN_POINT ( 'NONE',  ( -25.39999999999567493, 457.1997093200683935, 11.81000000000000050 ) ) ;
#4341 = EDGE_LOOP ( 'NONE', ( #6384, #4229, #39, #4060 ) ) ;
#4342 = EDGE_LOOP ( 'NONE', ( #3945, #4855, #7692, #1734 ) ) ;
#4343 = PLANE ( 'NONE',  #3158 ) ;
#4344 = CARTESIAN_POINT ( 'NONE',  ( 115.1902906799316355, 7.144215161975738582, 11.81000000000000050 ) ) ;
#4345 = DIRECTION ( 'NONE',  ( 1.000000000000000000, 1.706325926237332771E-16, -0.000000000000000000 ) ) ;
#4346 = LINE ( 'NONE', #7869, #6866 ) ;
#4347 = EDGE_CURVE ( 'NONE', #2735, #8823, #5064, .T. ) ;
#4348 = EDGE_CURVE ( 'NONE', #414, #1681, #3396, .T. ) ;
#4349 = CARTESIAN_POINT ( 'NONE',  ( 292.9900000000000091, 91.65491791495954033, 0.000000000000000000 ) ) ;
#4350 = ORIENTED_EDGE ( 'NONE', *, *, #4728, .F. ) ;
#4351 = ORIENTED_EDGE ( 'NONE', *, *, #4295, .T. ) ;
#4352 = DIRECTION ( 'NONE',  ( -0.000000000000000000, -0.000000000000000000, 1.000000000000000000 ) ) ;
#4353 = APPLICATION_CONTEXT ( 'automotive_design' ) ;
#4354 = DIRECTION ( 'NONE',  ( 1.000000000000000000, 0.000000000000000000, 0.000000000000000000 ) ) ;
#4355 = PLANE ( 'NONE',  #3703 ) ;
#4356 = ADVANCED_FACE ( 'NONE', ( #2655 ), #1171, .F. ) ;
#4357 = CLOSED_SHELL ( 'NONE', ( #5889, #6845, #6707, #2470, #5010, #1298 ) ) ;
#4358 = ORIENTED_EDGE ( 'NONE', *, *, #4391, .T. ) ;
#4359 =( NAMED_UNIT ( * ) PLANE_ANGLE_UNIT ( ) SI_UNIT ( $, .RADIAN. ) );
#4360 = CARTESIAN_POINT ( 'NONE',  ( -106.1299999999999955, -111.5450820850404767, 11.81000000000000050 ) ) ;
#4361 = ORIENTED_EDGE ( 'NONE', *, *, #3795, .F. ) ;
#4362 = EDGE_LOOP ( 'NONE', ( #861, #4528, #1244, #191 ) ) ;
#4363 = ORIENTED_EDGE ( 'NONE', *, *, #4420, .T. ) ;
#4364 = VECTOR ( 'NONE', #1619, 1000.000000000000000 ) ;
#4365 = CARTESIAN_POINT ( 'NONE',  ( -106.1299999999999955, -99.73508208504048866, 0.000000000000000000 ) ) ;
#4366 = CARTESIAN_POINT ( 'NONE',  ( 4.402728182029136406E-12, 457.1997093200683935, 0.000000000000000000 ) ) ;
#4367 = CARTESIAN_POINT ( 'NONE',  ( -33.86666666666661740, 292.9900000000000091, 0.000000000000000000 ) ) ;
#4368 = SURFACE_SIDE_STYLE ('',( #7043 ) ) ;
#4369 = AXIS2_PLACEMENT_3D ( 'NONE', #3106, #7410, #3966 ) ;
#4370 = CARTESIAN_POINT ( 'NONE',  ( -140.5900000000000034, -80.73000000000001819, 11.81000000000000050 ) ) ;
#4371 = EDGE_LOOP ( 'NONE', ( #8861, #7534, #771, #5909 ) ) ;
#4372 = DIRECTION ( 'NONE',  ( -1.000000000000000000, -0.000000000000000000, -0.000000000000000000 ) ) ;
#4373 = CARTESIAN_POINT ( 'NONE',  ( -445.3899999999999864, 96.93421516197595622, 11.81000000000000050 ) ) ;
#4374 = CARTESIAN_POINT ( 'NONE',  ( 279.4000000000043542, 419.9897093200684139, 0.000000000000000000 ) ) ;
#4375 = DIRECTION ( 'NONE',  ( -1.000000000000000000, -1.706325926237332771E-16, 0.000000000000000000 ) ) ;
#4376 = ADVANCED_FACE ( 'NONE', ( #8098 ), #8243, .T. ) ;
#4377 = LINE ( 'NONE', #937, #69 ) ;
#4378 = ITEM_DEFINED_TRANSFORMATION ( 'NONE', 'NONE', #6648,  #3886 ) ;
#4379 = UNCERTAINTY_MEASURE_WITH_UNIT (LENGTH_MEASURE( 1.000000000000000082E-05 ), #2301, 'distance_accuracy_value', 'NONE');
#4380 =( NAMED_UNIT ( * ) PLANE_ANGLE_UNIT ( ) SI_UNIT ( $, .RADIAN. ) );
#4381 = ORIENTED_EDGE ( 'NONE', *, *, #6986, .T. ) ;
#4382 = EDGE_LOOP ( 'NONE', ( #5882, #1305, #8504, #2282 ) ) ;
#4383 = VERTEX_POINT ( 'NONE', #4028 ) ;
#4384 = SURFACE_STYLE_FILL_AREA ( #8460 ) ;
#4385 = DIRECTION ( 'NONE',  ( -1.706325926237332771E-16, 1.000000000000000000, 0.000000000000000000 ) ) ;
#4386 = CARTESIAN_POINT ( 'NONE',  ( 304.7999999999999545, 91.65491791495961138, 0.000000000000000000 ) ) ;
#4387 = PRODUCT_DEFINITION_SHAPE ( 'NONE', 'NONE',  #3569 ) ;
#4388 = ADVANCED_FACE ( 'NONE', ( #7568 ), #4657, .T. ) ;
#4389 = DIRECTION ( 'NONE',  ( 1.000000000000000000, -2.937719688360373903E-16, 0.000000000000000000 ) ) ;
#4390 = SURFACE_STYLE_FILL_AREA ( #7661 ) ;
#4391 = EDGE_CURVE ( 'NONE', #8677, #1579, #534, .T. ) ;
#4392 = CARTESIAN_POINT ( 'NONE',  ( -13.58999999999560160, 165.0997093200683992, 0.000000000000000000 ) ) ;
#4393 = EDGE_LOOP ( 'NONE', ( #6500, #6571, #7959, #8414 ) ) ;
#4394 = LINE ( 'NONE', #4662, #3445 ) ;
#4395 = PRODUCT_DEFINITION ( 'UNKNOWN', '', #1592, #8358 ) ;
#4396 = DIRECTION ( 'NONE',  ( 0.000000000000000000, 1.000000000000000000, 0.000000000000000000 ) ) ;
#4397 = VECTOR ( 'NONE', #2865, 1000.000000000000000 ) ;
#4398 = ORIENTED_EDGE ( 'NONE', *, *, #1081, .T. ) ;
#4399 = SURFACE_STYLE_FILL_AREA ( #7342 ) ;
#4400 = LINE ( 'NONE', #145, #3417 ) ;
#4401 = VECTOR ( 'NONE', #4675, 1000.000000000000000 ) ;
#4402 = EDGE_LOOP ( 'NONE', ( #2707, #7222, #7678, #1495 ) ) ;
#4403 = VERTEX_POINT ( 'NONE', #2075 ) ;
#4404 = EDGE_CURVE ( 'NONE', #7894, #559, #2755, .T. ) ;
#4405 = FACE_OUTER_BOUND ( 'NONE', #2748, .T. ) ;
#4406 = LINE ( 'NONE', #6455, #3819 ) ;
#4407 = DIRECTION ( 'NONE',  ( 1.000000000000000000, 0.000000000000000000, 0.000000000000000000 ) ) ;
#4408 = DIRECTION ( 'NONE',  ( -0.000000000000000000, -0.000000000000000000, 1.000000000000000000 ) ) ;
#4409 = VECTOR ( 'NONE', #2335, 1000.000000000000000 ) ;
#4410 = PLANE ( 'NONE',  #3933 ) ;
#4411 = ORIENTED_EDGE ( 'NONE', *, *, #6658, .F. ) ;
#4412 = ADVANCED_FACE ( 'NONE', ( #5527 ), #5029, .F. ) ;
#4413 = LINE ( 'NONE', #297, #4438 ) ;
#4414 = VECTOR ( 'NONE', #1772, 1000.000000000000000 ) ;
#4415 = DIRECTION ( 'NONE',  ( -1.000000000000000000, -0.000000000000000000, -0.000000000000000000 ) ) ;
#4416 = LINE ( 'NONE', #7818, #860 ) ;
#4417 = PLANE ( 'NONE',  #8601 ) ;
#4418 = AXIS2_PLACEMENT_3D ( 'NONE', #8833, #2011, #7543 ) ;
#4419 = EDGE_LOOP ( 'NONE', ( #8351, #6175, #7852, #1902 ) ) ;
#4420 = EDGE_CURVE ( 'NONE', #3724, #6499, #6562, .T. ) ;
#4421 = CARTESIAN_POINT ( 'NONE',  ( 279.4000000000043542, -115.1902906799316355, 11.81000000000000050 ) ) ;
#4422 = EDGE_LOOP ( 'NONE', ( #8921, #6253, #8747, #4259 ) ) ;
#4423 = ORIENTED_EDGE ( 'NONE', *, *, #124, .T. ) ;
#4424 = DIRECTION ( 'NONE',  ( 0.000000000000000000, -1.000000000000000000, -0.000000000000000000 ) ) ;
#4425 = VECTOR ( 'NONE', #3037, 1000.000000000000000 ) ;
#4426 = PLANE ( 'NONE',  #1257 ) ;
#4427 = CARTESIAN_POINT ( 'NONE',  ( -304.8000000000000114, 91.65491791495955454, 0.000000000000000000 ) ) ;
#4428 = LINE ( 'NONE', #7193, #3539 ) ;
#4429 = CARTESIAN_POINT ( 'NONE',  ( 164.2100000000001216, 93.31108576126278820, -1091.223107283573654 ) ) ;
#4430 = LINE ( 'NONE', #7243, #959 ) ;
#4431 = VECTOR ( 'NONE', #6389, 1000.000000000000000 ) ;
#4432 = EDGE_CURVE ( 'NONE', #3183, #2714, #6522, .T. ) ;
#4433 = ORIENTED_EDGE ( 'NONE', *, *, #3128, .T. ) ;
#4434 = ORIENTED_EDGE ( 'NONE', *, *, #5228, .T. ) ;
#4435 = CARTESIAN_POINT ( 'NONE',  ( 140.5900000000000034, 267.5900000000000318, 0.000000000000000000 ) ) ;
#4436 = ADVANCED_FACE ( 'NONE', ( #7151 ), #4426, .F. ) ;
#4437 = DIRECTION ( 'NONE',  ( 4.200324197239087429E-15, 1.000000000000000000, 0.000000000000000000 ) ) ;
#4438 = VECTOR ( 'NONE', #7179, 1000.000000000000000 ) ;
#4439 = VECTOR ( 'NONE', #8535, 1000.000000000000000 ) ;
#4440 = ORIENTED_EDGE ( 'NONE', *, *, #5479, .T. ) ;
#4441 = FACE_OUTER_BOUND ( 'NONE', #8281, .T. ) ;
#4442 = DIRECTION ( 'NONE',  ( 1.000000000000000000, 0.000000000000000000, 0.000000000000000000 ) ) ;
#4443 = ORIENTED_EDGE ( 'NONE', *, *, #2338, .T. ) ;
#4444 = VERTEX_POINT ( 'NONE', #7065 ) ;
#4445 = AXIS2_PLACEMENT_3D ( 'NONE', #6951, #1509, #6318 ) ;
#4446 = EDGE_CURVE ( 'NONE', #5265, #7124, #1663, .T. ) ;
#4447 = VECTOR ( 'NONE', #6896, 1000.000000000000000 ) ;
#4448 = ORIENTED_EDGE ( 'NONE', *, *, #160, .F. ) ;
#4449 = ORIENTED_EDGE ( 'NONE', *, *, #1294, .T. ) ;
#4450 = CARTESIAN_POINT ( 'NONE',  ( -13.58999999999560160, 419.9897093200684139, 0.000000000000000000 ) ) ;
#4451 = DIRECTION ( 'NONE',  ( 0.000000000000000000, 0.000000000000000000, 1.000000000000000000 ) ) ;
#4452 = VECTOR ( 'NONE', #3090, 1000.000000000000000 ) ;
#4453 = CARTESIAN_POINT ( 'NONE',  ( 304.8000000000000114, -86.14508208504039999, 0.000000000000000000 ) ) ;
#4454 = VECTOR ( 'NONE', #1926, 1000.000000000000000 ) ;
#4455 = LINE ( 'NONE', #8572, #6824 ) ;
#4456 = EDGE_CURVE ( 'NONE', #6000, #380, #3033, .T. ) ;
#4457 = ORIENTED_EDGE ( 'NONE', *, *, #3338, .F. ) ;
#4458 = ORIENTED_EDGE ( 'NONE', *, *, #3516, .F. ) ;
#4459 = PRODUCT_DEFINITION_SHAPE ( 'NONE', 'NONE',  #8940 ) ;
#4460 = VECTOR ( 'NONE', #6432, 1000.000000000000000 ) ;
#4461 = CARTESIAN_POINT ( 'NONE',  ( 152.4002906799316008, -4.665784838024103820, 11.81000000000000050 ) ) ;
#4462 = DIRECTION ( 'NONE',  ( 0.000000000000000000, -0.000000000000000000, -1.000000000000000000 ) ) ;
#4463 = DIRECTION ( 'NONE',  ( 0.000000000000000000, 1.000000000000000000, 0.000000000000000000 ) ) ;
#4464 = LINE ( 'NONE', #1024, #7450 ) ;
#4465 = ITEM_DEFINED_TRANSFORMATION ( 'NONE', 'NONE', #2590,  #3886 ) ;
#4466 = UNCERTAINTY_MEASURE_WITH_UNIT (LENGTH_MEASURE( 1.000000000000000082E-05 ), #2687, 'distance_accuracy_value', 'NONE');
#4467 = DIRECTION ( 'NONE',  ( 0.000000000000000000, 0.000000000000000000, 1.000000000000000000 ) ) ;
#4468 = ORIENTED_EDGE ( 'NONE', *, *, #264, .T. ) ;
#4469 = DIRECTION ( 'NONE',  ( 1.000000000000000000, 2.185478394931409786E-15, 0.000000000000000000 ) ) ;
#4470 = VERTEX_POINT ( 'NONE', #312 ) ;
#4471 = ORIENTED_EDGE ( 'NONE', *, *, #8560, .T. ) ;
#4472 = DIRECTION ( 'NONE',  ( 0.000000000000000000, -0.000000000000000000, 1.000000000000000000 ) ) ;
#4473 = CARTESIAN_POINT ( 'NONE',  ( -326.7190026065292159, -140.7078101317847825, 0.000000000000000000 ) ) ;
#4474 = DIRECTION ( 'NONE',  ( 1.706325926237332771E-16, -1.000000000000000000, 0.000000000000000000 ) ) ;
#4475 = DIRECTION ( 'NONE',  ( 5.551115123125781470E-17, 1.000000000000000000, 3.557970109941299370E-18 ) ) ;
#4476 = AXIS2_PLACEMENT_3D ( 'NONE', #5386, #3348, #6793 ) ;
#4477 = LINE ( 'NONE', #362, #520 ) ;
#4478 = ORIENTED_EDGE ( 'NONE', *, *, #3914, .T. ) ;
#4479 = EDGE_LOOP ( 'NONE', ( #8274, #5570, #2817, #8151 ) ) ;
#4480 = CARTESIAN_POINT ( 'NONE',  ( 152.4002906799316008, 71.53421516197586527, 0.000000000000000000 ) ) ;
#4481 = DIRECTION ( 'NONE',  ( 0.000000000000000000, -1.000000000000000000, 0.000000000000000000 ) ) ;
#4482 = SURFACE_STYLE_FILL_AREA ( #4527 ) ;
#4483 = EDGE_CURVE ( 'NONE', #3770, #1027, #174, .T. ) ;
#4484 = ORIENTED_EDGE ( 'NONE', *, *, #792, .F. ) ;
#4485 = FACE_OUTER_BOUND ( 'NONE', #2682, .T. ) ;
#4486 = CARTESIAN_POINT ( 'NONE',  ( 33.86666666666673819, 292.9900000000000091, 0.000000000000000000 ) ) ;
#4487 = ADVANCED_FACE ( 'NONE', ( #8590 ), #2385, .T. ) ;
#4488 = VERTEX_POINT ( 'NONE', #4344 ) ;
#4489 = ORIENTED_EDGE ( 'NONE', *, *, #2576, .F. ) ;
#4490 = ORIENTED_EDGE ( 'NONE', *, *, #1899, .F. ) ;
#4491 = CARTESIAN_POINT ( 'NONE',  ( 127.0000000000001137, 292.9900000000000091, 11.81000000000000050 ) ) ;
#4492 = CARTESIAN_POINT ( 'NONE',  ( -457.1999999999999886, 33.43421516197582832, 0.000000000000000000 ) ) ;
#4493 = EDGE_CURVE ( 'NONE', #2908, #7106, #217, .T. ) ;
#4494 = DIRECTION ( 'NONE',  ( -1.000000000000000000, -0.000000000000000000, -0.000000000000000000 ) ) ;
#4495 = ORIENTED_EDGE ( 'NONE', *, *, #6995, .T. ) ;
#4496 = ORIENTED_EDGE ( 'NONE', *, *, #3723, .T. ) ;
#4497 = EDGE_LOOP ( 'NONE', ( #3610, #6760, #7184, #1581 ) ) ;
#4498 = CARTESIAN_POINT ( 'NONE',  ( -346.6871619467640357, 0.000000000000000000, -616.1005700363344886 ) ) ;
#4499 = VECTOR ( 'NONE', #1732, 1000.000000000000000 ) ;
#4500 = CARTESIAN_POINT ( 'NONE',  ( -340.3090026065290772, -152.5178101317848132, 0.000000000000000000 ) ) ;
#4501 = EDGE_CURVE ( 'NONE', #126, #7465, #7910, .T. ) ;
#4502 = LINE ( 'NONE', #470, #6763 ) ;
#4503 = CARTESIAN_POINT ( 'NONE',  ( -13.58999999999560160, 419.9897093200684139, 11.81000000000000050 ) ) ;
#4504 = DIRECTION ( 'NONE',  ( -1.000000000000000000, 1.894642264054528850E-16, 0.000000000000000000 ) ) ;
#4505 = CONTEXT_DEPENDENT_SHAPE_REPRESENTATION ( #2661, #2356 ) ;
#4506 = PRESENTATION_LAYER_ASSIGNMENT (  '', '', ( #2771 ) ) ;
#4507 = CARTESIAN_POINT ( 'NONE',  ( 304.8000000000000114, 6.988251248292928430, 0.000000000000000000 ) ) ;
#4508 = ORIENTED_EDGE ( 'NONE', *, *, #6559, .F. ) ;
#4509 = DIRECTION ( 'NONE',  ( 1.000000000000000000, -9.106159978880874930E-17, 0.000000000000000000 ) ) ;
#4510 = VERTEX_POINT ( 'NONE', #2345 ) ;
#4511 = AXIS2_PLACEMENT_3D ( 'NONE', #427, #8667, #6004 ) ;
#4512 = ORIENTED_EDGE ( 'NONE', *, *, #5259, .T. ) ;
#4513 = PLANE ( 'NONE',  #8223 ) ;
#4514 = EDGE_CURVE ( 'NONE', #8416, #37, #904, .T. ) ;
#4515 = CARTESIAN_POINT ( 'NONE',  ( -47.31900260652910362, -8.584476798451436963, 0.000000000000000000 ) ) ;
#4516 = DIRECTION ( 'NONE',  ( -0.000000000000000000, -0.000000000000000000, 1.000000000000000000 ) ) ;
#4517 = ORIENTED_EDGE ( 'NONE', *, *, #3769, .T. ) ;
#4518 = DIRECTION ( 'NONE',  ( 0.000000000000000000, 0.000000000000000000, -1.000000000000000000 ) ) ;
#4519 = CARTESIAN_POINT ( 'NONE',  ( -140.5900000000000603, 1.922162145715840851E-15, 111.5450820850404767 ) ) ;
#4520 =( REPRESENTATION_RELATIONSHIP ('NONE','NONE', #853, #2935 ) REPRESENTATION_RELATIONSHIP_WITH_TRANSFORMATION ( #5107 )SHAPE_REPRESENTATION_RELATIONSHIP( ) );
#4521 = PLANE ( 'NONE',  #7893 ) ;
#4522 = VERTEX_POINT ( 'NONE', #5077 ) ;
#4523 = EDGE_CURVE ( 'NONE', #8689, #6142, #3710, .T. ) ;
#4524 = ORIENTED_EDGE ( 'NONE', *, *, #2211, .F. ) ;
#4525 = SURFACE_SIDE_STYLE ('',( #5126 ) ) ;
#4526 = CARTESIAN_POINT ( 'NONE',  ( -304.8000000000000114, -111.5450820850404625, 11.81000000000000050 ) ) ;
#4527 = FILL_AREA_STYLE ('',( #2447 ) ) ;
#4528 = ORIENTED_EDGE ( 'NONE', *, *, #4803, .F. ) ;
#4529 = CARTESIAN_POINT ( 'NONE',  ( -13.58999999999560160, 139.6997093200683935, 0.000000000000000000 ) ) ;
#4530 = FACE_OUTER_BOUND ( 'NONE', #3159, .T. ) ;
#4531 = ORIENTED_EDGE ( 'NONE', *, *, #7997, .F. ) ;
#4532 = VERTEX_POINT ( 'NONE', #8461 ) ;
#4533 = EDGE_LOOP ( 'NONE', ( #6874, #2949, #7781, #3974 ) ) ;
#4534 = EDGE_CURVE ( 'NONE', #8922, #6894, #6477, .T. ) ;
#4535 = VECTOR ( 'NONE', #7711, 1000.000000000000000 ) ;
#4536 = LINE ( 'NONE', #1768, #5469 ) ;
#4537 = CARTESIAN_POINT ( 'NONE',  ( -267.5900000000000318, -111.5450820850404625, 11.81000000000000050 ) ) ;
#4538 = DIRECTION ( 'NONE',  ( 1.000000000000000000, 2.185478394931409786E-15, 0.000000000000000000 ) ) ;
#4539 = CARTESIAN_POINT ( 'NONE',  ( 292.9900000000000659, -86.14508208504041420, 0.000000000000000000 ) ) ;
#4540 = VECTOR ( 'NONE', #330, 1000.000000000000000 ) ;
#4541 = ORIENTED_EDGE ( 'NONE', *, *, #377, .F. ) ;
#4542 = LINE ( 'NONE', #2414, #1624 ) ;
#4543 = ORIENTED_EDGE ( 'NONE', *, *, #5773, .T. ) ;
#4544 = CARTESIAN_POINT ( 'NONE',  ( -352.1190026065291363, -140.7078101317848393, 11.81000000000000050 ) ) ;
#4545 = EDGE_CURVE ( 'NONE', #333, #1988, #7737, .T. ) ;
#4546 = DIRECTION ( 'NONE',  ( 1.000000000000000000, 0.000000000000000000, -4.370956789862815627E-15 ) ) ;
#4547 = VECTOR ( 'NONE', #2752, 1000.000000000000000 ) ;
#4548 = CARTESIAN_POINT ( 'NONE',  ( 127.0000000000001137, 292.9900000000000091, 0.000000000000000000 ) ) ;
#4549 = EDGE_CURVE ( 'NONE', #559, #1208, #1583, .T. ) ;
#4550 = DIRECTION ( 'NONE',  ( 1.000000000000000000, 0.000000000000000000, 0.000000000000000000 ) ) ;
#4551 = PLANE ( 'NONE',  #4125 ) ;
#4552 = UNCERTAINTY_MEASURE_WITH_UNIT (LENGTH_MEASURE( 1.000000000000000082E-05 ), #2295, 'distance_accuracy_value', 'NONE');
#4553 = CARTESIAN_POINT ( 'NONE',  ( 0.000000000000000000, 11.81000000000000050, 0.000000000000000000 ) ) ;
#4554 = AXIS2_PLACEMENT_3D ( 'NONE', #5958, #3142, #3188 ) ;
#4555 = ORIENTED_EDGE ( 'NONE', *, *, #6600, .F. ) ;
#4556 = CARTESIAN_POINT ( 'NONE',  ( -140.5900000000000034, 292.9900000000000091, 0.000000000000000000 ) ) ;
#4557 = EDGE_CURVE ( 'NONE', #1429, #5672, #5759, .T. ) ;
#4558 = ORIENTED_EDGE ( 'NONE', *, *, #5432, .T. ) ;
#4559 = CARTESIAN_POINT ( 'NONE',  ( -352.1190026065291363, 50.68218986821522520, 11.81000000000000050 ) ) ;
#4560 = DIRECTION ( 'NONE',  ( -1.000000000000000000, 9.106159978880874930E-17, 0.000000000000000000 ) ) ;
#4561 = PLANE ( 'NONE',  #6783 ) ;
#4562 = ORIENTED_EDGE ( 'NONE', *, *, #5944, .T. ) ;
#4563 = PLANE ( 'NONE',  #7725 ) ;
#4564 = VECTOR ( 'NONE', #6313, 1000.000000000000000 ) ;
#4565 = CARTESIAN_POINT ( 'NONE',  ( 152.4000000000000341, 1.922131990134040852E-15, 111.5450820850404909 ) ) ;
#4566 = FACE_OUTER_BOUND ( 'NONE', #7544, .T. ) ;
#4567 = ADVANCED_FACE ( 'NONE', ( #7237 ), #1033, .F. ) ;
#4568 = AXIS2_PLACEMENT_3D ( 'NONE', #5034, #8466, #4984 ) ;
#4569 = ORIENTED_EDGE ( 'NONE', *, *, #8197, .F. ) ;
#4570 = ORIENTED_EDGE ( 'NONE', *, *, #6614, .F. ) ;
#4571 = CARTESIAN_POINT ( 'NONE',  ( -547.8386812835921091, -152.3278101317850712, 11.81000000000000050 ) ) ;
#4572 = CARTESIAN_POINT ( 'NONE',  ( 304.8000000000000114, 32.38825124829293145, 11.81000000000000050 ) ) ;
#4573 =( NAMED_UNIT ( * ) SI_UNIT ( $, .STERADIAN. ) SOLID_ANGLE_UNIT ( ) );
#4574 = VECTOR ( 'NONE', #717, 1000.000000000000000 ) ;
#4575 = EDGE_CURVE ( 'NONE', #327, #2571, #8636, .T. ) ;
#4576 = ORIENTED_EDGE ( 'NONE', *, *, #7662, .F. ) ;
#4577 = PLANE ( 'NONE',  #1758 ) ;
#4578 = DIRECTION ( 'NONE',  ( 1.000000000000000000, 2.185478394931409786E-15, 0.000000000000000000 ) ) ;
#4579 = ORIENTED_EDGE ( 'NONE', *, *, #1770, .T. ) ;
#4580 = ORIENTED_EDGE ( 'NONE', *, *, #8096, .T. ) ;
#4581 = VERTEX_POINT ( 'NONE', #440 ) ;
#4582 = VECTOR ( 'NONE', #6605, 1000.000000000000000 ) ;
#4584 = AXIS2_PLACEMENT_3D ( 'NONE', #8569, #1814, #6091 ) ;
#4583 = DIRECTION ( 'NONE',  ( 0.000000000000000000, 0.000000000000000000, -1.000000000000000000 ) ) ;
#4585 = CARTESIAN_POINT ( 'NONE',  ( -394.5486812835925434, -50.72781013178523324, 0.000000000000000000 ) ) ;
#4586 = CARTESIAN_POINT ( 'NONE',  ( 4.400558720224445655E-12, -140.5902906799316838, 11.81000000000000050 ) ) ;
#4587 = CARTESIAN_POINT ( 'NONE',  ( -152.3999999999999773, -267.5900000000000318, 0.000000000000000000 ) ) ;
#4588 = VECTOR ( 'NONE', #104, 1000.000000000000000 ) ;
#4589 = EDGE_CURVE ( 'NONE', #3173, #8481, #3248, .T. ) ;
#4590 = VECTOR ( 'NONE', #5943, 1000.000000000000000 ) ;
#4591 = ORIENTED_EDGE ( 'NONE', *, *, #8304, .T. ) ;
#4592 = ORIENTED_EDGE ( 'NONE', *, *, #841, .F. ) ;
#4593 = ORIENTED_EDGE ( 'NONE', *, *, #5194, .T. ) ;
#4594 = LINE ( 'NONE', #8169, #3461 ) ;
#4595 = VECTOR ( 'NONE', #4481, 1000.000000000000000 ) ;
#4596 = VECTOR ( 'NONE', #7190, 1000.000000000000000 ) ;
#4597 = DIRECTION ( 'NONE',  ( 1.000000000000000000, 0.000000000000000000, 0.000000000000000000 ) ) ;
#4598 = FACE_OUTER_BOUND ( 'NONE', #672, .T. ) ;
#4599 = ADVANCED_BREP_SHAPE_REPRESENTATION ( '', ( #6381, #3886 ), #271 ) ;
#4600 = EDGE_CURVE ( 'NONE', #999, #4824, #7998, .T. ) ;
#4601 = VECTOR ( 'NONE', #7659, 1000.000000000000000 ) ;
#4602 = DIRECTION ( 'NONE',  ( 0.000000000000000000, -0.000000000000000000, 1.000000000000000000 ) ) ;
#4603 = VECTOR ( 'NONE', #1567, 1000.000000000000000 ) ;
#4604 = ORIENTED_EDGE ( 'NONE', *, *, #5250, .T. ) ;
#4605 = ADVANCED_FACE ( 'NONE', ( #7278 ), #2431, .F. ) ;
#4606 = DIRECTION ( 'NONE',  ( -1.000000000000000000, 0.000000000000000000, 0.000000000000000000 ) ) ;
#4607 = EDGE_LOOP ( 'NONE', ( #3663, #8050, #6199, #4381 ) ) ;
#4608 = LINE ( 'NONE', #8134, #4454 ) ;
#4609 = CARTESIAN_POINT ( 'NONE',  ( 59.26666666666674388, -304.8000000000000114, 0.000000000000000000 ) ) ;
#4610 = DIRECTION ( 'NONE',  ( -1.000000000000000000, -1.706325926237332771E-16, 0.000000000000000000 ) ) ;
#4611 = ORIENTED_EDGE ( 'NONE', *, *, #7015, .F. ) ;
#4612 = PRESENTATION_LAYER_ASSIGNMENT (  '', '', ( #3751 ) ) ;
#4613 = CARTESIAN_POINT ( 'NONE',  ( -59.26666666666662309, -292.9900000000000091, 11.81000000000000050 ) ) ;
#4614 = CARTESIAN_POINT ( 'NONE',  ( 196.4857419446655911, 612.4973072867314841, 889.1587449375386996 ) ) ;
#4615 = EDGE_CURVE ( 'NONE', #8119, #7447, #5210, .T. ) ;
#4616 = CARTESIAN_POINT ( 'NONE',  ( -687.5386812835920409, -50.72781013178524034, 11.81000000000000050 ) ) ;
#4617 = STYLED_ITEM ( 'NONE', ( #7384 ), #7104 ) ;
#4618 = VERTEX_POINT ( 'NONE', #8763 ) ;
#4619 = ORIENTED_EDGE ( 'NONE', *, *, #5554, .F. ) ;
#4620 = CARTESIAN_POINT ( 'NONE',  ( -25.39999999999560387, 139.6997093200683935, 11.81000000000000050 ) ) ;
#4621 = DIRECTION ( 'NONE',  ( 0.000000000000000000, 0.000000000000000000, 1.000000000000000000 ) ) ;
#4622 = ADVANCED_FACE ( 'NONE', ( #3926 ), #7957, .F. ) ;
#4623 = AXIS2_PLACEMENT_3D ( 'NONE', #1078, #3841, #402 ) ;
#4624 = ORIENTED_EDGE ( 'NONE', *, *, #8396, .T. ) ;
#4625 = CARTESIAN_POINT ( 'NONE',  ( 254.0000000000042348, -152.4002906799316861, 0.000000000000000000 ) ) ;
#4626 = CARTESIAN_POINT ( 'NONE',  ( 292.9900000000000091, 66.25491791495960570, 0.000000000000000000 ) ) ;
#4627 = ORIENTED_EDGE ( 'NONE', *, *, #5158, .T. ) ;
#4628 = ORIENTED_EDGE ( 'NONE', *, *, #5349, .F. ) ;
#4629 = VERTEX_POINT ( 'NONE', #1166 ) ;
#4630 = CARTESIAN_POINT ( 'NONE',  ( -25.39999999999560032, -152.4002906799316861, 0.000000000000000000 ) ) ;
#4631 = DIRECTION ( 'NONE',  ( -1.000000000000000000, 0.000000000000000000, 0.000000000000000000 ) ) ;
#4632 = FACE_OUTER_BOUND ( 'NONE', #3234, .T. ) ;
#4633 = EDGE_CURVE ( 'NONE', #1884, #2009, #1839, .T. ) ;
#4634 = CARTESIAN_POINT ( 'NONE',  ( -394.5486812835924297, -152.3278101317851281, 0.000000000000000000 ) ) ;
#4635 = ORIENTED_EDGE ( 'NONE', *, *, #4931, .T. ) ;
#4636 = EDGE_LOOP ( 'NONE', ( #6556, #2142, #3329, #4351 ) ) ;
#4637 = LINE ( 'NONE', #511, #459 ) ;
#4638 = ORIENTED_EDGE ( 'NONE', *, *, #908, .T. ) ;
#4639 = DIRECTION ( 'NONE',  ( -0.000000000000000000, -1.000000000000000000, -0.000000000000000000 ) ) ;
#4640 = CARTESIAN_POINT ( 'NONE',  ( -457.1999999999999886, -4.665784838024156223, 11.81000000000000050 ) ) ;
#4641 = CARTESIAN_POINT ( 'NONE',  ( -662.1386812835920637, -140.5178101317850974, 0.000000000000000000 ) ) ;
#4642 = LINE ( 'NONE', #5464, #5423 ) ;
#4643 = ITEM_DEFINED_TRANSFORMATION ( 'NONE', 'NONE', #4920,  #3886 ) ;
#4644 = UNCERTAINTY_MEASURE_WITH_UNIT (LENGTH_MEASURE( 1.000000000000000082E-05 ), #1136, 'distance_accuracy_value', 'NONE');
#4645 = PLANE ( 'NONE',  #4369 ) ;
#4646 = ORIENTED_EDGE ( 'NONE', *, *, #6282, .F. ) ;
#4647 = CARTESIAN_POINT ( 'NONE',  ( -687.5386812835920409, -126.9278101317851366, 0.000000000000000000 ) ) ;
#4648 = EDGE_LOOP ( 'NONE', ( #6360, #6672, #5180, #3315 ) ) ;
#4649 = EDGE_CURVE ( 'NONE', #4294, #2593, #3836, .T. ) ;
#4650 = CARTESIAN_POINT ( 'NONE',  ( -394.5486812835923160, -126.9278101317851082, 0.000000000000000000 ) ) ;
#4651 = CARTESIAN_POINT ( 'NONE',  ( -165.0998546600341967, -4.665784838024212178, 0.000000000000000000 ) ) ;
#4652 = COLOUR_RGB ( '',1.000000000000000000, 1.000000000000000000, 1.000000000000000000 ) ;
#4653 = DIRECTION ( 'NONE',  ( -2.185478394931409786E-15, 1.000000000000000000, 0.000000000000000000 ) ) ;
#4654 = ORIENTED_EDGE ( 'NONE', *, *, #4575, .F. ) ;
#4655 = CARTESIAN_POINT ( 'NONE',  ( -80.73000000000001819, -111.5450820850404767, 0.000000000000000000 ) ) ;
#4656 = APPLICATION_PROTOCOL_DEFINITION ( 'draft international standard', 'automotive_design', 1998, #2042 ) ;
#4657 = PLANE ( 'NONE',  #2536 ) ;
#4658 = VECTOR ( 'NONE', #8884, 1000.000000000000000 ) ;
#4659 = ORIENTED_EDGE ( 'NONE', *, *, #4545, .F. ) ;
#4660 = VERTEX_POINT ( 'NONE', #6609 ) ;
#4661 = EDGE_CURVE ( 'NONE', #3792, #7604, #5335, .T. ) ;
#4662 = CARTESIAN_POINT ( 'NONE',  ( -140.4523359398625075, -152.5178101317848700, 0.000000000000000000 ) ) ;
#4663 = CARTESIAN_POINT ( 'NONE',  ( -59.12900260652914852, -152.5178101317847847, 0.000000000000000000 ) ) ;
#4664 = EDGE_CURVE ( 'NONE', #7086, #3599, #3164, .T. ) ;
#4665 = LINE ( 'NONE', #4710, #55 ) ;
#4666 = VERTEX_POINT ( 'NONE', #1120 ) ;
#4667 = LINE ( 'NONE', #256, #317 ) ;
#4668 = DIRECTION ( 'NONE',  ( 1.000000000000000000, 0.000000000000000000, 0.000000000000000000 ) ) ;
#4669 = ORIENTED_EDGE ( 'NONE', *, *, #3450, .T. ) ;
#4670 = ORIENTED_EDGE ( 'NONE', *, *, #4020, .F. ) ;
#4671 = ORIENTED_EDGE ( 'NONE', *, *, #7803, .F. ) ;
#4672 = DIRECTION ( 'NONE',  ( -0.000000000000000000, -0.000000000000000000, 1.000000000000000000 ) ) ;
#4673 = EDGE_CURVE ( 'NONE', #3542, #5959, #1209, .T. ) ;
#4674 = CARTESIAN_POINT ( 'NONE',  ( -13.58999999999560160, 139.6997093200683935, 0.000000000000000000 ) ) ;
#4675 = DIRECTION ( 'NONE',  ( 0.000000000000000000, 1.000000000000000000, 0.000000000000000000 ) ) ;
#4676 = PLANE ( 'NONE',  #1383 ) ;
#4677 = DIRECTION ( 'NONE',  ( 1.000000000000000000, 0.000000000000000000, 0.000000000000000000 ) ) ;
#4678 = DIRECTION ( 'NONE',  ( -1.000000000000000000, -1.092739197465705287E-15, 0.000000000000000000 ) ) ;
#4679 = ORIENTED_EDGE ( 'NONE', *, *, #5443, .T. ) ;
#4680 = AXIS2_PLACEMENT_3D ( 'NONE', #1900, #3941, #2069 ) ;
#4681 = ORIENTED_EDGE ( 'NONE', *, *, #7978, .T. ) ;
#4682 = EDGE_CURVE ( 'NONE', #7081, #3373, #5248, .T. ) ;
#4683 = ORIENTED_EDGE ( 'NONE', *, *, #2406, .F. ) ;
#4684 = FACE_OUTER_BOUND ( 'NONE', #3548, .T. ) ;
#4685 = CARTESIAN_POINT ( 'NONE',  ( -457.1999999999999886, 71.53421516197580843, 0.000000000000000000 ) ) ;
#4686 = CARTESIAN_POINT ( 'NONE',  ( -687.5386812835920409, -50.72781013178524034, 11.81000000000000050 ) ) ;
#4687 = FILL_AREA_STYLE ('',( #661 ) ) ;
#4688 = DIRECTION ( 'NONE',  ( -1.000000000000000000, -4.553079989440437711E-16, 0.000000000000000000 ) ) ;
#4689 = ITEM_DEFINED_TRANSFORMATION ( 'NONE', 'NONE', #140,  #3886 ) ;
#4690 = VECTOR ( 'NONE', #5519, 1000.000000000000000 ) ;
#4691 = ADVANCED_FACE ( 'NONE', ( #1886 ), #5290, .T. ) ;
#4692 = CARTESIAN_POINT ( 'NONE',  ( -352.1190026065291363, -93.25114346511814745, 11.81000000000000050 ) ) ;
#4693 = VERTEX_POINT ( 'NONE', #1258 ) ;
#4694 = FACE_OUTER_BOUND ( 'NONE', #5143, .T. ) ;
#4695 = VECTOR ( 'NONE', #3816, 1000.000000000000000 ) ;
#4696 = ORIENTED_EDGE ( 'NONE', *, *, #6604, .T. ) ;
#4697 = CARTESIAN_POINT ( 'NONE',  ( -140.4523359398625075, -152.5178101317848700, 0.000000000000000000 ) ) ;
#4698 = CARTESIAN_POINT ( 'NONE',  ( 80.73000000000001819, -99.73508208504050288, 0.000000000000000000 ) ) ;
#4699 = DIRECTION ( 'NONE',  ( 0.000000000000000000, 1.000000000000000000, 0.000000000000000000 ) ) ;
#4700 = VERTEX_POINT ( 'NONE', #3883 ) ;
#4701 = CARTESIAN_POINT ( 'NONE',  ( -292.9900000000000091, -99.73508208504048866, 0.000000000000000000 ) ) ;
#4702 = DIRECTION ( 'NONE',  ( 5.551115123125782702E-17, 1.734723475976807094E-18, 1.000000000000000000 ) ) ;
#4703 = AXIS2_PLACEMENT_3D ( 'NONE', #5339, #6612, #6697 ) ;
#4704 = EDGE_CURVE ( 'NONE', #6938, #6416, #6739, .T. ) ;
#4705 = LINE ( 'NONE', #6746, #674 ) ;
#4706 = EDGE_LOOP ( 'NONE', ( #2451, #6817, #3124, #6108 ) ) ;
#4707 = VERTEX_POINT ( 'NONE', #6070 ) ;
#4708 = VECTOR ( 'NONE', #6047, 1000.000000000000000 ) ;
#4709 = DIRECTION ( 'NONE',  ( 0.000000000000000000, 1.000000000000000000, 0.000000000000000000 ) ) ;
#4710 = CARTESIAN_POINT ( 'NONE',  ( -152.3999999999999773, 304.8000000000000114, 11.81000000000000050 ) ) ;
#4711 = ADVANCED_FACE ( 'NONE', ( #8040 ), #4021, .F. ) ;
#4712 = EDGE_LOOP ( 'NONE', ( #3470, #5852, #286, #1243 ) ) ;
#4713 = FACE_OUTER_BOUND ( 'NONE', #4000, .T. ) ;
#4714 = CARTESIAN_POINT ( 'NONE',  ( 279.4000000000043542, -115.1902906799316355, 0.000000000000000000 ) ) ;
#4715 = VECTOR ( 'NONE', #5305, 1000.000000000000000 ) ;
#4716 = EDGE_LOOP ( 'NONE', ( #1326, #8456, #8546, #6840 ) ) ;
#4717 = ORIENTED_EDGE ( 'NONE', *, *, #855, .F. ) ;
#4718 = ORIENTED_EDGE ( 'NONE', *, *, #3833, .T. ) ;
#4719 = EDGE_CURVE ( 'NONE', #6363, #1290, #8135, .T. ) ;
#4720 = ORIENTED_EDGE ( 'NONE', *, *, #5394, .T. ) ;
#4721 = DIRECTION ( 'NONE',  ( 1.000000000000000000, 0.000000000000000000, 0.000000000000000000 ) ) ;
#4722 = DIRECTION ( 'NONE',  ( -0.000000000000000000, 0.000000000000000000, -1.000000000000000000 ) ) ;
#4723 = VECTOR ( 'NONE', #45, 1000.000000000000000 ) ;
#4724 = CARTESIAN_POINT ( 'NONE',  ( -687.5386812835920409, -126.9278101317851366, 11.81000000000000050 ) ) ;
#4725 = ADVANCED_FACE ( 'NONE', ( #8365 ), #8237, .F. ) ;
#4726 = CARTESIAN_POINT ( 'NONE',  ( -382.7386812835923138, -88.82781013178517071, 0.000000000000000000 ) ) ;
#4727 = CARTESIAN_POINT ( 'NONE',  ( -340.3090026065290772, -93.25114346511814745, 0.000000000000000000 ) ) ;
#4728 = EDGE_CURVE ( 'NONE', #3225, #1279, #6832, .T. ) ;
#4729 = ORIENTED_EDGE ( 'NONE', *, *, #8858, .F. ) ;
#4730 = CARTESIAN_POINT ( 'NONE',  ( -25.39999999999560032, -152.4002906799316861, 11.81000000000000050 ) ) ;
#4731 = VECTOR ( 'NONE', #6920, 1000.000000000000000 ) ;
#4732 = EDGE_LOOP ( 'NONE', ( #7250, #5769, #5495, #5702 ) ) ;
#4733 = ORIENTED_EDGE ( 'NONE', *, *, #1588, .F. ) ;
#4734 = CARTESIAN_POINT ( 'NONE',  ( 279.4000000000042974, 457.1997093200683935, 11.81000000000000050 ) ) ;
#4735 = CARTESIAN_POINT ( 'NONE',  ( -233.5856692731958617, -152.5178101317848416, 11.81000000000000050 ) ) ;
#4736 = DIRECTION ( 'NONE',  ( -1.000000000000000000, -1.706325926237332771E-16, 0.000000000000000000 ) ) ;
#4737 =( NAMED_UNIT ( * ) SI_UNIT ( $, .STERADIAN. ) SOLID_ANGLE_UNIT ( ) );
#4738 = AXIS2_PLACEMENT_3D ( 'NONE', #2322, #153, #3646 ) ;
#4739 = DIRECTION ( 'NONE',  ( -1.000000000000000000, 1.092739197465705287E-15, 0.000000000000000000 ) ) ;
#4740 = VECTOR ( 'NONE', #2020, 1000.000000000000000 ) ;
#4741 = UNCERTAINTY_MEASURE_WITH_UNIT (LENGTH_MEASURE( 1.000000000000000082E-05 ), #866, 'distance_accuracy_value', 'NONE');
#4742 = EDGE_CURVE ( 'NONE', #2543, #7062, #70, .T. ) ;
#4743 = LINE ( 'NONE', #5516, #7262 ) ;
#4744 = ORIENTED_EDGE ( 'NONE', *, *, #7159, .T. ) ;
#4745 = VECTOR ( 'NONE', #420, 1000.000000000000000 ) ;
#4746 = DIRECTION ( 'NONE',  ( -1.000000000000000000, -0.000000000000000000, -0.000000000000000000 ) ) ;
#4747 = VECTOR ( 'NONE', #6397, 1000.000000000000000 ) ;
#4748 = ORIENTED_EDGE ( 'NONE', *, *, #6468, .T. ) ;
#4749 = CARTESIAN_POINT ( 'NONE',  ( -47.31900260652910362, -33.98447679845144620, 0.000000000000000000 ) ) ;
#4750 = DIRECTION ( 'NONE',  ( 0.000000000000000000, 0.000000000000000000, 1.000000000000000000 ) ) ;
#4751 = DIRECTION ( 'NONE',  ( -0.000000000000000000, 0.000000000000000000, 1.000000000000000000 ) ) ;
#4752 = ORIENTED_EDGE ( 'NONE', *, *, #5802, .F. ) ;
#4753 = LINE ( 'NONE', #8856, #5868 ) ;
#4754 = DIRECTION ( 'NONE',  ( -6.839255870354803239E-17, 1.000000000000000000, -1.035852183908476990E-16 ) ) ;
#4755 = EDGE_CURVE ( 'NONE', #5704, #8860, #3388, .T. ) ;
#4756 = VECTOR ( 'NONE', #1498, 1000.000000000000000 ) ;
#4757 = AXIS2_PLACEMENT_3D ( 'NONE', #5800, #1116, #943 ) ;
#4758 = PLANE ( 'NONE',  #8190 ) ;
#4759 = ORIENTED_EDGE ( 'NONE', *, *, #4523, .T. ) ;
#4760 = VECTOR ( 'NONE', #4699, 1000.000000000000000 ) ;
#4761 = VERTEX_POINT ( 'NONE', #2070 ) ;
#4762 = CARTESIAN_POINT ( 'NONE',  ( 304.8000000000000114, -52.27841541837373995, 0.000000000000000000 ) ) ;
#4763 = DIRECTION ( 'NONE',  ( 0.000000000000000000, -1.000000000000000000, 0.000000000000000000 ) ) ;
#4764 = VECTOR ( 'NONE', #3747, 1000.000000000000000 ) ;
#4765 = ORIENTED_EDGE ( 'NONE', *, *, #6188, .F. ) ;
#4766 = CARTESIAN_POINT ( 'NONE',  ( 114.3000000000043030, -140.5902906799316554, 0.000000000000000000 ) ) ;
#4767 = DIRECTION ( 'NONE',  ( 0.000000000000000000, -1.000000000000000000, 0.000000000000000000 ) ) ;
#4768 = ORIENTED_EDGE ( 'NONE', *, *, #6614, .T. ) ;
#4769 = ORIENTED_EDGE ( 'NONE', *, *, #2452, .F. ) ;
#4770 = ORIENTED_EDGE ( 'NONE', *, *, #1323, .F. ) ;
#4771 = ORIENTED_EDGE ( 'NONE', *, *, #3460, .T. ) ;
#4772 = CARTESIAN_POINT ( 'NONE',  ( -675.7286812835919818, -114.2278101317851906, 0.000000000000000000 ) ) ;
#4773 = LINE ( 'NONE', #1954, #3591 ) ;
#4774 = EDGE_CURVE ( 'NONE', #66, #4403, #622, .T. ) ;
#4775 = DIRECTION ( 'NONE',  ( -1.000000000000000000, 0.000000000000000000, 0.000000000000000000 ) ) ;
#4776 = EDGE_CURVE ( 'NONE', #3984, #6072, #2833, .T. ) ;
#4777 = DIRECTION ( 'NONE',  ( 0.000000000000000000, 0.000000000000000000, 1.000000000000000000 ) ) ;
#4778 = DIRECTION ( 'NONE',  ( -0.000000000000000000, -0.000000000000000000, 1.000000000000000000 ) ) ;
#4779 = ORIENTED_EDGE ( 'NONE', *, *, #3851, .F. ) ;
#4780 = PRESENTATION_LAYER_ASSIGNMENT (  '', '', ( #5647 ) ) ;
#4781 = ORIENTED_EDGE ( 'NONE', *, *, #1003, .T. ) ;
#4782 = ORIENTED_EDGE ( 'NONE', *, *, #1700, .T. ) ;
#4783 = LINE ( 'NONE', #1339, #1414 ) ;
#4784 = EDGE_CURVE ( 'NONE', #4308, #5581, #4837, .T. ) ;
#4785 = LINE ( 'NONE', #2685, #6999 ) ;
#4786 = LINE ( 'NONE', #1341, #3579 ) ;
#4787 =( NAMED_UNIT ( * ) PLANE_ANGLE_UNIT ( ) SI_UNIT ( $, .RADIAN. ) );
#4788 = LINE ( 'NONE', #6821, #2967 ) ;
#4789 = EDGE_CURVE ( 'NONE', #6262, #3546, #579, .T. ) ;
#4790 = DIRECTION ( 'NONE',  ( -0.000000000000000000, 1.000000000000000000, -0.000000000000000000 ) ) ;
#4791 = VERTEX_POINT ( 'NONE', #5562 ) ;
#4792 = CARTESIAN_POINT ( 'NONE',  ( -445.3899999999999864, 58.83421516197583401, 0.000000000000000000 ) ) ;
#4793 = DIRECTION ( 'NONE',  ( 0.000000000000000000, -0.000000000000000000, -1.000000000000000000 ) ) ;
#4794 = PRODUCT_RELATED_PRODUCT_CATEGORY ( 'part', '', ( #2283 ) ) ;
#4795 = VERTEX_POINT ( 'NONE', #3483 ) ;
#4796 = CARTESIAN_POINT ( 'NONE',  ( -340.3090026065291340, 50.68218986821521099, 11.81000000000000050 ) ) ;
#4797 = CARTESIAN_POINT ( 'NONE',  ( -445.3899999999999864, 58.83421516197583401, 0.000000000000000000 ) ) ;
#4798 = LINE ( 'NONE', #2699, #5920 ) ;
#4799 = ORIENTED_EDGE ( 'NONE', *, *, #5272, .T. ) ;
#4800 = DIRECTION ( 'NONE',  ( 0.000000000000000000, 0.000000000000000000, 1.000000000000000000 ) ) ;
#4801 = LINE ( 'NONE', #5431, #5885 ) ;
#4802 = VERTEX_POINT ( 'NONE', #1352 ) ;
#4803 = EDGE_CURVE ( 'NONE', #8781, #2632, #4112, .T. ) ;
#4804 = ORIENTED_EDGE ( 'NONE', *, *, #7107, .F. ) ;
#4805 = DIRECTION ( 'NONE',  ( -0.000000000000000000, -0.000000000000000000, 1.000000000000000000 ) ) ;
#4806 = LINE ( 'NONE', #633, #2138 ) ;
#4807 =( NAMED_UNIT ( * ) PLANE_ANGLE_UNIT ( ) SI_UNIT ( $, .RADIAN. ) );
#4808 = STYLED_ITEM ( 'NONE', ( #7082 ), #281 ) ;
#4809 = EDGE_LOOP ( 'NONE', ( #6116, #5757, #2100, #1151 ) ) ;
#4810 = CARTESIAN_POINT ( 'NONE',  ( -59.12900260652914852, -152.5178101317847847, 0.000000000000000000 ) ) ;
#4811 = PLANE ( 'NONE',  #3424 ) ;
#4812 = EDGE_CURVE ( 'NONE', #3224, #6130, #1307, .T. ) ;
#4813 = ORIENTED_EDGE ( 'NONE', *, *, #8560, .F. ) ;
#4814 = VERTEX_POINT ( 'NONE', #2749 ) ;
#4815 = LINE ( 'NONE', #7580, #6196 ) ;
#4816 = PLANE ( 'NONE',  #1276 ) ;
#4817 = FACE_OUTER_BOUND ( 'NONE', #842, .T. ) ;
#4818 = CARTESIAN_POINT ( 'NONE',  ( -522.4386812835921319, -152.3278101317850712, 0.000000000000000000 ) ) ;
#4819 = APPLICATION_CONTEXT ( 'automotive_design' ) ;
#4820 = LINE ( 'NONE', #4727, #1528 ) ;
#4821 = ORIENTED_EDGE ( 'NONE', *, *, #4190, .F. ) ;
#4822 = LINE ( 'NONE', #4730, #928 ) ;
#4823 = ADVANCED_FACE ( 'NONE', ( #5426 ), #8182, .F. ) ;
#4824 = VERTEX_POINT ( 'NONE', #5521 ) ;
#4825 = ORIENTED_EDGE ( 'NONE', *, *, #4923, .F. ) ;
#4826 = CARTESIAN_POINT ( 'NONE',  ( -172.4989142387372567, 11.81000000000000050, -1294.423107283573927 ) ) ;
#4827 = CARTESIAN_POINT ( 'NONE',  ( -394.5486812835924297, -152.3278101317851281, 0.000000000000000000 ) ) ;
#4828 = LINE ( 'NONE', #7592, #8917 ) ;
#4829 = DIRECTION ( 'NONE',  ( 1.000000000000000000, 0.000000000000000000, -0.000000000000000000 ) ) ;
#4830 = DIRECTION ( 'NONE',  ( 0.000000000000000000, 1.000000000000000000, 0.000000000000000000 ) ) ;
#4831 = ADVANCED_FACE ( 'NONE', ( #7602 ), #5606, .T. ) ;
#4832 = EDGE_LOOP ( 'NONE', ( #7298, #4628, #4821, #7841, #6173, #1602, #5777, #8231, #3856, #3300, #5952, #5035, #6603, #399, #6342, #501, #3123, #1914, #2510, #3182, #2404, #877, #406, #6005, #7933, #5660, #283, #6749, #7280, #5472, #2059, #6015, #7794, #3572, #3924, #2667, #8706, #5170, #5376, #8760 ) ) ;
#4833 = CARTESIAN_POINT ( 'NONE',  ( 267.5900000000043519, 139.6997093200683935, 0.000000000000000000 ) ) ;
#4834 = CARTESIAN_POINT ( 'NONE',  ( -352.1190026065291363, -33.98447679845147462, 11.81000000000000050 ) ) ;
#4835 = EDGE_CURVE ( 'NONE', #6619, #2794, #8902, .T. ) ;
#4836 = VECTOR ( 'NONE', #8528, 1000.000000000000000 ) ;
#4837 = LINE ( 'NONE', #1479, #4731 ) ;
#4838 = PLANE ( 'NONE',  #1438 ) ;
#4839 = ORIENTED_EDGE ( 'NONE', *, *, #3897, .T. ) ;
#4840 = DIRECTION ( 'NONE',  ( -1.000000000000000000, -0.000000000000000000, -0.000000000000000000 ) ) ;
#4841 = DIRECTION ( 'NONE',  ( 0.8660254037844419273, 4.330577115954584835E-17, -0.4999999999999942824 ) ) ;
#4842 = CARTESIAN_POINT ( 'NONE',  ( -47.31900260652916046, 25.28218986821523373, 0.000000000000000000 ) ) ;
#4843 = AXIS2_PLACEMENT_3D ( 'NONE', #7351, #5574, #7394 ) ;
#4844 = ORIENTED_EDGE ( 'NONE', *, *, #6732, .T. ) ;
#4845 = VERTEX_POINT ( 'NONE', #1394 ) ;
#4846 = CARTESIAN_POINT ( 'NONE',  ( 152.4000000000000057, 304.8000000000000114, 11.81000000000000050 ) ) ;
#4847 = DIRECTION ( 'NONE',  ( -0.000000000000000000, -0.000000000000000000, 1.000000000000000000 ) ) ;
#4848 = LINE ( 'NONE', #8113, #4983 ) ;
#4849 = VECTOR ( 'NONE', #4840, 1000.000000000000000 ) ;
#4850 =( NAMED_UNIT ( * ) SI_UNIT ( $, .STERADIAN. ) SOLID_ANGLE_UNIT ( ) );
#4851 = EDGE_CURVE ( 'NONE', #3865, #1139, #6246, .T. ) ;
#4852 = DIRECTION ( 'NONE',  ( 1.706325926237332771E-16, -1.000000000000000000, 0.000000000000000000 ) ) ;
#4853 = ORIENTED_EDGE ( 'NONE', *, *, #5877, .F. ) ;
#4854 = VECTOR ( 'NONE', #5691, 1000.000000000000000 ) ;
#4855 = ORIENTED_EDGE ( 'NONE', *, *, #5955, .F. ) ;
#4856 = ORIENTED_EDGE ( 'NONE', *, *, #7816, .F. ) ;
#4857 = DIRECTION ( 'NONE',  ( 1.000000000000000000, 4.370956789862819572E-15, 0.000000000000000000 ) ) ;
#4858 = FACE_OUTER_BOUND ( 'NONE', #4220, .T. ) ;
#4859 = ADVANCED_FACE ( 'NONE', ( #2112 ), #4880, .T. ) ;
#4860 = LINE ( 'NONE', #7626, #7172 ) ;
#4861 = VECTOR ( 'NONE', #8215, 1000.000000000000000 ) ;
#4862 = DIRECTION ( 'NONE',  ( 1.000000000000000000, 0.000000000000000000, 0.000000000000000000 ) ) ;
#4863 = DIRECTION ( 'NONE',  ( 1.000000000000000000, 1.706325926237332771E-16, 0.000000000000000000 ) ) ;
#4864 = ORIENTED_EDGE ( 'NONE', *, *, #2498, .T. ) ;
#4865 = DIRECTION ( 'NONE',  ( 2.472932452667691008E-15, -1.000000000000000000, 0.000000000000000000 ) ) ;
#4866 = ORIENTED_EDGE ( 'NONE', *, *, #5730, .F. ) ;
#4867 = ORIENTED_EDGE ( 'NONE', *, *, #4059, .F. ) ;
#4868 = CARTESIAN_POINT ( 'NONE',  ( -223.2989142387372681, 11.81000000000000050, -1142.023107283573609 ) ) ;
#4869 = AXIS2_PLACEMENT_3D ( 'NONE', #8870, #2666, #3457 ) ;
#4870 = DIRECTION ( 'NONE',  ( 2.900420671469659582E-16, -1.000000000000000000, 0.000000000000000000 ) ) ;
#4871 = CARTESIAN_POINT ( 'NONE',  ( 267.5900000000000318, -99.73508208504048866, 0.000000000000000000 ) ) ;
#4872 =( NAMED_UNIT ( * ) PLANE_ANGLE_UNIT ( ) SI_UNIT ( $, .RADIAN. ) );
#4873 = CARTESIAN_POINT ( 'NONE',  ( -352.1190026065291363, 50.68218986821522520, 11.81000000000000050 ) ) ;
#4874 = VECTOR ( 'NONE', #4242, 1000.000000000000000 ) ;
#4875 = LINE ( 'NONE', #7640, #2197 ) ;
#4876 = ORIENTED_EDGE ( 'NONE', *, *, #2637, .T. ) ;
#4877 = CARTESIAN_POINT ( 'NONE',  ( 140.5902906799316270, 20.73421516197590009, 0.000000000000000000 ) ) ;
#4878 = VECTOR ( 'NONE', #8715, 1000.000000000000000 ) ;
#4879 = VECTOR ( 'NONE', #431, 1000.000000000000000 ) ;
#4880 = PLANE ( 'NONE',  #6617 ) ;
#4881 = CARTESIAN_POINT ( 'NONE',  ( -352.1190026065291363, -8.584476798451465385, 0.000000000000000000 ) ) ;
#4882 = ORIENTED_EDGE ( 'NONE', *, *, #3032, .F. ) ;
#4883 = ADVANCED_FACE ( 'NONE', ( #6788 ), #7684, .T. ) ;
#4884 = DIRECTION ( 'NONE',  ( 0.000000000000000000, -0.000000000000000000, 1.000000000000000000 ) ) ;
#4885 = APPLICATION_PROTOCOL_DEFINITION ( 'draft international standard', 'automotive_design', 1998, #4066 ) ;
#4886 = ADVANCED_FACE ( 'NONE', ( #2196 ), #6511, .T. ) ;
#4887 = VECTOR ( 'NONE', #6927, 1000.000000000000000 ) ;
#4888 = VECTOR ( 'NONE', #7612, 1000.000000000000000 ) ;
#4889 = LINE ( 'NONE', #5569, #6048 ) ;
#4890 = VERTEX_POINT ( 'NONE', #8405 ) ;
#4891 = ORIENTED_EDGE ( 'NONE', *, *, #4020, .T. ) ;
#4892 = DIRECTION ( 'NONE',  ( -0.000000000000000000, -0.000000000000000000, 1.000000000000000000 ) ) ;
#4893 = CARTESIAN_POINT ( 'NONE',  ( 152.4002906799316008, -4.665784838024103820, 0.000000000000000000 ) ) ;
#4894 = PRODUCT_DEFINITION_SHAPE ( 'NONE', 'NONE',  #8928 ) ;
#4895 = VECTOR ( 'NONE', #5346, 1000.000000000000000 ) ;
#4896 = EDGE_CURVE ( 'NONE', #4165, #8668, #5653, .T. ) ;
#4897 = CARTESIAN_POINT ( 'NONE',  ( -408.1386812835921774, -140.5178101317849553, 0.000000000000000000 ) ) ;
#4898 = AXIS2_PLACEMENT_3D ( 'NONE', #6018, #5247, #7956 ) ;
#4899 = DIRECTION ( 'NONE',  ( -0.000000000000000000, -1.000000000000000000, -0.000000000000000000 ) ) ;
#4900 = ORIENTED_EDGE ( 'NONE', *, *, #6886, .F. ) ;
#4901 = AXIS2_PLACEMENT_3D ( 'NONE', #3981, #2041, #6751 ) ;
#4902 = ORIENTED_EDGE ( 'NONE', *, *, #4483, .T. ) ;
#4903 = LINE ( 'NONE', #736, #4162 ) ;
#4904 = EDGE_CURVE ( 'NONE', #7445, #8886, #7051, .T. ) ;
#4905 = CARTESIAN_POINT ( 'NONE',  ( 292.9900000000000091, -26.87841541837373427, 0.000000000000000000 ) ) ;
#4906 = VECTOR ( 'NONE', #1443, 1000.000000000000000 ) ;
#4907 = DIRECTION ( 'NONE',  ( 0.000000000000000000, 0.000000000000000000, 1.000000000000000000 ) ) ;
#4908 = CARTESIAN_POINT ( 'NONE',  ( -292.9900000000000091, 91.65491791495954033, 0.000000000000000000 ) ) ;
#4909 = CARTESIAN_POINT ( 'NONE',  ( -140.5900000000000034, 267.5900000000000318, 0.000000000000000000 ) ) ;
#4910 = ORIENTED_EDGE ( 'NONE', *, *, #8258, .T. ) ;
#4911 = DIRECTION ( 'NONE',  ( -1.836970198721756672E-16, 1.000000000000000000, 0.000000000000000000 ) ) ;
#4912 = ORIENTED_EDGE ( 'NONE', *, *, #1821, .T. ) ;
#4913 =( GEOMETRIC_REPRESENTATION_CONTEXT ( 3 ) GLOBAL_UNCERTAINTY_ASSIGNED_CONTEXT ( ( #939 ) ) GLOBAL_UNIT_ASSIGNED_CONTEXT ( ( #1363, #6259, #3455 ) ) REPRESENTATION_CONTEXT ( 'NONE', 'WORKASPACE' ) );
#4914 = ORIENTED_EDGE ( 'NONE', *, *, #7320, .T. ) ;
#4915 = DIRECTION ( 'NONE',  ( 0.000000000000000000, -1.000000000000000000, 0.000000000000000000 ) ) ;
#4916 = EDGE_CURVE ( 'NONE', #3688, #1370, #6332, .T. ) ;
#4917 = FACE_OUTER_BOUND ( 'NONE', #5089, .T. ) ;
#4918 = CARTESIAN_POINT ( 'NONE',  ( -687.5386812835920409, -76.12781013178523892, 11.81000000000000050 ) ) ;
#4919 = CARTESIAN_POINT ( 'NONE',  ( -340.3090026065290772, -152.5178101317848132, 0.000000000000000000 ) ) ;
#4920 = AXIS2_PLACEMENT_3D ( 'NONE', #2034, #6075, #532 ) ;
#4921 = DIRECTION ( 'NONE',  ( 0.000000000000000000, 0.000000000000000000, -1.000000000000000000 ) ) ;
#4922 = ORIENTED_EDGE ( 'NONE', *, *, #292, .F. ) ;
#4923 = EDGE_CURVE ( 'NONE', #5954, #3855, #5148, .T. ) ;
#4924 = DIRECTION ( 'NONE',  ( 1.000000000000000000, -0.000000000000000000, -0.000000000000000000 ) ) ;
#4925 = CARTESIAN_POINT ( 'NONE',  ( -59.26666666666662309, -304.8000000000000114, 0.000000000000000000 ) ) ;
#4926 = DIRECTION ( 'NONE',  ( 0.000000000000000000, 0.000000000000000000, -1.000000000000000000 ) ) ;
#4927 = LINE ( 'NONE', #1571, #3015 ) ;
#4928 = CARTESIAN_POINT ( 'NONE',  ( 152.3999999999999773, 106.1299999999999955, 0.000000000000000000 ) ) ;
#4929 = SHAPE_DEFINITION_REPRESENTATION ( #338, #2203 ) ;
#4930 = ORIENTED_EDGE ( 'NONE', *, *, #7934, .T. ) ;
#4931 = EDGE_CURVE ( 'NONE', #4845, #5468, #301, .T. ) ;
#4932 = FACE_OUTER_BOUND ( 'NONE', #8617, .T. ) ;
#4933 = ORIENTED_EDGE ( 'NONE', *, *, #4719, .T. ) ;
#4934 = EDGE_LOOP ( 'NONE', ( #7806, #1989, #6915, #1661 ) ) ;
#4935 = DIRECTION ( 'NONE',  ( 0.000000000000000000, -0.000000000000000000, -1.000000000000000000 ) ) ;
#4936 = DIRECTION ( 'NONE',  ( 0.000000000000000000, -1.000000000000000000, 0.000000000000000000 ) ) ;
#4937 = LINE ( 'NONE', #3761, #8595 ) ;
#4938 = LINE ( 'NONE', #1411, #4723 ) ;
#4939 = EDGE_CURVE ( 'NONE', #6547, #6581, #4286, .T. ) ;
#4940 = EDGE_LOOP ( 'NONE', ( #6221, #1691, #8012, #4579 ) ) ;
#4941 = ORIENTED_EDGE ( 'NONE', *, *, #3914, .F. ) ;
#4942 = CARTESIAN_POINT ( 'NONE',  ( -25.39999999999560032, -152.4002906799316861, 0.000000000000000000 ) ) ;
#4943 = EDGE_CURVE ( 'NONE', #5365, #6395, #7817, .T. ) ;
#4944 = DIRECTION ( 'NONE',  ( -1.000000000000000000, -0.000000000000000000, -0.000000000000000000 ) ) ;
#4945 = VECTOR ( 'NONE', #8344, 1000.000000000000000 ) ;
#4946 = LINE ( 'NONE', #7704, #2974 ) ;
#4947 = ORIENTED_EDGE ( 'NONE', *, *, #6155, .T. ) ;
#4948 = SURFACE_STYLE_USAGE ( .BOTH. , #2266 ) ;
#4949 = LINE ( 'NONE', #2221, #1810 ) ;
#4950 = VERTEX_POINT ( 'NONE', #2876 ) ;
#4951 = DIRECTION ( 'NONE',  ( 1.000000000000000000, 4.553079989440437711E-16, 0.000000000000000000 ) ) ;
#4952 = ORIENTED_EDGE ( 'NONE', *, *, #6077, .F. ) ;
#4953 = ADVANCED_FACE ( 'NONE', ( #2288 ), #7726, .F. ) ;
#4954 = AXIS2_PLACEMENT_3D ( 'NONE', #840, #6681, #7224 ) ;
#4955 = ORIENTED_EDGE ( 'NONE', *, *, #1315, .T. ) ;
#4956 = LINE ( 'NONE', #4826, #3443 ) ;
#4957 = DIRECTION ( 'NONE',  ( 0.000000000000000000, -0.000000000000000000, 1.000000000000000000 ) ) ;
#4958 = CARTESIAN_POINT ( 'NONE',  ( 4.400558720414472629E-12, 445.3897093200683912, 0.000000000000000000 ) ) ;
#4959 = LINE ( 'NONE', #7717, #5605 ) ;
#4960 = SURFACE_STYLE_USAGE ( .BOTH. , #1513 ) ;
#4961 = DIRECTION ( 'NONE',  ( -1.000000000000000000, 0.000000000000000000, 0.000000000000000000 ) ) ;
#4962 = EDGE_CURVE ( 'NONE', #1930, #8481, #1612, .T. ) ;
#4963 = PLANE ( 'NONE',  #4954 ) ;
#4964 = ORIENTED_EDGE ( 'NONE', *, *, #8342, .F. ) ;
#4965 = PRODUCT ( 'Left_Plate', 'Left_Plate', '', ( #851 ) ) ;
#4966 = DIRECTION ( 'NONE',  ( 1.000000000000000000, 0.000000000000000000, -5.463695987328531367E-16 ) ) ;
#4967 = CARTESIAN_POINT ( 'NONE',  ( 267.5900000000043519, -115.1902906799316355, 0.000000000000000000 ) ) ;
#4968 = DIRECTION ( 'NONE',  ( 0.000000000000000000, 1.000000000000000000, 0.000000000000000000 ) ) ;
#4969 = DIRECTION ( 'NONE',  ( 0.000000000000000000, 0.000000000000000000, 1.000000000000000000 ) ) ;
#4970 = ITEM_DEFINED_TRANSFORMATION ( 'NONE', 'NONE', #874,  #3886 ) ;
#4971 = EDGE_CURVE ( 'NONE', #466, #7370, #4331, .T. ) ;
#4972 = FACE_OUTER_BOUND ( 'NONE', #5941, .T. ) ;
#4973 = ORIENTED_EDGE ( 'NONE', *, *, #2780, .T. ) ;
#4974 = DIRECTION ( 'NONE',  ( -0.000000000000000000, 0.000000000000000000, -1.000000000000000000 ) ) ;
#4975 = VERTEX_POINT ( 'NONE', #7139 ) ;
#4976 = AXIS2_PLACEMENT_3D ( 'NONE', #4827, #8751, #516 ) ;
#4977 = ORIENTED_EDGE ( 'NONE', *, *, #4012, .F. ) ;
#4978 = LINE ( 'NONE', #7736, #7202 ) ;
#4979 = CARTESIAN_POINT ( 'NONE',  ( -59.26666666666662309, -292.9900000000000091, 0.000000000000000000 ) ) ;
#4980 = CARTESIAN_POINT ( 'NONE',  ( 254.0000000000042348, -140.5902906799316554, 11.81000000000000050 ) ) ;
#4981 = PLANE ( 'NONE',  #7871 ) ;
#4982 = ADVANCED_FACE ( 'NONE', ( #7897 ), #6377, .T. ) ;
#4983 = VECTOR ( 'NONE', #7615, 1000.000000000000000 ) ;
#4984 = DIRECTION ( 'NONE',  ( 0.000000000000000000, 0.000000000000000000, 1.000000000000000000 ) ) ;
#4985 = ORIENTED_EDGE ( 'NONE', *, *, #3227, .T. ) ;
#4986 = ORIENTED_EDGE ( 'NONE', *, *, #4728, .T. ) ;
#4987 = DIRECTION ( 'NONE',  ( -4.370956789862819572E-15, 1.000000000000000000, 0.000000000000000000 ) ) ;
#4988 =( REPRESENTATION_RELATIONSHIP ('NONE','NONE', #853, #746 ) REPRESENTATION_RELATIONSHIP_WITH_TRANSFORMATION ( #3963 )SHAPE_REPRESENTATION_RELATIONSHIP( ) );
#4989 = AXIS2_PLACEMENT_3D ( 'NONE', #5656, #8451, #7686 ) ;
#4990 = LINE ( 'NONE', #1545, #836 ) ;
#4991 = EDGE_CURVE ( 'NONE', #548, #58, #161, .T. ) ;
#4992 = EDGE_CURVE ( 'NONE', #482, #5608, #3699, .T. ) ;
#4993 = CARTESIAN_POINT ( 'NONE',  ( 114.3000000000043173, 457.1997093200683935, 0.000000000000000000 ) ) ;
#4994 = ORIENTED_EDGE ( 'NONE', *, *, #6059, .T. ) ;
#4995 = FACE_OUTER_BOUND ( 'NONE', #3507, .T. ) ;
#4996 = FACE_OUTER_BOUND ( 'NONE', #4934, .T. ) ;
#4997 = AXIS2_PLACEMENT_3D ( 'NONE', #5141, #7354, #6543 ) ;
#4998 = ADVANCED_FACE ( 'NONE', ( #250 ), #8448, .T. ) ;
#4999 = VERTEX_POINT ( 'NONE', #3564 ) ;
#5000 = CARTESIAN_POINT ( 'NONE',  ( -25.39999999999567493, 457.1997093200683935, 0.000000000000000000 ) ) ;
#5001 = ORIENTED_EDGE ( 'NONE', *, *, #8822, .F. ) ;
#5002 = ORIENTED_EDGE ( 'NONE', *, *, #8157, .T. ) ;
#5003 = CARTESIAN_POINT ( 'NONE',  ( -687.5386812835920409, -88.82781013178518492, 0.000000000000000000 ) ) ;
#5004 = CARTESIAN_POINT ( 'NONE',  ( 127.0000000000001137, -304.8000000000000114, 0.000000000000000000 ) ) ;
#5005 = VECTOR ( 'NONE', #5224, 1000.000000000000000 ) ;
#5006 = LINE ( 'NONE', #1559, #6140 ) ;
#5007 = LINE ( 'NONE', #2276, #8770 ) ;
#5008 = EDGE_CURVE ( 'NONE', #8524, #7001, #8540, .T. ) ;
#5009 = LINE ( 'NONE', #4919, #365 ) ;
#5010 = ADVANCED_FACE ( 'NONE', ( #979 ), #3746, .T. ) ;
#5011 = CARTESIAN_POINT ( 'NONE',  ( -675.7286812835919818, -114.2278101317851906, 0.000000000000000000 ) ) ;
#5012 = VECTOR ( 'NONE', #909, 1000.000000000000000 ) ;
#5013 = EDGE_LOOP ( 'NONE', ( #7088, #4994, #1759, #7908 ) ) ;
#5014 = CARTESIAN_POINT ( 'NONE',  ( -47.31900260652908941, 50.68218986821523941, 0.000000000000000000 ) ) ;
#5015 = EDGE_CURVE ( 'NONE', #3374, #5401, #8709, .T. ) ;
#5016 = DIRECTION ( 'NONE',  ( 0.000000000000000000, -1.000000000000000000, 0.000000000000000000 ) ) ;
#5017 = LINE ( 'NONE', #5654, #7655 ) ;
#5018 = CARTESIAN_POINT ( 'NONE',  ( -408.1386812835921774, -152.3278101317849860, 0.000000000000000000 ) ) ;
#5019 = CARTESIAN_POINT ( 'NONE',  ( -72.71900260652908798, -152.5178101317848984, 0.000000000000000000 ) ) ;
#5020 = VECTOR ( 'NONE', #2513, 1000.000000000000000 ) ;
#5021 = ORIENTED_EDGE ( 'NONE', *, *, #429, .T. ) ;
#5022 = AXIS2_PLACEMENT_3D ( 'NONE', #6419, #2234, #2788 ) ;
#5023 = CARTESIAN_POINT ( 'NONE',  ( -165.8523359398624279, -152.5178101317848700, 11.81000000000000050 ) ) ;
#5024 = AXIS2_PLACEMENT_3D ( 'NONE', #6729, #517, #4462 ) ;
#5025 = ORIENTED_EDGE ( 'NONE', *, *, #8188, .T. ) ;
#5026 = VERTEX_POINT ( 'NONE', #4641 ) ;
#5027 = LINE ( 'NONE', #7150, #8364 ) ;
#5028 = EDGE_CURVE ( 'NONE', #3030, #5114, #3787, .T. ) ;
#5029 = PLANE ( 'NONE',  #2116 ) ;
#5030 = CARTESIAN_POINT ( 'NONE',  ( -382.7386812835923138, -88.82781013178517071, 11.81000000000000050 ) ) ;
#5031 = DIRECTION ( 'NONE',  ( -1.000000000000000000, 0.000000000000000000, -0.000000000000000000 ) ) ;
#5032 = VECTOR ( 'NONE', #6632, 1000.000000000000000 ) ;
#5033 = VECTOR ( 'NONE', #1176, 1000.000000000000000 ) ;
#5034 = CARTESIAN_POINT ( 'NONE',  ( -304.8000000000000114, -52.27841541837379680, 0.000000000000000000 ) ) ;
#5035 = ORIENTED_EDGE ( 'NONE', *, *, #1462, .T. ) ;
#5036 = VECTOR ( 'NONE', #4631, 1000.000000000000000 ) ;
#5038 = CARTESIAN_POINT ( 'NONE',  ( -140.5900000000000034, 106.1299999999999955, 0.000000000000000000 ) ) ;
#5037 = VECTOR ( 'NONE', #1317, 1000.000000000000000 ) ;
#5039 = DIRECTION ( 'NONE',  ( 1.092739197465705287E-15, 0.000000000000000000, -1.000000000000000000 ) ) ;
#5040 = CARTESIAN_POINT ( 'NONE',  ( 80.73000000000001819, -111.5450820850404767, 0.000000000000000000 ) ) ;
#5041 = PRODUCT_DEFINITION_SHAPE ( 'NONE', 'NONE',  #2349 ) ;
#5042 = VECTOR ( 'NONE', #5522, 1000.000000000000000 ) ;
#5043 = ORIENTED_EDGE ( 'NONE', *, *, #4896, .F. ) ;
#5044 = MECHANICAL_DESIGN_GEOMETRIC_PRESENTATION_REPRESENTATION (  '', ( #3739 ), #118 ) ;
#5045 = DIRECTION ( 'NONE',  ( -0.000000000000000000, -0.000000000000000000, 1.000000000000000000 ) ) ;
#5046 = LINE ( 'NONE', #2317, #4564 ) ;
#5047 = ORIENTED_EDGE ( 'NONE', *, *, #8258, .F. ) ;
#5048 = CARTESIAN_POINT ( 'NONE',  ( -340.3090026065291340, -67.85114346511814176, 0.000000000000000000 ) ) ;
#5049 = EDGE_LOOP ( 'NONE', ( #4733, #4765, #7273, #7707 ) ) ;
#5050 = EDGE_CURVE ( 'NONE', #6052, #6354, #5369, .T. ) ;
#5051 = ORIENTED_EDGE ( 'NONE', *, *, #8750, .T. ) ;
#5052 = DIRECTION ( 'NONE',  ( 0.000000000000000000, 1.000000000000000000, 0.000000000000000000 ) ) ;
#5053 = VECTOR ( 'NONE', #2237, 1000.000000000000000 ) ;
#5054 = CARTESIAN_POINT ( 'NONE',  ( -352.1190026065291363, -93.25114346511814745, 11.81000000000000050 ) ) ;
#5055 = LINE ( 'NONE', #8441, #4439 ) ;
#5056 = ADVANCED_FACE ( 'NONE', ( #1826 ), #385, .F. ) ;
#5057 = ADVANCED_BREP_SHAPE_REPRESENTATION ( '', ( #281, #3886 ), #6644 ) ;
#5058 = DIRECTION ( 'NONE',  ( 1.000000000000000000, -1.894642264054528850E-16, 0.000000000000000000 ) ) ;
#5059 = ORIENTED_EDGE ( 'NONE', *, *, #8805, .T. ) ;
#5060 = EDGE_CURVE ( 'NONE', #8918, #2403, #7361, .T. ) ;
#5061 = CARTESIAN_POINT ( 'NONE',  ( -662.1386812835920637, -152.3278101317851565, 0.000000000000000000 ) ) ;
#5062 = CARTESIAN_POINT ( 'NONE',  ( 140.5900000000000034, 80.73000000000001819, 0.000000000000000000 ) ) ;
#5063 = ADVANCED_FACE ( 'NONE', ( #2504 ), #6686, .T. ) ;
#5064 = LINE ( 'NONE', #386, #7078 ) ;
#5065 = CARTESIAN_POINT ( 'NONE',  ( 304.8000000000000114, 6.988251248292928430, 0.000000000000000000 ) ) ;
#5066 = AXIS2_PLACEMENT_3D ( 'NONE', #4519, #5253, #444 ) ;
#5067 = FACE_OUTER_BOUND ( 'NONE', #4636, .T. ) ;
#5068 = APPLICATION_PROTOCOL_DEFINITION ( 'draft international standard', 'automotive_design', 1998, #5575 ) ;
#5069 = DIRECTION ( 'NONE',  ( 0.000000000000000000, -1.000000000000000000, 0.000000000000000000 ) ) ;
#5070 = ORIENTED_EDGE ( 'NONE', *, *, #6398, .F. ) ;
#5071 = PRODUCT_RELATED_PRODUCT_CATEGORY ( 'part', '', ( #265 ) ) ;
#5072 = LINE ( 'NONE', #2825, #6473 ) ;
#5073 = LINE ( 'NONE', #7825, #6768 ) ;
#5074 = EDGE_LOOP ( 'NONE', ( #6946, #4933, #5731, #2757 ) ) ;
#5075 = ORIENTED_EDGE ( 'NONE', *, *, #7607, .F. ) ;
#5076 = DIRECTION ( 'NONE',  ( 0.000000000000000000, 0.000000000000000000, -1.000000000000000000 ) ) ;
#5077 = CARTESIAN_POINT ( 'NONE',  ( -59.12900260652931195, 50.68218986821523941, 0.000000000000000000 ) ) ;
#5078 = DIRECTION ( 'NONE',  ( 1.000000000000000000, -2.014845802307676854E-15, -0.000000000000000000 ) ) ;
#5079 = DIRECTION ( 'NONE',  ( 0.000000000000000000, -0.000000000000000000, 1.000000000000000000 ) ) ;
#5080 = CARTESIAN_POINT ( 'NONE',  ( -140.5900000000000034, -292.9900000000000091, 0.000000000000000000 ) ) ;
#5081 = EDGE_CURVE ( 'NONE', #1747, #7482, #8671, .T. ) ;
#5082 = ORIENTED_EDGE ( 'NONE', *, *, #2416, .F. ) ;
#5083 = VERTEX_POINT ( 'NONE', #5325 ) ;
#5084 = LINE ( 'NONE', #7795, #1993 ) ;
#5085 = CARTESIAN_POINT ( 'NONE',  ( -522.4386812835921319, -140.5178101317850121, 11.81000000000000050 ) ) ;
#5086 = CARTESIAN_POINT ( 'NONE',  ( 0.000000000000000000, 0.000000000000000000, 0.000000000000000000 ) ) ;
#5087 = VECTOR ( 'NONE', #1774, 1000.000000000000000 ) ;
#5088 = EDGE_CURVE ( 'NONE', #8284, #8518, #1739, .T. ) ;
#5089 = EDGE_LOOP ( 'NONE', ( #3854, #7980, #6205, #5821 ) ) ;
#5090 =( NAMED_UNIT ( * ) SI_UNIT ( $, .STERADIAN. ) SOLID_ANGLE_UNIT ( ) );
#5091 = CARTESIAN_POINT ( 'NONE',  ( 304.7999999999999545, 66.25491791495960570, 0.000000000000000000 ) ) ;
#5092 = EDGE_LOOP ( 'NONE', ( #8212, #3399, #2692, #3385 ) ) ;
#5093 = VERTEX_POINT ( 'NONE', #8031 ) ;
#5094 = VERTEX_POINT ( 'NONE', #7988 ) ;
#5095 = CARTESIAN_POINT ( 'NONE',  ( 152.4002906799316008, 96.93421516197587096, 11.81000000000000050 ) ) ;
#5096 = FACE_OUTER_BOUND ( 'NONE', #2526, .T. ) ;
#5097 = DIRECTION ( 'NONE',  ( -4.370956789862819572E-15, 1.000000000000000000, 0.000000000000000000 ) ) ;
#5098 = CARTESIAN_POINT ( 'NONE',  ( 152.4002906799316008, 33.43421516197587096, 0.000000000000000000 ) ) ;
#5099 = EDGE_CURVE ( 'NONE', #3893, #594, #4502, .T. ) ;
#5100 = AXIS2_PLACEMENT_3D ( 'NONE', #6602, #3290, #3157 ) ;
#5101 = CARTESIAN_POINT ( 'NONE',  ( 139.7000000000043087, 457.1997093200683935, 0.000000000000000000 ) ) ;
#5102 = ORIENTED_EDGE ( 'NONE', *, *, #2754, .T. ) ;
#5103 = DIRECTION ( 'NONE',  ( 0.000000000000000000, -0.000000000000000000, 1.000000000000000000 ) ) ;
#5104 = CARTESIAN_POINT ( 'NONE',  ( -352.1190026065291363, 50.68218986821522520, 11.81000000000000050 ) ) ;
#5105 = DIRECTION ( 'NONE',  ( 0.000000000000000000, 0.000000000000000000, -1.000000000000000000 ) ) ;
#5106 = DIRECTION ( 'NONE',  ( 0.000000000000000000, 1.000000000000000000, 0.000000000000000000 ) ) ;
#5107 = ITEM_DEFINED_TRANSFORMATION ( 'NONE', 'NONE', #1448,  #3886 ) ;
#5108 = EDGE_CURVE ( 'NONE', #1008, #4999, #3238, .T. ) ;
#5109 = CARTESIAN_POINT ( 'NONE',  ( -140.5900000000000034, 267.5900000000000318, 0.000000000000000000 ) ) ;
#5110 = APPLICATION_CONTEXT ( 'automotive_design' ) ;
#5111 = EDGE_LOOP ( 'NONE', ( #5706, #2380, #8057, #8263 ) ) ;
#5112 = ADVANCED_FACE ( 'NONE', ( #3827 ), #5966, .T. ) ;
#5113 =( LENGTH_UNIT ( ) NAMED_UNIT ( * ) SI_UNIT ( .MILLI., .METRE. ) );
#5114 = VERTEX_POINT ( 'NONE', #1202 ) ;
#5115 = ORIENTED_EDGE ( 'NONE', *, *, #8, .F. ) ;
#5116 = DIRECTION ( 'NONE',  ( 1.000000000000000000, -0.000000000000000000, 0.000000000000000000 ) ) ;
#5117 = CARTESIAN_POINT ( 'NONE',  ( -304.8000000000000114, -52.27841541837379680, 11.81000000000000050 ) ) ;
#5118 = CARTESIAN_POINT ( 'NONE',  ( 254.0000000000042348, 457.1997093200683935, 11.81000000000000050 ) ) ;
#5119 = PRODUCT_DEFINITION_SHAPE ( 'NONE', 'NONE',  #8927 ) ;
#5120 = CARTESIAN_POINT ( 'NONE',  ( -304.8000000000000114, 6.988251248292873363, 0.000000000000000000 ) ) ;
#5121 = DIRECTION ( 'NONE',  ( 1.224621265208487691E-16, -1.000000000000000000, 1.734723475976801702E-18 ) ) ;
#5122 = ADVANCED_FACE ( 'NONE', ( #341 ), #3961, .T. ) ;
#5123 = CARTESIAN_POINT ( 'NONE',  ( -675.7286812835919818, -152.3278101317851565, 0.000000000000000000 ) ) ;
#5124 = VERTEX_POINT ( 'NONE', #3285 ) ;
#5125 = ORIENTED_EDGE ( 'NONE', *, *, #3760, .T. ) ;
#5126 = SURFACE_STYLE_FILL_AREA ( #7160 ) ;
#5127 = CARTESIAN_POINT ( 'NONE',  ( -304.8000000000000114, 66.25491791495954885, 0.000000000000000000 ) ) ;
#5128 = AXIS2_PLACEMENT_3D ( 'NONE', #7477, #6083, #3262 ) ;
#5129 = EDGE_CURVE ( 'NONE', #4618, #3224, #7228, .T. ) ;
#5130 = ORIENTED_EDGE ( 'NONE', *, *, #1517, .F. ) ;
#5131 = CARTESIAN_POINT ( 'NONE',  ( -59.12900260652909168, -67.85114346511811334, 0.000000000000000000 ) ) ;
#5132 = LINE ( 'NONE', #6626, #4715 ) ;
#5133 = EDGE_LOOP ( 'NONE', ( #4977, #6708, #5156, #3013 ) ) ;
#5134 = ORIENTED_EDGE ( 'NONE', *, *, #4664, .F. ) ;
#5135 = VECTOR ( 'NONE', #2892, 1000.000000000000000 ) ;
#5136 = ORIENTED_EDGE ( 'NONE', *, *, #2308, .F. ) ;
#5137 = EDGE_CURVE ( 'NONE', #5984, #8612, #3101, .T. ) ;
#5138 = FACE_OUTER_BOUND ( 'NONE', #4732, .T. ) ;
#5139 = LINE ( 'NONE', #1866, #1373 ) ;
#5140 = LINE ( 'NONE', #7890, #6186 ) ;
#5141 = CARTESIAN_POINT ( 'NONE',  ( -352.1190026065291363, -140.7078101317848393, 11.81000000000000050 ) ) ;
#5142 = VECTOR ( 'NONE', #3154, 1000.000000000000000 ) ;
#5143 = EDGE_LOOP ( 'NONE', ( #3680, #807, #3584, #1314 ) ) ;
#5144 = FACE_OUTER_BOUND ( 'NONE', #166, .T. ) ;
#5145 = ORIENTED_EDGE ( 'NONE', *, *, #3897, .F. ) ;
#5146 = CARTESIAN_POINT ( 'NONE',  ( -346.6871619467640357, 11.81000000000000050, -616.1005700363344886 ) ) ;
#5147 = VECTOR ( 'NONE', #8570, 1000.000000000000000 ) ;
#5148 = LINE ( 'NONE', #206, #7759 ) ;
#5149 = CARTESIAN_POINT ( 'NONE',  ( 292.9900000000000091, 91.65491791495954033, 11.81000000000000050 ) ) ;
#5150 = DIRECTION ( 'NONE',  ( 0.000000000000000000, -0.000000000000000000, -1.000000000000000000 ) ) ;
#5151 = CONTEXT_DEPENDENT_SHAPE_REPRESENTATION ( #3254, #5195 ) ;
#5152 = VECTOR ( 'NONE', #7584, 1000.000000000000000 ) ;
#5153 = CARTESIAN_POINT ( 'NONE',  ( -139.6998546600342195, -4.665784838024212178, 11.81000000000000050 ) ) ;
#5154 = ORIENTED_EDGE ( 'NONE', *, *, #124, .F. ) ;
#5155 = CARTESIAN_POINT ( 'NONE',  ( 279.4000000000042974, 457.1997093200683935, 11.81000000000000050 ) ) ;
#5156 = ORIENTED_EDGE ( 'NONE', *, *, #6714, .T. ) ;
#5157 = ORIENTED_EDGE ( 'NONE', *, *, #276, .F. ) ;
#5158 = EDGE_CURVE ( 'NONE', #3530, #6581, #3152, .T. ) ;
#5159 = DIRECTION ( 'NONE',  ( -1.000000000000000000, 0.000000000000000000, 0.000000000000000000 ) ) ;
#5160 = VECTOR ( 'NONE', #2716, 1000.000000000000000 ) ;
#5161 = DIRECTION ( 'NONE',  ( -1.000000000000000000, 0.000000000000000000, 0.000000000000000000 ) ) ;
#5162 = DIRECTION ( 'NONE',  ( -1.706325926237332771E-16, 1.000000000000000000, 0.000000000000000000 ) ) ;
#5163 = FACE_OUTER_BOUND ( 'NONE', #4706, .T. ) ;
#5164 = DIRECTION ( 'NONE',  ( -0.9999999999999998890, 2.553393889882166608E-21, -9.106159978880866301E-17 ) ) ;
#5165 = EDGE_CURVE ( 'NONE', #1412, #5830, #1107, .T. ) ;
#5166 =( REPRESENTATION_RELATIONSHIP ('NONE','NONE', #853, #3527 ) REPRESENTATION_RELATIONSHIP_WITH_TRANSFORMATION ( #1066 )SHAPE_REPRESENTATION_RELATIONSHIP( ) );
#5167 = DIRECTION ( 'NONE',  ( 1.706325926237332771E-16, -1.000000000000000000, 0.000000000000000000 ) ) ;
#5168 = VECTOR ( 'NONE', #528, 1000.000000000000000 ) ;
#5169 = ORIENTED_EDGE ( 'NONE', *, *, #4084, .F. ) ;
#5170 = ORIENTED_EDGE ( 'NONE', *, *, #7932, .T. ) ;
#5171 = EDGE_CURVE ( 'NONE', #6712, #8025, #3475, .T. ) ;
#5172 = PLANE ( 'NONE',  #1563 ) ;
#5173 = CARTESIAN_POINT ( 'NONE',  ( -394.5486812835923160, -126.9278101317851082, 0.000000000000000000 ) ) ;
#5174 = VECTOR ( 'NONE', #8622, 1000.000000000000000 ) ;
#5175 = AXIS2_PLACEMENT_3D ( 'NONE', #749, #3377, #1966 ) ;
#5176 = ORIENTED_EDGE ( 'NONE', *, *, #3275, .T. ) ;
#5177 = DIRECTION ( 'NONE',  ( 0.000000000000000000, 0.000000000000000000, -1.000000000000000000 ) ) ;
#5178 = FACE_OUTER_BOUND ( 'NONE', #6702, .T. ) ;
#5179 = ORIENTED_EDGE ( 'NONE', *, *, #1867, .F. ) ;
#5180 = ORIENTED_EDGE ( 'NONE', *, *, #3174, .F. ) ;
#5181 = VECTOR ( 'NONE', #4323, 1000.000000000000000 ) ;
#5182 = VECTOR ( 'NONE', #4179, 1000.000000000000000 ) ;
#5183 = ORIENTED_EDGE ( 'NONE', *, *, #7363, .F. ) ;
#5184 = PRODUCT_RELATED_PRODUCT_CATEGORY ( 'part', '', ( #3668 ) ) ;
#5185 = DIRECTION ( 'NONE',  ( 1.000000000000000000, 0.000000000000000000, 0.000000000000000000 ) ) ;
#5186 = DIRECTION ( 'NONE',  ( -0.000000000000000000, -0.000000000000000000, 1.000000000000000000 ) ) ;
#5187 = VECTOR ( 'NONE', #1719, 1000.000000000000000 ) ;
#5188 = PLANE ( 'NONE',  #4554 ) ;
#5189 = AXIS2_PLACEMENT_3D ( 'NONE', #5707, #6476, #261 ) ;
#5190 = ORIENTED_EDGE ( 'NONE', *, *, #7103, .F. ) ;
#5191 = ORIENTED_EDGE ( 'NONE', *, *, #1022, .T. ) ;
#5192 = DIRECTION ( 'NONE',  ( 1.000000000000000000, 0.000000000000000000, 0.000000000000000000 ) ) ;
#5193 = ORIENTED_EDGE ( 'NONE', *, *, #704, .F. ) ;
#5194 = EDGE_CURVE ( 'NONE', #6255, #3885, #8269, .T. ) ;
#5195 = PRODUCT_DEFINITION_SHAPE ( 'NONE', 'NONE',  #8946 ) ;
#5196 = VECTOR ( 'NONE', #7325, 1000.000000000000000 ) ;
#5197 = DIRECTION ( 'NONE',  ( -0.000000000000000000, -0.000000000000000000, 1.000000000000000000 ) ) ;
#5198 = CARTESIAN_POINT ( 'NONE',  ( -25.39999999999560032, -152.4002906799316861, 11.81000000000000050 ) ) ;
#5199 = LINE ( 'NONE', #6512, #130 ) ;
#5200 = CARTESIAN_POINT ( 'NONE',  ( -326.7190026065292159, -140.7078101317848393, 0.000000000000000000 ) ) ;
#5201 = CONTEXT_DEPENDENT_SHAPE_REPRESENTATION ( #4520, #2858 ) ;
#5202 = VECTOR ( 'NONE', #5239, 1000.000000000000000 ) ;
#5203 = EDGE_CURVE ( 'NONE', #1379, #5275, #1248, .T. ) ;
#5204 = DIRECTION ( 'NONE',  ( 0.000000000000000000, -1.000000000000000000, 0.000000000000000000 ) ) ;
#5205 = ORIENTED_EDGE ( 'NONE', *, *, #6504, .T. ) ;
#5206 = CARTESIAN_POINT ( 'NONE',  ( -457.1999999999999886, 20.73421516197585035, 11.81000000000000050 ) ) ;
#5207 = ORIENTED_EDGE ( 'NONE', *, *, #5060, .T. ) ;
#5208 = EDGE_LOOP ( 'NONE', ( #7146, #2679, #1163, #7757 ) ) ;
#5209 = CARTESIAN_POINT ( 'NONE',  ( -295.8871619467639675, 0.000000000000000000, -514.5005700363348069 ) ) ;
#5210 = LINE ( 'NONE', #354, #1683 ) ;
#5211 = DIRECTION ( 'NONE',  ( -0.000000000000000000, -0.000000000000000000, 1.000000000000000000 ) ) ;
#5212 = ORIENTED_EDGE ( 'NONE', *, *, #3664, .F. ) ;
#5213 = DIRECTION ( 'NONE',  ( -2.175315503602243824E-16, 1.000000000000000000, -0.000000000000000000 ) ) ;
#5214 = CARTESIAN_POINT ( 'NONE',  ( -70.89891423873723397, 304.8000000000000682, -1091.223107283573654 ) ) ;
#5215 = AXIS2_PLACEMENT_3D ( 'NONE', #3286, #789, #7249 ) ;
#5216 = ADVANCED_FACE ( 'NONE', ( #5416 ), #8310, .T. ) ;
#5217 = FACE_OUTER_BOUND ( 'NONE', #3111, .T. ) ;
#5218 = ORIENTED_EDGE ( 'NONE', *, *, #4246, .T. ) ;
#5219 = DIRECTION ( 'NONE',  ( 2.472932452667691008E-15, -1.000000000000000000, 0.000000000000000000 ) ) ;
#5220 = CARTESIAN_POINT ( 'NONE',  ( -152.3999999999999773, 304.8000000000000114, 0.000000000000000000 ) ) ;
#5221 = CARTESIAN_POINT ( 'NONE',  ( 279.4000000000042974, 165.0997093200685129, 0.000000000000000000 ) ) ;
#5222 = EDGE_CURVE ( 'NONE', #8375, #8005, #2686, .T. ) ;
#5223 = VERTEX_POINT ( 'NONE', #4195 ) ;
#5224 = DIRECTION ( 'NONE',  ( 0.000000000000000000, 0.000000000000000000, 1.000000000000000000 ) ) ;
#5225 = VERTEX_POINT ( 'NONE', #4871 ) ;
#5226 = ORIENTED_EDGE ( 'NONE', *, *, #7275, .T. ) ;
#5227 = ORIENTED_EDGE ( 'NONE', *, *, #4432, .F. ) ;
#5228 = EDGE_CURVE ( 'NONE', #4660, #594, #4828, .T. ) ;
#5229 = FACE_OUTER_BOUND ( 'NONE', #373, .T. ) ;
#5230 = CARTESIAN_POINT ( 'NONE',  ( -47.31900260652916046, 25.28218986821523373, 11.81000000000000050 ) ) ;
#5231 = CARTESIAN_POINT ( 'NONE',  ( -59.26666666666662309, 292.9900000000000091, 11.81000000000000050 ) ) ;
#5232 = DIRECTION ( 'NONE',  ( -0.000000000000000000, -0.000000000000000000, 1.000000000000000000 ) ) ;
#5233 = EDGE_CURVE ( 'NONE', #3087, #2490, #4058, .T. ) ;
#5234 = ORIENTED_EDGE ( 'NONE', *, *, #562, .T. ) ;
#5235 = ORIENTED_EDGE ( 'NONE', *, *, #1500, .F. ) ;
#5236 = VECTOR ( 'NONE', #7583, 1000.000000000000000 ) ;
#5237 = FACE_OUTER_BOUND ( 'NONE', #2622, .T. ) ;
#5238 = DIRECTION ( 'NONE',  ( -1.000000000000000000, -1.706325926237332771E-16, 0.000000000000000000 ) ) ;
#5239 = DIRECTION ( 'NONE',  ( -0.000000000000000000, -1.000000000000000000, -0.000000000000000000 ) ) ;
#5240 = DIRECTION ( 'NONE',  ( 0.000000000000000000, -1.000000000000000000, 0.000000000000000000 ) ) ;
#5241 = ITEM_DEFINED_TRANSFORMATION ( 'NONE', 'NONE', #4623,  #3886 ) ;
#5242 = ADVANCED_FACE ( 'NONE', ( #6953 ), #6237, .F. ) ;
#5243 = VECTOR ( 'NONE', #6336, 1000.000000000000000 ) ;
#5244 = FACE_OUTER_BOUND ( 'NONE', #6386, .T. ) ;
#5245 = EDGE_LOOP ( 'NONE', ( #3935, #4087, #879, #734 ) ) ;
#5246 = ORIENTED_EDGE ( 'NONE', *, *, #3833, .F. ) ;
#5247 = DIRECTION ( 'NONE',  ( -1.000000000000000000, -1.706325926237332771E-16, 0.000000000000000000 ) ) ;
#5248 = LINE ( 'NONE', #3113, #4293 ) ;
#5249 = DIRECTION ( 'NONE',  ( 0.000000000000000000, 0.000000000000000000, 1.000000000000000000 ) ) ;
#5250 = EDGE_CURVE ( 'NONE', #7533, #37, #6279, .T. ) ;
#5251 = ORIENTED_EDGE ( 'NONE', *, *, #750, .T. ) ;
#5252 = LINE ( 'NONE', #3801, #5861 ) ;
#5253 = DIRECTION ( 'NONE',  ( -1.000000000000000000, -2.553393886560126661E-21, 9.106159978880873697E-17 ) ) ;
#5254 = CARTESIAN_POINT ( 'NONE',  ( -152.3999999999999773, -106.1299999999999955, 0.000000000000000000 ) ) ;
#5255 = VERTEX_POINT ( 'NONE', #4147 ) ;
#5256 = ORIENTED_EDGE ( 'NONE', *, *, #5203, .T. ) ;
#5257 = CARTESIAN_POINT ( 'NONE',  ( -326.7190026065292159, -140.7078101317847825, 11.81000000000000050 ) ) ;
#5258 = PLANE ( 'NONE',  #8210 ) ;
#5259 = EDGE_CURVE ( 'NONE', #2490, #499, #61, .T. ) ;
#5260 = ORIENTED_EDGE ( 'NONE', *, *, #7256, .F. ) ;
#5261 = CARTESIAN_POINT ( 'NONE',  ( 152.4002906799316008, 33.43421516197587096, 0.000000000000000000 ) ) ;
#5262 = CARTESIAN_POINT ( 'NONE',  ( 59.26666666666674388, -304.8000000000000114, 0.000000000000000000 ) ) ;
#5263 = ORIENTED_EDGE ( 'NONE', *, *, #2173, .F. ) ;
#5264 = EDGE_LOOP ( 'NONE', ( #2361, #8459, #3742, #1689 ) ) ;
#5265 = VERTEX_POINT ( 'NONE', #21 ) ;
#5266 = CARTESIAN_POINT ( 'NONE',  ( -126.9999999999999716, -304.8000000000000114, 0.000000000000000000 ) ) ;
#5267 = VECTOR ( 'NONE', #6412, 1000.000000000000000 ) ;
#5268 = CARTESIAN_POINT ( 'NONE',  ( -258.9856692731957537, -152.5178101317848416, 0.000000000000000000 ) ) ;
#5269 = EDGE_CURVE ( 'NONE', #8367, #4761, #5072, .T. ) ;
#5270 = CARTESIAN_POINT ( 'NONE',  ( 0.000000000000000000, 0.000000000000000000, 0.000000000000000000 ) ) ;
#5271 = DIRECTION ( 'NONE',  ( 0.000000000000000000, 1.000000000000000000, 0.000000000000000000 ) ) ;
#5272 = EDGE_CURVE ( 'NONE', #4068, #8825, #2062, .T. ) ;
#5273 = VERTEX_POINT ( 'NONE', #710 ) ;
#5274 = VECTOR ( 'NONE', #6676, 1000.000000000000000 ) ;
#5275 = VERTEX_POINT ( 'NONE', #1920 ) ;
#5276 = DIRECTION ( 'NONE',  ( 0.000000000000000000, -0.000000000000000000, 1.000000000000000000 ) ) ;
#5277 = ORIENTED_EDGE ( 'NONE', *, *, #5279, .T. ) ;
#5278 = CARTESIAN_POINT ( 'NONE',  ( 152.3999999999999773, -106.1299999999999955, 11.81000000000000050 ) ) ;
#5279 = EDGE_CURVE ( 'NONE', #457, #8337, #2639, .T. ) ;
#5280 =( REPRESENTATION_RELATIONSHIP ('NONE','NONE', #853, #413 ) REPRESENTATION_RELATIONSHIP_WITH_TRANSFORMATION ( #2336 )SHAPE_REPRESENTATION_RELATIONSHIP( ) );
#5281 = VECTOR ( 'NONE', #1355, 1000.000000000000000 ) ;
#5282 = EDGE_CURVE ( 'NONE', #8244, #8611, #6146, .T. ) ;
#5283 = CARTESIAN_POINT ( 'NONE',  ( -47.31900260652916046, 25.28218986821523373, 0.000000000000000000 ) ) ;
#5284 = CARTESIAN_POINT ( 'NONE',  ( 25.40000000000001279, 0.000000000000000000, -304.8000000000000682 ) ) ;
#5285 = VECTOR ( 'NONE', #3862, 1000.000000000000000 ) ;
#5286 = EDGE_LOOP ( 'NONE', ( #8166, #1228, #2582, #7433 ) ) ;
#5287 = LINE ( 'NONE', #7953, #4582 ) ;
#5288 = EDGE_CURVE ( 'NONE', #6969, #1747, #4007, .T. ) ;
#5289 = EDGE_LOOP ( 'NONE', ( #3990, #3524, #2114, #1775 ) ) ;
#5290 = PLANE ( 'NONE',  #1977 ) ;
#5291 = CARTESIAN_POINT ( 'NONE',  ( -47.31900260652910362, -93.25114346511811902, 0.000000000000000000 ) ) ;
#5292 = ORIENTED_EDGE ( 'NONE', *, *, #7857, .F. ) ;
#5293 = CARTESIAN_POINT ( 'NONE',  ( 304.8000000000000114, 6.988251248292928430, 0.000000000000000000 ) ) ;
#5294 = AXIS2_PLACEMENT_3D ( 'NONE', #5362, #6812, #2588 ) ;
#5295 = DIRECTION ( 'NONE',  ( -1.000000000000000000, 0.000000000000000000, 0.000000000000000000 ) ) ;
#5296 = CARTESIAN_POINT ( 'NONE',  ( -445.3899999999999864, 96.93421516197595622, 0.000000000000000000 ) ) ;
#5297 = VECTOR ( 'NONE', #3977, 1000.000000000000000 ) ;
#5298 = ORIENTED_EDGE ( 'NONE', *, *, #4649, .F. ) ;
#5299 = EDGE_CURVE ( 'NONE', #822, #8918, #5461, .T. ) ;
#5300 = ORIENTED_EDGE ( 'NONE', *, *, #4501, .T. ) ;
#5301 = CARTESIAN_POINT ( 'NONE',  ( -140.5900000000000034, -80.73000000000001819, 0.000000000000000000 ) ) ;
#5302 = FACE_OUTER_BOUND ( 'NONE', #6407, .T. ) ;
#5303 = VECTOR ( 'NONE', #4070, 1000.000000000000000 ) ;
#5304 = ORIENTED_EDGE ( 'NONE', *, *, #7832, .T. ) ;
#5305 = DIRECTION ( 'NONE',  ( 1.000000000000000000, 1.706325926237332771E-16, -0.000000000000000000 ) ) ;
#5306 = EDGE_LOOP ( 'NONE', ( #608, #655, #7424, #8666 ) ) ;
#5307 = ORIENTED_EDGE ( 'NONE', *, *, #4664, .T. ) ;
#5308 = ORIENTED_EDGE ( 'NONE', *, *, #404, .T. ) ;
#5310 = VECTOR ( 'NONE', #2466, 1000.000000000000000 ) ;
#5309 = PLANE ( 'NONE',  #687 ) ;
#5311 = DIRECTION ( 'NONE',  ( 0.000000000000000000, 0.000000000000000000, 1.000000000000000000 ) ) ;
#5312 = DIRECTION ( 'NONE',  ( 1.000000000000000000, 0.000000000000000000, 0.000000000000000000 ) ) ;
#5313 = LINE ( 'NONE', #3368, #4132 ) ;
#5314 = VECTOR ( 'NONE', #5614, 1000.000000000000000 ) ;
#5315 = VECTOR ( 'NONE', #3125, 1000.000000000000000 ) ;
#5316 = CARTESIAN_POINT ( 'NONE',  ( 4.400558720224445655E-12, 445.3897093200683912, 0.000000000000000000 ) ) ;
#5317 = ORIENTED_EDGE ( 'NONE', *, *, #5466, .T. ) ;
#5318 = FACE_OUTER_BOUND ( 'NONE', #6565, .T. ) ;
#5319 = EDGE_CURVE ( 'NONE', #4510, #2997, #4786, .T. ) ;
#5320 = ORIENTED_EDGE ( 'NONE', *, *, #6888, .T. ) ;
#5321 = LINE ( 'NONE', #5459, #1552 ) ;
#5322 = VECTOR ( 'NONE', #5854, 1000.000000000000000 ) ;
#5323 = VECTOR ( 'NONE', #5931, 1000.000000000000000 ) ;
#5324 = DIRECTION ( 'NONE',  ( -0.000000000000000000, 1.000000000000000000, -0.000000000000000000 ) ) ;
#5325 = CARTESIAN_POINT ( 'NONE',  ( -25.39999999999563940, 139.6997093200684787, 0.000000000000000000 ) ) ;
#5326 = FACE_OUTER_BOUND ( 'NONE', #691, .T. ) ;
#5327 = AXIS2_PLACEMENT_3D ( 'NONE', #7685, #2113, #6378 ) ;
#5328 = LINE ( 'NONE', #7992, #8128 ) ;
#5329 = EDGE_CURVE ( 'NONE', #7801, #6724, #660, .T. ) ;
#5330 = VECTOR ( 'NONE', #384, 1000.000000000000000 ) ;
#5331 = VERTEX_POINT ( 'NONE', #7681 ) ;
#5332 = CARTESIAN_POINT ( 'NONE',  ( -340.3090026065291340, -8.584476798451465385, 0.000000000000000000 ) ) ;
#5333 = EDGE_CURVE ( 'NONE', #2499, #7265, #7809, .T. ) ;
#5334 = ORIENTED_EDGE ( 'NONE', *, *, #1743, .T. ) ;
#5335 = LINE ( 'NONE', #4609, #1546 ) ;
#5336 = DIRECTION ( 'NONE',  ( 0.000000000000000000, -0.000000000000000000, 1.000000000000000000 ) ) ;
#5337 = VERTEX_POINT ( 'NONE', #1646 ) ;
#5338 = COLOUR_RGB ( '',1.000000000000000000, 1.000000000000000000, 1.000000000000000000 ) ;
#5339 = CARTESIAN_POINT ( 'NONE',  ( 139.7000000000043087, -152.4002906799316861, 0.000000000000000000 ) ) ;
#5340 = APPLICATION_PROTOCOL_DEFINITION ( 'draft international standard', 'automotive_design', 1998, #1575 ) ;
#5341 = DIRECTION ( 'NONE',  ( 1.000000000000000000, 0.000000000000000000, 0.000000000000000000 ) ) ;
#5342 =( GEOMETRIC_REPRESENTATION_CONTEXT ( 3 ) GLOBAL_UNCERTAINTY_ASSIGNED_CONTEXT ( ( #5926 ) ) GLOBAL_UNIT_ASSIGNED_CONTEXT ( ( #4279, #4872, #2739 ) ) REPRESENTATION_CONTEXT ( 'NONE', 'WORKASPACE' ) );
#5343 = ORIENTED_EDGE ( 'NONE', *, *, #6382, .F. ) ;
#5344 = ORIENTED_EDGE ( 'NONE', *, *, #1303, .T. ) ;
#5345 = LINE ( 'NONE', #5301, #8495 ) ;
#5346 = DIRECTION ( 'NONE',  ( 0.000000000000000000, 0.000000000000000000, 1.000000000000000000 ) ) ;
#5347 = CARTESIAN_POINT ( 'NONE',  ( -352.1190026065291363, -8.584476798451465385, 0.000000000000000000 ) ) ;
#5348 = AXIS2_PLACEMENT_3D ( 'NONE', #5847, #4475, #7242 ) ;
#5349 = EDGE_CURVE ( 'NONE', #5830, #8583, #6503, .T. ) ;
#5350 = ORIENTED_EDGE ( 'NONE', *, *, #5028, .T. ) ;
#5351 = LINE ( 'NONE', #8250, #7750 ) ;
#5352 = VERTEX_POINT ( 'NONE', #4367 ) ;
#5353 = ORIENTED_EDGE ( 'NONE', *, *, #6019, .T. ) ;
#5354 = ORIENTED_EDGE ( 'NONE', *, *, #6777, .F. ) ;
#5355 = COLOUR_RGB ( '',1.000000000000000000, 1.000000000000000000, 1.000000000000000000 ) ;
#5356 = PLANE ( 'NONE',  #4155 ) ;
#5357 = LINE ( 'NONE', #5268, #692 ) ;
#5358 = LINE ( 'NONE', #8289, #791 ) ;
#5359 = EDGE_CURVE ( 'NONE', #4151, #1008, #926, .T. ) ;
#5360 = LINE ( 'NONE', #9, #2235 ) ;
#5361 = CARTESIAN_POINT ( 'NONE',  ( 33.86666666666673819, -292.9900000000000091, 0.000000000000000000 ) ) ;
#5362 = CARTESIAN_POINT ( 'NONE',  ( 279.4000000000042974, 457.1997093200683935, 11.81000000000000050 ) ) ;
#5363 = ORIENTED_EDGE ( 'NONE', *, *, #1621, .F. ) ;
#5364 = FACE_OUTER_BOUND ( 'NONE', #4712, .T. ) ;
#5365 = VERTEX_POINT ( 'NONE', #7849 ) ;
#5366 = ORIENTED_EDGE ( 'NONE', *, *, #7311, .T. ) ;
#5367 = DIRECTION ( 'NONE',  ( 0.000000000000000000, -1.000000000000000000, 0.000000000000000000 ) ) ;
#5368 = DIRECTION ( 'NONE',  ( 2.014845802307676854E-15, 1.000000000000000000, 0.000000000000000000 ) ) ;
#5369 = LINE ( 'NONE', #1023, #7906 ) ;
#5370 = PRESENTATION_STYLE_ASSIGNMENT (( #7362 ) ) ;
#5371 = EDGE_CURVE ( 'NONE', #2515, #7220, #6456, .T. ) ;
#5372 = CARTESIAN_POINT ( 'NONE',  ( 33.86666666666673819, -292.9900000000000091, 0.000000000000000000 ) ) ;
#5373 = ITEM_DEFINED_TRANSFORMATION ( 'NONE', 'NONE', #8386,  #3886 ) ;
#5374 = UNCERTAINTY_MEASURE_WITH_UNIT (LENGTH_MEASURE( 1.000000000000000082E-05 ), #6147, 'distance_accuracy_value', 'NONE');
#5375 = CARTESIAN_POINT ( 'NONE',  ( 254.0000000000042348, -152.4002906799316861, 11.81000000000000050 ) ) ;
#5376 = ORIENTED_EDGE ( 'NONE', *, *, #6806, .T. ) ;
#5377 = LINE ( 'NONE', #8087, #6925 ) ;
#5378 = ORIENTED_EDGE ( 'NONE', *, *, #7569, .T. ) ;
#5379 = CARTESIAN_POINT ( 'NONE',  ( -382.7386812835922569, -50.72781013178523324, 0.000000000000000000 ) ) ;
#5380 = DIRECTION ( 'NONE',  ( 1.000000000000000000, 0.000000000000000000, 0.000000000000000000 ) ) ;
#5381 = AXIS2_PLACEMENT_3D ( 'NONE', #2243, #5701, #7231 ) ;
#5382 = CARTESIAN_POINT ( 'NONE',  ( 152.3999999999999773, 267.5900000000000318, 0.000000000000000000 ) ) ;
#5383 = ORIENTED_EDGE ( 'NONE', *, *, #7840, .F. ) ;
#5384 = EDGE_CURVE ( 'NONE', #417, #5840, #5007, .T. ) ;
#5385 = FACE_OUTER_BOUND ( 'NONE', #6646, .T. ) ;
#5386 = CARTESIAN_POINT ( 'NONE',  ( -164.2100000000000080, -489.1089142387373840, 1345.223107283573654 ) ) ;
#5387 = EDGE_CURVE ( 'NONE', #7001, #7447, #2872, .T. ) ;
#5388 = DIRECTION ( 'NONE',  ( -1.000000000000000000, 0.000000000000000000, 0.000000000000000000 ) ) ;
#5389 = VECTOR ( 'NONE', #5692, 1000.000000000000000 ) ;
#5390 = VERTEX_POINT ( 'NONE', #2914 ) ;
#5391 = ORIENTED_EDGE ( 'NONE', *, *, #4104, .T. ) ;
#5392 = LINE ( 'NONE', #7526, #3730 ) ;
#5393 = LINE ( 'NONE', #1940, #7206 ) ;
#5394 = EDGE_CURVE ( 'NONE', #4003, #6539, #5055, .T. ) ;
#5395 = FILL_AREA_STYLE ('',( #8865 ) ) ;
#5396 = EDGE_CURVE ( 'NONE', #5331, #7918, #2324, .T. ) ;
#5397 = PLANE ( 'NONE',  #5128 ) ;
#5398 = EDGE_LOOP ( 'NONE', ( #2658, #2315, #5421, #8018 ) ) ;
#5399 = DIRECTION ( 'NONE',  ( -9.106159978880878627E-17, 1.000000000000000000, -0.000000000000000000 ) ) ;
#5400 = LINE ( 'NONE', #8150, #7037 ) ;
#5401 = VERTEX_POINT ( 'NONE', #2229 ) ;
#5402 = ORIENTED_EDGE ( 'NONE', *, *, #4328, .T. ) ;
#5403 = LINE ( 'NONE', #1953, #2419 ) ;
#5404 = EDGE_CURVE ( 'NONE', #3724, #6052, #3691, .T. ) ;
#5405 = CARTESIAN_POINT ( 'NONE',  ( -139.6998546600342195, 7.144215161975786543, 11.81000000000000050 ) ) ;
#5406 = DIRECTION ( 'NONE',  ( 1.000000000000000000, 0.000000000000000000, 0.000000000000000000 ) ) ;
#5407 = CARTESIAN_POINT ( 'NONE',  ( -47.31900260652910362, -67.85114346511811334, 0.000000000000000000 ) ) ;
#5408 = ORIENTED_EDGE ( 'NONE', *, *, #7917, .F. ) ;
#5409 = CARTESIAN_POINT ( 'NONE',  ( 25.40000000000000213, 0.000000000000000000, 164.2100000000000364 ) ) ;
#5410 = AXIS2_PLACEMENT_3D ( 'NONE', #8890, #2061, #1247 ) ;
#5411 = ORIENTED_EDGE ( 'NONE', *, *, #4939, .T. ) ;
#5412 = EDGE_LOOP ( 'NONE', ( #7417, #6508, #1186, #7276 ) ) ;
#5413 = CARTESIAN_POINT ( 'NONE',  ( -223.2989142387372681, 0.000000000000000000, -1142.023107283573609 ) ) ;
#5414 = EDGE_CURVE ( 'NONE', #2571, #1019, #835, .T. ) ;
#5415 = CARTESIAN_POINT ( 'NONE',  ( -59.12900260652914852, -33.98447679845144620, 0.000000000000000000 ) ) ;
#5416 = FACE_OUTER_BOUND ( 'NONE', #7225, .T. ) ;
#5417 = SHAPE_REPRESENTATION_RELATIONSHIP ( 'NONE' , 'NONE' ,  #2203, #6243 ) ;
#5418 = CARTESIAN_POINT ( 'NONE',  ( -152.3999999999999773, 292.9900000000000091, 0.000000000000000000 ) ) ;
#5419 = VECTOR ( 'NONE', #7091, 1000.000000000000000 ) ;
#5420 = DIRECTION ( 'NONE',  ( -0.000000000000000000, -1.000000000000000000, -0.000000000000000000 ) ) ;
#5421 = ORIENTED_EDGE ( 'NONE', *, *, #229, .T. ) ;
#5422 = CARTESIAN_POINT ( 'NONE',  ( -304.8000000000000114, -111.5450820850404625, 11.81000000000000050 ) ) ;
#5423 = VECTOR ( 'NONE', #8843, 1000.000000000000000 ) ;
#5424 = VERTEX_POINT ( 'NONE', #3555 ) ;
#5425 = LINE ( 'NONE', #3386, #7921 ) ;
#5426 = FACE_OUTER_BOUND ( 'NONE', #7496, .T. ) ;
#5427 = CARTESIAN_POINT ( 'NONE',  ( -59.12900260652914852, 50.68218986821523941, 0.000000000000000000 ) ) ;
#5428 = ORIENTED_EDGE ( 'NONE', *, *, #8384, .T. ) ;
#5429 = DIRECTION ( 'NONE',  ( 0.000000000000000000, 0.000000000000000000, 1.000000000000000000 ) ) ;
#5430 = CARTESIAN_POINT ( 'NONE',  ( 71.21772846325086448, -291.2098546600344662, 367.3881810244985218 ) ) ;
#5431 = CARTESIAN_POINT ( 'NONE',  ( -152.3999999999999773, 304.8000000000000114, 11.81000000000000050 ) ) ;
#5432 = EDGE_CURVE ( 'NONE', #457, #1082, #8485, .T. ) ;
#5433 = ORIENTED_EDGE ( 'NONE', *, *, #1164, .F. ) ;
#5434 = ORIENTED_EDGE ( 'NONE', *, *, #6863, .F. ) ;
#5435 = VECTOR ( 'NONE', #4139, 1000.000000000000000 ) ;
#5436 = EDGE_CURVE ( 'NONE', #7604, #8480, #7763, .T. ) ;
#5437 = CARTESIAN_POINT ( 'NONE',  ( 304.8000000000000114, 32.38825124829293145, 0.000000000000000000 ) ) ;
#5438 = ORIENTED_EDGE ( 'NONE', *, *, #3390, .T. ) ;
#5439 = CARTESIAN_POINT ( 'NONE',  ( 292.9900000000000659, -26.87841541837372716, 11.81000000000000050 ) ) ;
#5440 = PLANE ( 'NONE',  #8473 ) ;
#5441 = VECTOR ( 'NONE', #3360, 1000.000000000000000 ) ;
#5442 = ORIENTED_EDGE ( 'NONE', *, *, #3105, .T. ) ;
#5443 = EDGE_CURVE ( 'NONE', #5083, #7756, #969, .T. ) ;
#5444 = ORIENTED_EDGE ( 'NONE', *, *, #7052, .T. ) ;
#5445 = DIRECTION ( 'NONE',  ( 1.000000000000000000, 1.706325926237332771E-16, -0.000000000000000000 ) ) ;
#5446 = EDGE_CURVE ( 'NONE', #5817, #8872, #6413, .T. ) ;
#5447 = DIRECTION ( 'NONE',  ( -0.000000000000000000, -0.000000000000000000, 1.000000000000000000 ) ) ;
#5448 = VECTOR ( 'NONE', #85, 1000.000000000000000 ) ;
#5449 = DIRECTION ( 'NONE',  ( -1.000000000000000000, 0.000000000000000000, 0.000000000000000000 ) ) ;
#5450 = ORIENTED_EDGE ( 'NONE', *, *, #5749, .F. ) ;
#5451 = DIRECTION ( 'NONE',  ( 0.000000000000000000, -0.000000000000000000, 1.000000000000000000 ) ) ;
#5452 =( REPRESENTATION_RELATIONSHIP ('NONE','NONE', #853, #746 ) REPRESENTATION_RELATIONSHIP_WITH_TRANSFORMATION ( #7455 )SHAPE_REPRESENTATION_RELATIONSHIP( ) );
#5453 = CARTESIAN_POINT ( 'NONE',  ( -140.5900000000000034, -267.5900000000000318, 0.000000000000000000 ) ) ;
#5454 = EDGE_CURVE ( 'NONE', #3217, #1118, #1473, .T. ) ;
#5455 = ORIENTED_EDGE ( 'NONE', *, *, #537, .F. ) ;
#5456 = VECTOR ( 'NONE', #3624, 1000.000000000000000 ) ;
#5457 = VERTEX_POINT ( 'NONE', #198 ) ;
#5458 = ORIENTED_EDGE ( 'NONE', *, *, #6337, .F. ) ;
#5459 = CARTESIAN_POINT ( 'NONE',  ( 114.3000000000043030, 445.3897093200683912, 11.81000000000000050 ) ) ;
#5460 = CARTESIAN_POINT ( 'NONE',  ( -340.3090026065290772, -93.25114346511814745, 11.81000000000000050 ) ) ;
#5461 = LINE ( 'NONE', #8225, #4740 ) ;
#5462 = SURFACE_SIDE_STYLE ('',( #2597 ) ) ;
#5463 = AXIS2_PLACEMENT_3D ( 'NONE', #3049, #2227, #8439 ) ;
#5464 = CARTESIAN_POINT ( 'NONE',  ( 140.5900000000000034, 80.73000000000001819, 0.000000000000000000 ) ) ;
#5465 = VECTOR ( 'NONE', #6595, 1000.000000000000000 ) ;
#5466 = EDGE_CURVE ( 'NONE', #5991, #8338, #2959, .T. ) ;
#5467 = CARTESIAN_POINT ( 'NONE',  ( 279.4000000000043542, 165.0997093200683992, 0.000000000000000000 ) ) ;
#5468 = VERTEX_POINT ( 'NONE', #106 ) ;
#5469 = VECTOR ( 'NONE', #5864, 1000.000000000000000 ) ;
#5470 = LINE ( 'NONE', #2026, #2695 ) ;
#5471 = VECTOR ( 'NONE', #2626, 1000.000000000000000 ) ;
#5472 = ORIENTED_EDGE ( 'NONE', *, *, #8660, .T. ) ;
#5473 = CARTESIAN_POINT ( 'NONE',  ( -223.2989142387372681, 11.81000000000000050, -1294.423107283573700 ) ) ;
#5474 = CARTESIAN_POINT ( 'NONE',  ( 152.4002906799316008, 71.53421516197586527, 0.000000000000000000 ) ) ;
#5475 = LINE ( 'NONE', #7565, #2570 ) ;
#5476 = ORIENTED_EDGE ( 'NONE', *, *, #7034, .F. ) ;
#5477 = ADVANCED_BREP_SHAPE_REPRESENTATION ( '', ( #6264, #3886 ), #8082 ) ;
#5478 = DIRECTION ( 'NONE',  ( 0.000000000000000000, 0.000000000000000000, 1.000000000000000000 ) ) ;
#5479 = EDGE_CURVE ( 'NONE', #1460, #5093, #5644, .T. ) ;
#5480 = VECTOR ( 'NONE', #7279, 1000.000000000000000 ) ;
#5481 = VECTOR ( 'NONE', #6607, 1000.000000000000000 ) ;
#5482 = DIRECTION ( 'NONE',  ( 2.276539994720220581E-17, -1.000000000000000000, 0.000000000000000000 ) ) ;
#5483 = EDGE_LOOP ( 'NONE', ( #6977, #3509, #7525, #524 ) ) ;
#5484 =( GEOMETRIC_REPRESENTATION_CONTEXT ( 3 ) GLOBAL_UNCERTAINTY_ASSIGNED_CONTEXT ( ( #2553 ) ) GLOBAL_UNIT_ASSIGNED_CONTEXT ( ( #7042, #1386, #4235 ) ) REPRESENTATION_CONTEXT ( 'NONE', 'WORKASPACE' ) );
#5485 = ORIENTED_EDGE ( 'NONE', *, *, #4336, .T. ) ;
#5486 = CARTESIAN_POINT ( 'NONE',  ( 152.4002906799316008, 96.93421516197587096, 0.000000000000000000 ) ) ;
#5487 = CARTESIAN_POINT ( 'NONE',  ( -292.9900000000000091, 6.988251248292873363, 11.81000000000000050 ) ) ;
#5488 = EDGE_CURVE ( 'NONE', #3688, #457, #4959, .T. ) ;
#5489 = STYLED_ITEM ( 'NONE', ( #2939 ), #5057 ) ;
#5490 = EDGE_LOOP ( 'NONE', ( #7571, #7211, #5402, #1936 ) ) ;
#5491 = CARTESIAN_POINT ( 'NONE',  ( -340.3090026065291340, 50.68218986821521099, 0.000000000000000000 ) ) ;
#5492 = LINE ( 'NONE', #2580, #382 ) ;
#5493 = VERTEX_POINT ( 'NONE', #4278 ) ;
#5494 = ORIENTED_EDGE ( 'NONE', *, *, #7940, .F. ) ;
#5495 = ORIENTED_EDGE ( 'NONE', *, *, #1431, .F. ) ;
#5496 = EDGE_LOOP ( 'NONE', ( #1726, #2860, #7955, #5251 ) ) ;
#5497 = CARTESIAN_POINT ( 'NONE',  ( -106.1299999999999955, -111.5450820850404767, 0.000000000000000000 ) ) ;
#5498 = CARTESIAN_POINT ( 'NONE',  ( -140.5900000000000034, -292.9900000000000091, 0.000000000000000000 ) ) ;
#5499 = EDGE_CURVE ( 'NONE', #822, #7964, #5140, .T. ) ;
#5500 = DIRECTION ( 'NONE',  ( 0.000000000000000000, -0.000000000000000000, -1.000000000000000000 ) ) ;
#5501 = FACE_OUTER_BOUND ( 'NONE', #3707, .T. ) ;
#5502 = FACE_OUTER_BOUND ( 'NONE', #1187, .T. ) ;
#5503 = ADVANCED_FACE ( 'NONE', ( #5824 ), #2365, .F. ) ;
#5504 = ORIENTED_EDGE ( 'NONE', *, *, #29, .T. ) ;
#5505 = LINE ( 'NONE', #5547, #2217 ) ;
#5506 = ORIENTED_EDGE ( 'NONE', *, *, #3776, .T. ) ;
#5507 = ORIENTED_EDGE ( 'NONE', *, *, #5088, .F. ) ;
#5508 = LINE ( 'NONE', #6908, #7337 ) ;
#5509 = CARTESIAN_POINT ( 'NONE',  ( 304.8000000000000114, -52.27841541837373995, 0.000000000000000000 ) ) ;
#5510 = DIRECTION ( 'NONE',  ( -1.000000000000000000, -0.000000000000000000, -0.000000000000000000 ) ) ;
#5511 = SURFACE_STYLE_FILL_AREA ( #1002 ) ;
#5512 = PRODUCT_DEFINITION_FORMATION_WITH_SPECIFIED_SOURCE ( 'ANY', '', #265, .NOT_KNOWN. ) ;
#5513 = FACE_OUTER_BOUND ( 'NONE', #3813, .T. ) ;
#5514 = CONTEXT_DEPENDENT_SHAPE_REPRESENTATION ( #1984, #4240 ) ;
#5515 = EDGE_CURVE ( 'NONE', #4470, #8647, #1906, .T. ) ;
#5516 = CARTESIAN_POINT ( 'NONE',  ( -59.26666666666662309, 292.9900000000000091, 0.000000000000000000 ) ) ;
#5517 = ORIENTED_EDGE ( 'NONE', *, *, #1323, .T. ) ;
#5518 = PLANE ( 'NONE',  #1108 ) ;
#5519 = DIRECTION ( 'NONE',  ( 1.000000000000000000, 0.000000000000000000, 0.000000000000000000 ) ) ;
#5520 = ADVANCED_FACE ( 'NONE', ( #3905 ), #5356, .T. ) ;
#5521 = CARTESIAN_POINT ( 'NONE',  ( -47.31900260652910362, -8.584476798451436963, 0.000000000000000000 ) ) ;
#5522 = DIRECTION ( 'NONE',  ( 1.000000000000000000, 0.000000000000000000, 0.000000000000000000 ) ) ;
#5523 = VERTEX_POINT ( 'NONE', #6850 ) ;
#5524 = CARTESIAN_POINT ( 'NONE',  ( -687.5386812835920409, -152.3278101317851565, 0.000000000000000000 ) ) ;
#5525 = DIRECTION ( 'NONE',  ( 0.4999999999999948930, 1.276222519706407367E-16, 0.8660254037844414832 ) ) ;
#5526 =( REPRESENTATION_RELATIONSHIP ('NONE','NONE', #853, #746 ) REPRESENTATION_RELATIONSHIP_WITH_TRANSFORMATION ( #4011 )SHAPE_REPRESENTATION_RELATIONSHIP( ) );
#5527 = FACE_OUTER_BOUND ( 'NONE', #6813, .T. ) ;
#5528 = ORIENTED_EDGE ( 'NONE', *, *, #3489, .F. ) ;
#5529 = VECTOR ( 'NONE', #6403, 1000.000000000000000 ) ;
#5530 = EDGE_CURVE ( 'NONE', #4128, #8583, #6715, .T. ) ;
#5531 = ORIENTED_EDGE ( 'NONE', *, *, #1375, .F. ) ;
#5532 = LINE ( 'NONE', #2844, #550 ) ;
#5533 = LINE ( 'NONE', #6168, #3744 ) ;
#5534 = PLANE ( 'NONE',  #1652 ) ;
#5535 = VECTOR ( 'NONE', #4282, 1000.000000000000000 ) ;
#5536 = ORIENTED_EDGE ( 'NONE', *, *, #5613, .F. ) ;
#5537 = DIRECTION ( 'NONE',  ( 1.000000000000000000, 0.000000000000000000, -0.000000000000000000 ) ) ;
#5538 = ORIENTED_EDGE ( 'NONE', *, *, #6329, .F. ) ;
#5539 = ORIENTED_EDGE ( 'NONE', *, *, #4190, .T. ) ;
#5540 = CARTESIAN_POINT ( 'NONE',  ( -394.5486812835924297, -76.12781013178522471, 0.000000000000000000 ) ) ;
#5541 = LINE ( 'NONE', #1328, #7674 ) ;
#5542 = CARTESIAN_POINT ( 'NONE',  ( -13.58999999999560160, 419.9897093200684139, 0.000000000000000000 ) ) ;
#5543 = PRODUCT_DEFINITION_SHAPE ( 'NONE', 'NONE',  #6510 ) ;
#5544 = CARTESIAN_POINT ( 'NONE',  ( 267.5900000000043519, 419.9897093200684139, 11.81000000000000050 ) ) ;
#5545 = CARTESIAN_POINT ( 'NONE',  ( -152.3999999999999773, -304.8000000000000114, 11.81000000000000050 ) ) ;
#5546 = ORIENTED_EDGE ( 'NONE', *, *, #446, .T. ) ;
#5547 = CARTESIAN_POINT ( 'NONE',  ( -292.9900000000000091, -99.73508208504048866, 0.000000000000000000 ) ) ;
#5548 = EDGE_LOOP ( 'NONE', ( #7118, #5592, #5655, #1961 ) ) ;
#5549 = ADVANCED_FACE ( 'NONE', ( #2004 ), #5309, .T. ) ;
#5550 = ORIENTED_EDGE ( 'NONE', *, *, #2391, .T. ) ;
#5551 = DIRECTION ( 'NONE',  ( -0.000000000000000000, 0.000000000000000000, 1.000000000000000000 ) ) ;
#5552 = DIRECTION ( 'NONE',  ( -0.000000000000000000, -0.000000000000000000, 1.000000000000000000 ) ) ;
#5553 = CARTESIAN_POINT ( 'NONE',  ( 140.5902906799316270, 58.83421516197587664, 0.000000000000000000 ) ) ;
#5554 = EDGE_CURVE ( 'NONE', #4950, #1027, #458, .T. ) ;
#5555 = DIRECTION ( 'NONE',  ( 2.014845802307676854E-15, 1.000000000000000000, 0.000000000000000000 ) ) ;
#5556 = LINE ( 'NONE', #4150, #5827 ) ;
#5557 = ORIENTED_EDGE ( 'NONE', *, *, #2119, .F. ) ;
#5558 = ADVANCED_FACE ( 'NONE', ( #3228 ), #3319, .F. ) ;
#5559 = CARTESIAN_POINT ( 'NONE',  ( -346.6871619467640357, 11.81000000000000050, -616.1005700363344886 ) ) ;
#5560 = CARTESIAN_POINT ( 'NONE',  ( -352.1190026065291363, -140.7078101317848393, 0.000000000000000000 ) ) ;
#5561 = AXIS2_PLACEMENT_3D ( 'NONE', #3508, #742, #4865 ) ;
#5562 = CARTESIAN_POINT ( 'NONE',  ( -457.1999999999999886, 33.43421516197582832, 11.81000000000000050 ) ) ;
#5563 = CARTESIAN_POINT ( 'NONE',  ( -33.86666666666661740, -304.8000000000000114, 0.000000000000000000 ) ) ;
#5564 = ORIENTED_EDGE ( 'NONE', *, *, #404, .F. ) ;
#5565 = PLANE ( 'NONE',  #940 ) ;
#5566 = CONTEXT_DEPENDENT_SHAPE_REPRESENTATION ( #5628, #6564 ) ;
#5567 = AXIS2_PLACEMENT_3D ( 'NONE', #2760, #1455, #1192 ) ;
#5568 = PRODUCT_RELATED_PRODUCT_CATEGORY ( 'part', '', ( #115 ) ) ;
#5569 = CARTESIAN_POINT ( 'NONE',  ( -326.7190026065292159, -152.5178101317848132, 0.000000000000000000 ) ) ;
#5570 = ORIENTED_EDGE ( 'NONE', *, *, #5008, .T. ) ;
#5571 = ORIENTED_EDGE ( 'NONE', *, *, #1365, .T. ) ;
#5572 = CARTESIAN_POINT ( 'NONE',  ( -687.5386812835920409, -152.3278101317851565, 0.000000000000000000 ) ) ;
#5573 = FACE_OUTER_BOUND ( 'NONE', #4142, .T. ) ;
#5574 = DIRECTION ( 'NONE',  ( 1.000000000000000000, -0.000000000000000000, 0.000000000000000000 ) ) ;
#5575 = APPLICATION_CONTEXT ( 'automotive_design' ) ;
#5576 = VECTOR ( 'NONE', #8126, 1000.000000000000000 ) ;
#5577 = CARTESIAN_POINT ( 'NONE',  ( 140.5902906799316270, 96.93421516197595622, 11.81000000000000050 ) ) ;
#5578 = EDGE_CURVE ( 'NONE', #417, #4029, #3269, .T. ) ;
#5579 = ORIENTED_EDGE ( 'NONE', *, *, #1064, .F. ) ;
#5580 = STYLED_ITEM ( 'NONE', ( #109 ), #2927 ) ;
#5581 = VERTEX_POINT ( 'NONE', #7391 ) ;
#5582 = ORIENTED_EDGE ( 'NONE', *, *, #7697, .T. ) ;
#5583 = DIRECTION ( 'NONE',  ( 1.000000000000000000, 0.000000000000000000, 0.000000000000000000 ) ) ;
#5584 = FACE_OUTER_BOUND ( 'NONE', #236, .T. ) ;
#5585 = CARTESIAN_POINT ( 'NONE',  ( -675.7286812835919818, -76.12781013178523892, 0.000000000000000000 ) ) ;
#5586 = AXIS2_PLACEMENT_3D ( 'NONE', #7800, #2815, #2998 ) ;
#5587 = LINE ( 'NONE', #1596, #7975 ) ;
#5588 = DIRECTION ( 'NONE',  ( -0.000000000000000000, -0.000000000000000000, -1.000000000000000000 ) ) ;
#5589 = ORIENTED_EDGE ( 'NONE', *, *, #7403, .F. ) ;
#5590 = DIRECTION ( 'NONE',  ( -1.000000000000000000, -0.000000000000000000, 1.092739197465705287E-15 ) ) ;
#5591 = VERTEX_POINT ( 'NONE', #1189 ) ;
#5592 = ORIENTED_EDGE ( 'NONE', *, *, #5081, .F. ) ;
#5593 = CARTESIAN_POINT ( 'NONE',  ( -445.3899999999999864, 33.43421516197582832, 11.81000000000000050 ) ) ;
#5594 = VECTOR ( 'NONE', #2705, 1000.000000000000000 ) ;
#5595 = LINE ( 'NONE', #8353, #2372 ) ;
#5596 = CARTESIAN_POINT ( 'NONE',  ( 304.8000000000000114, -111.5450820850404057, 11.81000000000000050 ) ) ;
#5597 =( LENGTH_UNIT ( ) NAMED_UNIT ( * ) SI_UNIT ( .MILLI., .METRE. ) );
#5598 = CARTESIAN_POINT ( 'NONE',  ( 59.26666666666674388, 304.8000000000000114, 11.81000000000000050 ) ) ;
#5599 = EDGE_CURVE ( 'NONE', #6040, #6213, #7486, .T. ) ;
#5600 = VECTOR ( 'NONE', #8549, 1000.000000000000000 ) ;
#5601 = CARTESIAN_POINT ( 'NONE',  ( -152.3999999999999773, 80.73000000000007503, 0.000000000000000000 ) ) ;
#5602 = VERTEX_POINT ( 'NONE', #8785 ) ;
#5603 = LINE ( 'NONE', #7644, #6904 ) ;
#5604 = VECTOR ( 'NONE', #795, 1000.000000000000000 ) ;
#5605 = VECTOR ( 'NONE', #1512, 1000.000000000000000 ) ;
#5606 = PLANE ( 'NONE',  #389 ) ;
#5607 = FACE_OUTER_BOUND ( 'NONE', #3673, .T. ) ;
#5608 = VERTEX_POINT ( 'NONE', #3949 ) ;
#5609 = DIRECTION ( 'NONE',  ( -0.000000000000000000, -0.000000000000000000, 1.000000000000000000 ) ) ;
#5610 = ADVANCED_FACE ( 'NONE', ( #6177 ), #2583, .T. ) ;
#5611 = AXIS2_PLACEMENT_3D ( 'NONE', #8839, #5367, #2636 ) ;
#5612 = VECTOR ( 'NONE', #5583, 1000.000000000000000 ) ;
#5613 = EDGE_CURVE ( 'NONE', #8367, #1076, #7349, .T. ) ;
#5614 = DIRECTION ( 'NONE',  ( -0.000000000000000000, -1.000000000000000000, -0.000000000000000000 ) ) ;
#5615 = VERTEX_POINT ( 'NONE', #8155 ) ;
#5616 = ORIENTED_EDGE ( 'NONE', *, *, #2332, .T. ) ;
#5617 = DIRECTION ( 'NONE',  ( -1.000000000000000000, 0.000000000000000000, 0.000000000000000000 ) ) ;
#5618 = CARTESIAN_POINT ( 'NONE',  ( -233.5856692731958617, -152.5178101317848416, 0.000000000000000000 ) ) ;
#5619 = PRODUCT_DEFINITION_SHAPE ( 'NONE', 'NONE',  #8956 ) ;
#5620 = VECTOR ( 'NONE', #8208, 1000.000000000000000 ) ;
#5621 = FACE_OUTER_BOUND ( 'NONE', #2352, .T. ) ;
#5622 = VECTOR ( 'NONE', #8246, 1000.000000000000000 ) ;
#5623 = LINE ( 'NONE', #6394, #6172 ) ;
#5624 = VECTOR ( 'NONE', #1793, 1000.000000000000000 ) ;
#5625 = ORIENTED_EDGE ( 'NONE', *, *, #6496, .T. ) ;
#5626 = ORIENTED_EDGE ( 'NONE', *, *, #8496, .F. ) ;
#5627 = LINE ( 'NONE', #5497, #8213 ) ;
#5628 =( REPRESENTATION_RELATIONSHIP ('NONE','NONE', #853, #3137 ) REPRESENTATION_RELATIONSHIP_WITH_TRANSFORMATION ( #2796 )SHAPE_REPRESENTATION_RELATIONSHIP( ) );
#5629 = DIRECTION ( 'NONE',  ( 0.000000000000000000, 1.000000000000000000, 0.000000000000000000 ) ) ;
#5630 = EDGE_CURVE ( 'NONE', #6174, #7445, #7436, .T. ) ;
#5631 = AXIS2_PLACEMENT_3D ( 'NONE', #6596, #3061, #7898 ) ;
#5632 = CARTESIAN_POINT ( 'NONE',  ( 139.7000000000043087, -140.5902906799316838, 11.81000000000000050 ) ) ;
#5633 = ORIENTED_EDGE ( 'NONE', *, *, #5953, .F. ) ;
#5634 = CARTESIAN_POINT ( 'NONE',  ( -152.3999999999999773, -304.8000000000000114, 0.000000000000000000 ) ) ;
#5635 = CARTESIAN_POINT ( 'NONE',  ( 304.8000000000000114, -86.14508208504039999, 0.000000000000000000 ) ) ;
#5636 = ORIENTED_EDGE ( 'NONE', *, *, #5554, .T. ) ;
#5637 = ORIENTED_EDGE ( 'NONE', *, *, #2727, .T. ) ;
#5638 = MECHANICAL_DESIGN_GEOMETRIC_PRESENTATION_REPRESENTATION (  '', ( #2577 ), #5342 ) ;
#5639 = ORIENTED_EDGE ( 'NONE', *, *, #982, .T. ) ;
#5640 = PLANE ( 'NONE',  #2852 ) ;
#5641 = EDGE_CURVE ( 'NONE', #1027, #5401, #6762, .T. ) ;
#5642 = PLANE ( 'NONE',  #4738 ) ;
#5643 = DIRECTION ( 'NONE',  ( -1.000000000000000000, -2.900420671469659582E-16, 0.000000000000000000 ) ) ;
#5644 = LINE ( 'NONE', #8399, #3864 ) ;
#5645 =( LENGTH_UNIT ( ) NAMED_UNIT ( * ) SI_UNIT ( .MILLI., .METRE. ) );
#5646 =( NAMED_UNIT ( * ) SI_UNIT ( $, .STERADIAN. ) SOLID_ANGLE_UNIT ( ) );
#5647 = STYLED_ITEM ( 'NONE', ( #950 ), #5812 ) ;
#5648 = DIRECTION ( 'NONE',  ( 0.000000000000000000, 0.000000000000000000, -1.000000000000000000 ) ) ;
#5649 = ORIENTED_EDGE ( 'NONE', *, *, #7320, .F. ) ;
#5650 = CARTESIAN_POINT ( 'NONE',  ( 152.3999999999999773, -267.5900000000000318, 11.81000000000000050 ) ) ;
#5651 = AXIS2_PLACEMENT_3D ( 'NONE', #1664, #3759, #6478 ) ;
#5652 = EDGE_CURVE ( 'NONE', #522, #6535, #5403, .T. ) ;
#5653 = LINE ( 'NONE', #890, #677 ) ;
#5654 = CARTESIAN_POINT ( 'NONE',  ( -33.86666666666661740, -292.9900000000000091, 0.000000000000000000 ) ) ;
#5655 = ORIENTED_EDGE ( 'NONE', *, *, #7041, .T. ) ;
#5656 = CARTESIAN_POINT ( 'NONE',  ( -346.6871619467639789, 11.81000000000000050, -514.5005700363345795 ) ) ;
#5657 = PLANE ( 'NONE',  #5970 ) ;
#5658 = ORIENTED_EDGE ( 'NONE', *, *, #8822, .T. ) ;
#5659 = PLANE ( 'NONE',  #7771 ) ;
#5660 = ORIENTED_EDGE ( 'NONE', *, *, #6815, .T. ) ;
#5661 = EDGE_CURVE ( 'NONE', #726, #5265, #6808, .T. ) ;
#5662 = EDGE_LOOP ( 'NONE', ( #5671, #88, #383, #1195 ) ) ;
#5663 = EDGE_CURVE ( 'NONE', #5930, #8605, #8875, .T. ) ;
#5664 = CARTESIAN_POINT ( 'NONE',  ( 267.5900000000043519, 419.9897093200684139, 11.81000000000000050 ) ) ;
#5665 = DIRECTION ( 'NONE',  ( 1.000000000000000000, 0.000000000000000000, 0.000000000000000000 ) ) ;
#5666 = CARTESIAN_POINT ( 'NONE',  ( 292.9900000000000091, -52.27841541837373995, 0.000000000000000000 ) ) ;
#5667 = LINE ( 'NONE', #865, #2656 ) ;
#5668 = CARTESIAN_POINT ( 'NONE',  ( 0.000000000000000000, 0.000000000000000000, 0.000000000000000000 ) ) ;
#5669 = ADVANCED_FACE ( 'NONE', ( #7538 ), #8206, .F. ) ;
#5670 = DIRECTION ( 'NONE',  ( 0.000000000000000000, -1.000000000000000000, 0.000000000000000000 ) ) ;
#5671 = ORIENTED_EDGE ( 'NONE', *, *, #7121, .T. ) ;
#5672 = VERTEX_POINT ( 'NONE', #6356 ) ;
#5673 = EDGE_CURVE ( 'NONE', #380, #3893, #2768, .T. ) ;
#5674 = CARTESIAN_POINT ( 'NONE',  ( -72.71900260652908798, -152.5178101317848984, 0.000000000000000000 ) ) ;
#5675 = ADVANCED_FACE ( 'NONE', ( #2090 ), #6308, .F. ) ;
#5676 = PLANE ( 'NONE',  #8646 ) ;
#5677 = AXIS2_PLACEMENT_3D ( 'NONE', #3083, #279, #1047 ) ;
#5678 = DIRECTION ( 'NONE',  ( -0.000000000000000000, 1.000000000000000000, -0.000000000000000000 ) ) ;
#5679 = EDGE_LOOP ( 'NONE', ( #5154, #1457, #544, #3911 ) ) ;
#5680 = LINE ( 'NONE', #4908, #5816 ) ;
#5681 = CARTESIAN_POINT ( 'NONE',  ( -687.5386812835920409, -114.2278101317851906, 0.000000000000000000 ) ) ;
#5682 = ORIENTED_EDGE ( 'NONE', *, *, #4704, .F. ) ;
#5683 = DIRECTION ( 'NONE',  ( 0.000000000000000000, -1.000000000000000000, 0.000000000000000000 ) ) ;
#5684 = VERTEX_POINT ( 'NONE', #1372 ) ;
#5685 = EDGE_CURVE ( 'NONE', #1576, #7401, #2134, .T. ) ;
#5686 = VECTOR ( 'NONE', #8073, 1000.000000000000000 ) ;
#5687 = CARTESIAN_POINT ( 'NONE',  ( 127.0000000000001137, -292.9900000000000091, 0.000000000000000000 ) ) ;
#5688 = FACE_OUTER_BOUND ( 'NONE', #8507, .T. ) ;
#5689 = LINE ( 'NONE', #2958, #8447 ) ;
#5690 = DIRECTION ( 'NONE',  ( -0.000000000000000000, -1.000000000000000000, -0.000000000000000000 ) ) ;
#5691 = DIRECTION ( 'NONE',  ( 1.000000000000000000, 0.000000000000000000, 0.000000000000000000 ) ) ;
#5692 = DIRECTION ( 'NONE',  ( -0.000000000000000000, -0.000000000000000000, 1.000000000000000000 ) ) ;
#5693 = ORIENTED_EDGE ( 'NONE', *, *, #1484, .T. ) ;
#5694 = EDGE_CURVE ( 'NONE', #7883, #3755, #817, .T. ) ;
#5695 = LINE ( 'NONE', #7002, #8489 ) ;
#5696 = DIRECTION ( 'NONE',  ( 0.000000000000000000, 0.000000000000000000, 1.000000000000000000 ) ) ;
#5697 = CARTESIAN_POINT ( 'NONE',  ( -419.9900000000000091, 7.144215161975845163, 0.000000000000000000 ) ) ;
#5698 = DIRECTION ( 'NONE',  ( -0.000000000000000000, 1.000000000000000000, 0.000000000000000000 ) ) ;
#5699 = DIRECTION ( 'NONE',  ( 0.000000000000000000, -0.000000000000000000, 1.000000000000000000 ) ) ;
#5700 = SHAPE_DEFINITION_REPRESENTATION ( #4387, #413 ) ;
#5701 = DIRECTION ( 'NONE',  ( 0.000000000000000000, -1.000000000000000000, 0.000000000000000000 ) ) ;
#5702 = ORIENTED_EDGE ( 'NONE', *, *, #8471, .T. ) ;
#5703 = LINE ( 'NONE', #6252, #2703 ) ;
#5704 = VERTEX_POINT ( 'NONE', #694 ) ;
#5705 = AXIS2_PLACEMENT_3D ( 'NONE', #7560, #6919, #4793 ) ;
#5706 = ORIENTED_EDGE ( 'NONE', *, *, #2985, .F. ) ;
#5707 = CARTESIAN_POINT ( 'NONE',  ( -382.7386812835923138, -76.12781013178522471, 0.000000000000000000 ) ) ;
#5708 = CARTESIAN_POINT ( 'NONE',  ( 114.3000000000043173, -152.4002906799316861, 0.000000000000000000 ) ) ;
#5709 = LINE ( 'NONE', #810, #8222 ) ;
#5710 = PLANE ( 'NONE',  #8876 ) ;
#5711 =( NAMED_UNIT ( * ) SI_UNIT ( $, .STERADIAN. ) SOLID_ANGLE_UNIT ( ) );
#5712 = VECTOR ( 'NONE', #6633, 1000.000000000000000 ) ;
#5713 = EDGE_CURVE ( 'NONE', #3898, #466, #2855, .T. ) ;
#5714 = CARTESIAN_POINT ( 'NONE',  ( 254.0000000000042348, 457.1997093200683935, 0.000000000000000000 ) ) ;
#5715 = ORIENTED_EDGE ( 'NONE', *, *, #5349, .T. ) ;
#5716 = EDGE_CURVE ( 'NONE', #7022, #1681, #4310, .T. ) ;
#5717 = EDGE_LOOP ( 'NONE', ( #2589, #1790, #1531, #6170 ) ) ;
#5718 = DIRECTION ( 'NONE',  ( 0.000000000000000000, -1.000000000000000000, 0.000000000000000000 ) ) ;
#5719 = VECTOR ( 'NONE', #8673, 1000.000000000000000 ) ;
#5720 = CARTESIAN_POINT ( 'NONE',  ( -340.3090026065290772, -33.98447679845147462, 0.000000000000000000 ) ) ;
#5721 = CARTESIAN_POINT ( 'NONE',  ( -106.1299999999999955, -111.5450820850404767, 0.000000000000000000 ) ) ;
#5722 = EDGE_CURVE ( 'NONE', #1451, #1937, #4134, .T. ) ;
#5723 = ORIENTED_EDGE ( 'NONE', *, *, #6144, .T. ) ;
#5724 = LINE ( 'NONE', #5634, #7687 ) ;
#5725 = DIRECTION ( 'NONE',  ( -0.000000000000000000, -0.000000000000000000, 1.000000000000000000 ) ) ;
#5726 = AXIS2_PLACEMENT_3D ( 'NONE', #3778, #4538, #1149 ) ;
#5727 = ORIENTED_EDGE ( 'NONE', *, *, #8318, .F. ) ;
#5728 = DIRECTION ( 'NONE',  ( -0.000000000000000000, -1.000000000000000000, -0.000000000000000000 ) ) ;
#5729 = VERTEX_POINT ( 'NONE', #7702 ) ;
#5730 = EDGE_CURVE ( 'NONE', #7513, #5817, #5627, .T. ) ;
#5731 = ORIENTED_EDGE ( 'NONE', *, *, #1148, .F. ) ;
#5732 = LINE ( 'NONE', #8567, #5181 ) ;
#5733 = VECTOR ( 'NONE', #3223, 1000.000000000000000 ) ;
#5734 = DIRECTION ( 'NONE',  ( -0.000000000000000000, 1.000000000000000000, 0.000000000000000000 ) ) ;
#5735 = CARTESIAN_POINT ( 'NONE',  ( -47.31900260652910362, -127.1178101317847791, 11.81000000000000050 ) ) ;
#5736 = LINE ( 'NONE', #8487, #5874 ) ;
#5737 = PRODUCT_RELATED_PRODUCT_CATEGORY ( 'part', '', ( #7853 ) ) ;
#5738 = FACE_OUTER_BOUND ( 'NONE', #921, .T. ) ;
#5739 = VECTOR ( 'NONE', #7379, 1000.000000000000000 ) ;
#5740 = VERTEX_POINT ( 'NONE', #6939 ) ;
#5741 = DIRECTION ( 'NONE',  ( 1.706325926237332771E-16, -1.000000000000000000, -0.000000000000000000 ) ) ;
#5742 = DIRECTION ( 'NONE',  ( -1.000000000000000000, 0.000000000000000000, 0.000000000000000000 ) ) ;
#5743 = CARTESIAN_POINT ( 'NONE',  ( -304.8000000000000114, -26.87841541837379111, 0.000000000000000000 ) ) ;
#5744 = CARTESIAN_POINT ( 'NONE',  ( -295.8871619467639675, 11.81000000000000050, -616.1005700363347160 ) ) ;
#5745 = LINE ( 'NONE', #4334, #2518 ) ;
#5746 = VECTOR ( 'NONE', #2333, 1000.000000000000000 ) ;
#5747 = APPLICATION_PROTOCOL_DEFINITION ( 'draft international standard', 'automotive_design', 1998, #5751 ) ;
#5748 = UNCERTAINTY_MEASURE_WITH_UNIT (LENGTH_MEASURE( 1.000000000000000082E-05 ), #6082, 'distance_accuracy_value', 'NONE');
#5749 = EDGE_CURVE ( 'NONE', #4510, #1460, #4903, .T. ) ;
#5750 = DIRECTION ( 'NONE',  ( 1.706325926237332771E-16, -1.000000000000000000, 0.000000000000000000 ) ) ;
#5751 = APPLICATION_CONTEXT ( 'automotive_design' ) ;
#5752 = ORIENTED_EDGE ( 'NONE', *, *, #6417, .T. ) ;
#5753 = AXIS2_PLACEMENT_3D ( 'NONE', #2508, #4469, #6472 ) ;
#5754 = LINE ( 'NONE', #2245, #7638 ) ;
#5755 = VECTOR ( 'NONE', #6322, 1000.000000000000000 ) ;
#5756 = VERTEX_POINT ( 'NONE', #1417 ) ;
#5757 = ORIENTED_EDGE ( 'NONE', *, *, #1832, .F. ) ;
#5758 = CARTESIAN_POINT ( 'NONE',  ( -126.9999999999999716, -304.8000000000000114, 0.000000000000000000 ) ) ;
#5759 = LINE ( 'NONE', #8509, #92 ) ;
#5760 = FACE_OUTER_BOUND ( 'NONE', #1529, .T. ) ;
#5761 = ADVANCED_FACE ( 'NONE', ( #3538 ), #4261, .T. ) ;
#5762 = CARTESIAN_POINT ( 'NONE',  ( -457.1999999999999886, 71.53421516197580843, 0.000000000000000000 ) ) ;
#5763 = SHAPE_REPRESENTATION_RELATIONSHIP ( 'NONE' , 'NONE' ,  #3527, #5057 ) ;
#5764 = VECTOR ( 'NONE', #2493, 1000.000000000000000 ) ;
#5765 = VECTOR ( 'NONE', #872, 1000.000000000000000 ) ;
#5766 = CARTESIAN_POINT ( 'NONE',  ( 25.40000000000001279, 0.000000000000000000, 304.8000000000000682 ) ) ;
#5767 = ORIENTED_EDGE ( 'NONE', *, *, #5810, .F. ) ;
#5768 = VECTOR ( 'NONE', #3270, 1000.000000000000000 ) ;
#5769 = ORIENTED_EDGE ( 'NONE', *, *, #8384, .F. ) ;
#5771 = CARTESIAN_POINT ( 'NONE',  ( 304.8000000000000114, -86.14508208504039999, 11.81000000000000050 ) ) ;
#5770 = AXIS2_PLACEMENT_3D ( 'NONE', #946, #4424, #5076 ) ;
#5772 = DIRECTION ( 'NONE',  ( 1.000000000000000000, 1.706325926237332771E-16, -0.000000000000000000 ) ) ;
#5773 = EDGE_CURVE ( 'NONE', #6499, #6354, #3463, .T. ) ;
#5774 = LINE ( 'NONE', #2996, #1670 ) ;
#5775 = PRODUCT_DEFINITION_SHAPE ( 'NONE', 'NONE',  #4395 ) ;
#5776 = VECTOR ( 'NONE', #2890, 1000.000000000000000 ) ;
#5777 = ORIENTED_EDGE ( 'NONE', *, *, #7981, .F. ) ;
#5778 = VECTOR ( 'NONE', #8029, 1000.000000000000000 ) ;
#5779 = CARTESIAN_POINT ( 'NONE',  ( -675.7286812835920955, -88.82781013178518492, 0.000000000000000000 ) ) ;
#5780 = CARTESIAN_POINT ( 'NONE',  ( -59.12900260652919826, 25.28218986821523373, 0.000000000000000000 ) ) ;
#5781 = ORIENTED_EDGE ( 'NONE', *, *, #3350, .T. ) ;
#5782 = CARTESIAN_POINT ( 'NONE',  ( 59.26666666666674388, 304.8000000000000114, 11.81000000000000050 ) ) ;
#5783 = ORIENTED_EDGE ( 'NONE', *, *, #2799, .T. ) ;
#5784 = ORIENTED_EDGE ( 'NONE', *, *, #2355, .F. ) ;
#5785 = DIRECTION ( 'NONE',  ( 0.000000000000000000, -1.000000000000000000, 0.000000000000000000 ) ) ;
#5786 = EDGE_CURVE ( 'NONE', #8338, #7498, #8254, .T. ) ;
#5787 = DIRECTION ( 'NONE',  ( -0.000000000000000000, -0.000000000000000000, 1.000000000000000000 ) ) ;
#5788 = CARTESIAN_POINT ( 'NONE',  ( -172.4989142387372567, 11.81000000000000050, -1142.023107283573381 ) ) ;
#5789 = LINE ( 'NONE', #5825, #1086 ) ;
#5790 = EDGE_CURVE ( 'NONE', #6127, #665, #2174, .T. ) ;
#5791 = DIRECTION ( 'NONE',  ( -0.000000000000000000, -0.000000000000000000, 1.000000000000000000 ) ) ;
#5792 = EDGE_LOOP ( 'NONE', ( #8109, #7423, #4133, #7632 ) ) ;
#5793 = CARTESIAN_POINT ( 'NONE',  ( 267.5900000000043519, 419.9897093200684139, 0.000000000000000000 ) ) ;
#5794 = ADVANCED_FACE ( 'NONE', ( #138 ), #2898, .T. ) ;
#5795 = CARTESIAN_POINT ( 'NONE',  ( 115.1902906799316355, -4.665784838024267245, 0.000000000000000000 ) ) ;
#5796 = LINE ( 'NONE', #7856, #4764 ) ;
#5797 = AXIS2_PLACEMENT_3D ( 'NONE', #995, #3889, #7913 ) ;
#5798 = CARTESIAN_POINT ( 'NONE',  ( 127.0000000000001137, -292.9900000000000091, 11.81000000000000050 ) ) ;
#5799 = ORIENTED_EDGE ( 'NONE', *, *, #2690, .F. ) ;
#5800 = CARTESIAN_POINT ( 'NONE',  ( -25.40000000000000213, 11.81000000000000050, 164.2100000000000364 ) ) ;
#5801 = EDGE_LOOP ( 'NONE', ( #3277, #2247, #6528, #988 ) ) ;
#5802 = EDGE_CURVE ( 'NONE', #5928, #4707, #7076, .T. ) ;
#5803 = VERTEX_POINT ( 'NONE', #2723 ) ;
#5804 = DIRECTION ( 'NONE',  ( 0.000000000000000000, 0.000000000000000000, 1.000000000000000000 ) ) ;
#5805 = CARTESIAN_POINT ( 'NONE',  ( 114.3000000000043030, 445.3897093200683912, 0.000000000000000000 ) ) ;
#5806 = DIRECTION ( 'NONE',  ( 0.000000000000000000, -0.000000000000000000, 1.000000000000000000 ) ) ;
#5807 = LINE ( 'NONE', #7114, #6435 ) ;
#5808 =( LENGTH_UNIT ( ) NAMED_UNIT ( * ) SI_UNIT ( .MILLI., .METRE. ) );
#5809 = DIRECTION ( 'NONE',  ( 2.937719688360373903E-16, 1.000000000000000000, 0.000000000000000000 ) ) ;
#5810 = EDGE_CURVE ( 'NONE', #5331, #1082, #4815, .T. ) ;
#5811 = EDGE_LOOP ( 'NONE', ( #3472, #6580, #2089, #1679 ) ) ;
#5812 = ADVANCED_BREP_SHAPE_REPRESENTATION ( '', ( #5933, #3886 ), #8088 ) ;
#5813 = ORIENTED_EDGE ( 'NONE', *, *, #3338, .T. ) ;
#5814 = DIRECTION ( 'NONE',  ( 0.000000000000000000, 0.000000000000000000, 1.000000000000000000 ) ) ;
#5815 = DIRECTION ( 'NONE',  ( 0.000000000000000000, 0.000000000000000000, 1.000000000000000000 ) ) ;
#5816 = VECTOR ( 'NONE', #4267, 1000.000000000000000 ) ;
#5817 = VERTEX_POINT ( 'NONE', #6 ) ;
#5818 = DIRECTION ( 'NONE',  ( 1.000000000000000000, 0.000000000000000000, 0.000000000000000000 ) ) ;
#5819 = LINE ( 'NONE', #2359, #5733 ) ;
#5820 = VERTEX_POINT ( 'NONE', #5897 ) ;
#5821 = ORIENTED_EDGE ( 'NONE', *, *, #2963, .T. ) ;
#5822 = CARTESIAN_POINT ( 'NONE',  ( 33.86666666666673819, 292.9900000000000091, 0.000000000000000000 ) ) ;
#5823 = DIRECTION ( 'NONE',  ( 0.000000000000000000, -0.000000000000000000, -1.000000000000000000 ) ) ;
#5824 = FACE_OUTER_BOUND ( 'NONE', #5208, .T. ) ;
#5825 = CARTESIAN_POINT ( 'NONE',  ( 127.0000000000001137, 304.8000000000000114, 0.000000000000000000 ) ) ;
#5826 = CARTESIAN_POINT ( 'NONE',  ( -292.9900000000000091, -52.27841541837378969, 11.81000000000000050 ) ) ;
#5827 = VECTOR ( 'NONE', #4790, 1000.000000000000000 ) ;
#5828 = CARTESIAN_POINT ( 'NONE',  ( -304.8000000000000114, -52.27841541837379680, 11.81000000000000050 ) ) ;
#5829 = ADVANCED_FACE ( 'NONE', ( #2944 ), #3847, .F. ) ;
#5830 = VERTEX_POINT ( 'NONE', #5771 ) ;
#5831 = CARTESIAN_POINT ( 'NONE',  ( -419.9900000000000091, 7.144215161975839834, 0.000000000000000000 ) ) ;
#5832 = ADVANCED_FACE ( 'NONE', ( #956 ), #5172, .F. ) ;
#5833 = CARTESIAN_POINT ( 'NONE',  ( 254.0000000000042348, 457.1997093200683935, 11.81000000000000050 ) ) ;
#5834 = LINE ( 'NONE', #1697, #8374 ) ;
#5835 = CARTESIAN_POINT ( 'NONE',  ( -445.3899999999999864, 7.144215161975845163, 11.81000000000000050 ) ) ;
#5836 = CARTESIAN_POINT ( 'NONE',  ( -25.39999999999560387, 445.3897093200683912, 0.000000000000000000 ) ) ;
#5837 = EDGE_CURVE ( 'NONE', #7401, #7086, #3718, .T. ) ;
#5838 = ORIENTED_EDGE ( 'NONE', *, *, #4336, .F. ) ;
#5839 = FACE_OUTER_BOUND ( 'NONE', #2162, .T. ) ;
#5840 = VERTEX_POINT ( 'NONE', #183 ) ;
#5841 = ORIENTED_EDGE ( 'NONE', *, *, #8604, .F. ) ;
#5842 = LINE ( 'NONE', #2384, #7069 ) ;
#5843 = CARTESIAN_POINT ( 'NONE',  ( -25.39999999999560387, 139.6997093200683935, 11.81000000000000050 ) ) ;
#5844 = LINE ( 'NONE', #8591, #1711 ) ;
#5845 = PRODUCT_DEFINITION_SHAPE ( 'NONE', 'NONE',  #8936 ) ;
#5846 = LINE ( 'NONE', #4655, #8156 ) ;
#5847 = CARTESIAN_POINT ( 'NONE',  ( -152.3999999999999773, 1.297610568946315741E-14, 25.40000000000001279 ) ) ;
#5848 = ADVANCED_FACE ( 'NONE', ( #2443 ), #1000, .T. ) ;
#5849 = DIRECTION ( 'NONE',  ( 1.000000000000000000, 0.000000000000000000, 0.000000000000000000 ) ) ;
#5850 = VECTOR ( 'NONE', #3960, 1000.000000000000000 ) ;
#5851 = ORIENTED_EDGE ( 'NONE', *, *, #5987, .T. ) ;
#5852 = ORIENTED_EDGE ( 'NONE', *, *, #4835, .F. ) ;
#5853 = CARTESIAN_POINT ( 'NONE',  ( -352.1190026065291363, -127.1178101317848075, 0.000000000000000000 ) ) ;
#5854 = DIRECTION ( 'NONE',  ( 5.463695987328531367E-16, 0.000000000000000000, 1.000000000000000000 ) ) ;
#5855 = VECTOR ( 'NONE', #4451, 1000.000000000000000 ) ;
#5856 = EDGE_CURVE ( 'NONE', #6040, #5591, #3675, .T. ) ;
#5857 = ORIENTED_EDGE ( 'NONE', *, *, #8864, .F. ) ;
#5858 = CARTESIAN_POINT ( 'NONE',  ( -13.58999999999560160, 139.6997093200683935, 11.81000000000000050 ) ) ;
#5859 = DIRECTION ( 'NONE',  ( -0.000000000000000000, -0.000000000000000000, 1.000000000000000000 ) ) ;
#5860 = ORIENTED_EDGE ( 'NONE', *, *, #6282, .T. ) ;
#5861 = VECTOR ( 'NONE', #5980, 1000.000000000000000 ) ;
#5862 = ORIENTED_EDGE ( 'NONE', *, *, #5953, .T. ) ;
#5863 = ORIENTED_EDGE ( 'NONE', *, *, #8197, .T. ) ;
#5864 = DIRECTION ( 'NONE',  ( 1.000000000000000000, 0.000000000000000000, 0.000000000000000000 ) ) ;
#5865 = LINE ( 'NONE', #6542, #5712 ) ;
#5866 = EDGE_CURVE ( 'NONE', #1905, #3339, #6487, .T. ) ;
#5867 = CARTESIAN_POINT ( 'NONE',  ( -25.39999999999999147, 11.81000000000000050, -304.8000000000000114 ) ) ;
#5868 = VECTOR ( 'NONE', #3301, 1000.000000000000000 ) ;
#5869 = DIRECTION ( 'NONE',  ( -0.000000000000000000, -0.000000000000000000, 1.000000000000000000 ) ) ;
#5870 = EDGE_LOOP ( 'NONE', ( #3797, #5043, #5157, #224 ) ) ;
#5871 = CARTESIAN_POINT ( 'NONE',  ( -59.12900260652919826, 25.28218986821523373, 11.81000000000000050 ) ) ;
#5872 = ORIENTED_EDGE ( 'NONE', *, *, #79, .T. ) ;
#5873 = CARTESIAN_POINT ( 'NONE',  ( 254.0000000000042348, -140.5902906799316554, 11.81000000000000050 ) ) ;
#5874 = VECTOR ( 'NONE', #5555, 1000.000000000000000 ) ;
#5875 = DIRECTION ( 'NONE',  ( 1.000000000000000000, 0.000000000000000000, 0.000000000000000000 ) ) ;
#5876 = CARTESIAN_POINT ( 'NONE',  ( 0.000000000000000000, 0.000000000000000000, 0.000000000000000000 ) ) ;
#5877 = EDGE_CURVE ( 'NONE', #1576, #1722, #225, .T. ) ;
#5878 = DIRECTION ( 'NONE',  ( -0.000000000000000000, -0.000000000000000000, 1.000000000000000000 ) ) ;
#5879 = VECTOR ( 'NONE', #7709, 1000.000000000000000 ) ;
#5880 = DIRECTION ( 'NONE',  ( 0.000000000000000000, 1.000000000000000000, 0.000000000000000000 ) ) ;
#5881 = ORIENTED_EDGE ( 'NONE', *, *, #2673, .F. ) ;
#5882 = ORIENTED_EDGE ( 'NONE', *, *, #6624, .T. ) ;
#5883 = EDGE_LOOP ( 'NONE', ( #5455, #6748, #6365, #5320 ) ) ;
#5884 = SURFACE_SIDE_STYLE ('',( #4384 ) ) ;
#5885 = VECTOR ( 'NONE', #8189, 1000.000000000000000 ) ;
#5886 = DIRECTION ( 'NONE',  ( 0.000000000000000000, 0.000000000000000000, 1.000000000000000000 ) ) ;
#5887 = PLANE ( 'NONE',  #5651 ) ;
#5888 = ORIENTED_EDGE ( 'NONE', *, *, #3341, .T. ) ;
#5889 = ADVANCED_FACE ( 'NONE', ( #2259 ), #7203, .F. ) ;
#5890 = PLANE ( 'NONE',  #4703 ) ;
#5891 = DIRECTION ( 'NONE',  ( 1.000000000000000000, 2.220446049250312095E-16, -5.551115123125780237E-17 ) ) ;
#5892 = ADVANCED_FACE ( 'NONE', ( #3040 ), #7119, .T. ) ;
#5893 = DIRECTION ( 'NONE',  ( 0.000000000000000000, 1.000000000000000000, 0.000000000000000000 ) ) ;
#5894 = VECTOR ( 'NONE', #1536, 1000.000000000000000 ) ;
#5895 = ORIENTED_EDGE ( 'NONE', *, *, #5856, .T. ) ;
#5896 = ORIENTED_EDGE ( 'NONE', *, *, #1517, .T. ) ;
#5897 = CARTESIAN_POINT ( 'NONE',  ( 127.0000000000001137, 304.8000000000000114, 11.81000000000000050 ) ) ;
#5898 = CARTESIAN_POINT ( 'NONE',  ( -72.71900260652908798, -152.5178101317848984, 0.000000000000000000 ) ) ;
#5899 = VECTOR ( 'NONE', #2885, 1000.000000000000000 ) ;
#5900 = VECTOR ( 'NONE', #566, 1000.000000000000000 ) ;
#5901 = ADVANCED_FACE ( 'NONE', ( #8600 ), #8557, .F. ) ;
#5902 = VERTEX_POINT ( 'NONE', #5038 ) ;
#5903 = CARTESIAN_POINT ( 'NONE',  ( -152.3999999999999773, -80.73000000000001819, 0.000000000000000000 ) ) ;
#5904 = CARTESIAN_POINT ( 'NONE',  ( 4.402728182029136406E-12, 457.1997093200683935, 0.000000000000000000 ) ) ;
#5905 = EDGE_LOOP ( 'NONE', ( #232, #3683, #1004, #2343 ) ) ;
#5906 = ORIENTED_EDGE ( 'NONE', *, *, #1112, .F. ) ;
#5907 = VECTOR ( 'NONE', #8470, 1000.000000000000000 ) ;
#5908 = AXIS2_PLACEMENT_3D ( 'NONE', #4435, #2991, #7837 ) ;
#5909 = ORIENTED_EDGE ( 'NONE', *, *, #2387, .F. ) ;
#5910 = EDGE_CURVE ( 'NONE', #7836, #8506, #5084, .T. ) ;
#5911 = LINE ( 'NONE', #1095, #5764 ) ;
#5912 = CARTESIAN_POINT ( 'NONE',  ( 152.3999999999999773, -267.5900000000000318, 11.81000000000000050 ) ) ;
#5913 = VECTOR ( 'NONE', #3928, 1000.000000000000000 ) ;
#5914 = CARTESIAN_POINT ( 'NONE',  ( 140.5900000000000034, -292.9900000000000091, 11.81000000000000050 ) ) ;
#5915 = VECTOR ( 'NONE', #2079, 1000.000000000000000 ) ;
#5916 = LINE ( 'NONE', #5316, #8409 ) ;
#5917 = EDGE_LOOP ( 'NONE', ( #1763, #4205, #4844, #5557 ) ) ;
#5918 = ORIENTED_EDGE ( 'NONE', *, *, #3108, .F. ) ;
#5919 = EDGE_CURVE ( 'NONE', #5961, #4270, #1590, .T. ) ;
#5920 = VECTOR ( 'NONE', #2750, 1000.000000000000000 ) ;
#5921 = DIRECTION ( 'NONE',  ( 0.000000000000000000, 1.000000000000000000, 0.000000000000000000 ) ) ;
#5922 = CARTESIAN_POINT ( 'NONE',  ( 267.5900000000043519, -140.5902906799316554, 11.81000000000000050 ) ) ;
#5923 = LINE ( 'NONE', #7270, #2152 ) ;
#5924 = CARTESIAN_POINT ( 'NONE',  ( -59.26666666666662309, -304.8000000000000114, 0.000000000000000000 ) ) ;
#5925 = ITEM_DEFINED_TRANSFORMATION ( 'NONE', 'NONE', #1586,  #3886 ) ;
#5926 = UNCERTAINTY_MEASURE_WITH_UNIT (LENGTH_MEASURE( 1.000000000000000082E-05 ), #4279, 'distance_accuracy_value', 'NONE');
#5927 = LINE ( 'NONE', #8676, #3067 ) ;
#5928 = VERTEX_POINT ( 'NONE', #8650 ) ;
#5929 = EDGE_CURVE ( 'NONE', #3216, #8781, #6572, .T. ) ;
#5930 = VERTEX_POINT ( 'NONE', #7965 ) ;
#5931 = DIRECTION ( 'NONE',  ( 0.000000000000000000, -0.000000000000000000, 1.000000000000000000 ) ) ;
#5933 = MANIFOLD_SOLID_BREP ( 'Boss-Extrude1', #4357 ) ;
#5932 = DIRECTION ( 'NONE',  ( 9.106159978880874930E-17, 1.000000000000000000, -0.000000000000000000 ) ) ;
#5934 = DIRECTION ( 'NONE',  ( 0.000000000000000000, 1.000000000000000000, 0.000000000000000000 ) ) ;
#5935 = ORIENTED_EDGE ( 'NONE', *, *, #3390, .F. ) ;
#5936 = DIRECTION ( 'NONE',  ( 0.000000000000000000, 0.000000000000000000, 1.000000000000000000 ) ) ;
#5937 = CARTESIAN_POINT ( 'NONE',  ( 200.8671075809874367, 152.3998546600342365, 287.1474928261779951 ) ) ;
#5938 = AXIS2_PLACEMENT_3D ( 'NONE', #5214, #8002, #3212 ) ;
#5939 = CARTESIAN_POINT ( 'NONE',  ( 267.5900000000000318, -111.5450820850404909, 11.81000000000000050 ) ) ;
#5940 = EDGE_CURVE ( 'NONE', #6387, #4085, #4394, .T. ) ;
#5941 = EDGE_LOOP ( 'NONE', ( #14, #5906, #8100, #6805 ) ) ;
#5942 = ORIENTED_EDGE ( 'NONE', *, *, #5960, .F. ) ;
#5943 = DIRECTION ( 'NONE',  ( 0.000000000000000000, 0.000000000000000000, 1.000000000000000000 ) ) ;
#5944 = EDGE_CURVE ( 'NONE', #58, #4581, #1803, .T. ) ;
#5945 = PLANE ( 'NONE',  #4170 ) ;
#5946 = DIRECTION ( 'NONE',  ( 0.000000000000000000, -0.000000000000000000, 1.000000000000000000 ) ) ;
#5947 = PRESENTATION_STYLE_ASSIGNMENT (( #3849 ) ) ;
#5948 = ORIENTED_EDGE ( 'NONE', *, *, #361, .T. ) ;
#5949 = DIRECTION ( 'NONE',  ( -1.000000000000000000, -0.000000000000000000, -0.000000000000000000 ) ) ;
#5950 = LINE ( 'NONE', #7293, #3122 ) ;
#5951 = ORIENTED_EDGE ( 'NONE', *, *, #8427, .F. ) ;
#5952 = ORIENTED_EDGE ( 'NONE', *, *, #7904, .F. ) ;
#5953 = EDGE_CURVE ( 'NONE', #2625, #1174, #2572, .T. ) ;
#5954 = VERTEX_POINT ( 'NONE', #5257 ) ;
#5955 = EDGE_CURVE ( 'NONE', #7682, #901, #5345, .T. ) ;
#5956 = LINE ( 'NONE', #4491, #3002 ) ;
#5957 = CARTESIAN_POINT ( 'NONE',  ( -687.5386812835920409, -88.82781013178518492, 0.000000000000000000 ) ) ;
#5958 = CARTESIAN_POINT ( 'NONE',  ( -547.8386812835921091, -152.3278101317850712, 0.000000000000000000 ) ) ;
#5959 = VERTEX_POINT ( 'NONE', #410 ) ;
#5960 = EDGE_CURVE ( 'NONE', #6262, #3183, #7474, .T. ) ;
#5961 = VERTEX_POINT ( 'NONE', #7382 ) ;
#5962 = LINE ( 'NONE', #1102, #5686 ) ;
#5963 = VERTEX_POINT ( 'NONE', #8008 ) ;
#5964 = VECTOR ( 'NONE', #5399, 1000.000000000000000 ) ;
#5965 = LINE ( 'NONE', #4734, #3583 ) ;
#5966 = PLANE ( 'NONE',  #8631 ) ;
#5967 = CARTESIAN_POINT ( 'NONE',  ( -80.73000000000001819, -111.5450820850404767, 0.000000000000000000 ) ) ;
#5968 = DIRECTION ( 'NONE',  ( 1.000000000000000000, 1.706325926237332771E-16, -0.000000000000000000 ) ) ;
#5969 = ITEM_DEFINED_TRANSFORMATION ( 'NONE', 'NONE', #8248,  #3886 ) ;
#5970 = AXIS2_PLACEMENT_3D ( 'NONE', #3752, #5750, #7859 ) ;
#5971 = EDGE_CURVE ( 'NONE', #1660, #1288, #4033, .T. ) ;
#5972 = DIRECTION ( 'NONE',  ( 1.000000000000000000, 0.000000000000000000, 0.000000000000000000 ) ) ;
#5973 = ORIENTED_EDGE ( 'NONE', *, *, #1577, .F. ) ;
#5974 = LINE ( 'NONE', #7994, #4878 ) ;
#5975 = ORIENTED_EDGE ( 'NONE', *, *, #2007, .T. ) ;
#5976 = FACE_OUTER_BOUND ( 'NONE', #465, .T. ) ;
#5977 = DIRECTION ( 'NONE',  ( -0.000000000000000000, -1.000000000000000000, -0.000000000000000000 ) ) ;
#5978 = CARTESIAN_POINT ( 'NONE',  ( -140.5900000000000034, 80.73000000000001819, 0.000000000000000000 ) ) ;
#5979 = ORIENTED_EDGE ( 'NONE', *, *, #7547, .T. ) ;
#5980 = DIRECTION ( 'NONE',  ( -1.000000000000000000, -0.000000000000000000, -0.000000000000000000 ) ) ;
#5981 = DIRECTION ( 'NONE',  ( 2.878282024642304959E-16, 1.000000000000000000, 2.362718307422396767E-16 ) ) ;
#5982 = DIRECTION ( 'NONE',  ( -2.185478394931409786E-15, 1.000000000000000000, 0.000000000000000000 ) ) ;
#5983 = EDGE_LOOP ( 'NONE', ( #5948, #6590, #6906, #1632 ) ) ;
#5984 = VERTEX_POINT ( 'NONE', #7335 ) ;
#5985 =( NAMED_UNIT ( * ) SI_UNIT ( $, .STERADIAN. ) SOLID_ANGLE_UNIT ( ) );
#5986 = LINE ( 'NONE', #8729, #6917 ) ;
#5987 = EDGE_CURVE ( 'NONE', #8203, #8721, #8193, .T. ) ;
#5988 = VERTEX_POINT ( 'NONE', #3354 ) ;
#5989 = DIRECTION ( 'NONE',  ( 0.000000000000000000, 0.000000000000000000, 1.000000000000000000 ) ) ;
#5990 = CARTESIAN_POINT ( 'NONE',  ( -352.1190026065291363, -8.584476798451465385, 0.000000000000000000 ) ) ;
#5991 = VERTEX_POINT ( 'NONE', #6080 ) ;
#5992 = EDGE_LOOP ( 'NONE', ( #1690, #8393, #7013, #2298 ) ) ;
#5993 = ORIENTED_EDGE ( 'NONE', *, *, #7363, .T. ) ;
#5994 = CARTESIAN_POINT ( 'NONE',  ( -152.3999999999999773, -304.8000000000000114, 11.81000000000000050 ) ) ;
#5995 = VECTOR ( 'NONE', #6706, 1000.000000000000000 ) ;
#5996 = DIRECTION ( 'NONE',  ( 0.000000000000000000, -1.000000000000000000, 0.000000000000000000 ) ) ;
#5997 = PLANE ( 'NONE',  #2091 ) ;
#5998 = EDGE_CURVE ( 'NONE', #7220, #7062, #1851, .T. ) ;
#5999 = DIRECTION ( 'NONE',  ( -0.000000000000000000, -0.000000000000000000, 1.000000000000000000 ) ) ;
#6000 = VERTEX_POINT ( 'NONE', #4620 ) ;
#6001 = VECTOR ( 'NONE', #1645, 1000.000000000000000 ) ;
#6002 = EDGE_CURVE ( 'NONE', #4522, #463, #490, .T. ) ;
#6003 = ORIENTED_EDGE ( 'NONE', *, *, #5329, .T. ) ;
#6004 = DIRECTION ( 'NONE',  ( 0.000000000000000000, 0.000000000000000000, -1.000000000000000000 ) ) ;
#6005 = ORIENTED_EDGE ( 'NONE', *, *, #841, .T. ) ;
#6006 = CARTESIAN_POINT ( 'NONE',  ( -457.1999999999999886, 33.43421516197582832, 0.000000000000000000 ) ) ;
#6007 = VECTOR ( 'NONE', #8369, 1000.000000000000000 ) ;
#6008 = CARTESIAN_POINT ( 'NONE',  ( 114.3000000000043173, 457.1997093200683935, 0.000000000000000000 ) ) ;
#6009 = PRODUCT_DEFINITION ( 'UNKNOWN', '', #6084, #4103 ) ;
#6010 = CARTESIAN_POINT ( 'NONE',  ( -47.31900260652908941, 50.68218986821523941, 11.81000000000000050 ) ) ;
#6011 = SURFACE_STYLE_FILL_AREA ( #8799 ) ;
#6012 = CARTESIAN_POINT ( 'NONE',  ( 115.1902906799316355, -4.665784838024267245, 11.81000000000000050 ) ) ;
#6013 = UNCERTAINTY_MEASURE_WITH_UNIT (LENGTH_MEASURE( 1.000000000000000082E-05 ), #4316, 'distance_accuracy_value', 'NONE');
#6014 = VECTOR ( 'NONE', #1515, 1000.000000000000000 ) ;
#6015 = ORIENTED_EDGE ( 'NONE', *, *, #8842, .T. ) ;
#6016 = FACE_OUTER_BOUND ( 'NONE', #4382, .T. ) ;
#6017 = ORIENTED_EDGE ( 'NONE', *, *, #5371, .T. ) ;
#6018 = CARTESIAN_POINT ( 'NONE',  ( 304.7999999999999545, 66.25491791495960570, 0.000000000000000000 ) ) ;
#6019 = EDGE_CURVE ( 'NONE', #2830, #7482, #1134, .T. ) ;
#6020 = DIRECTION ( 'NONE',  ( -0.000000000000000000, -0.000000000000000000, 1.000000000000000000 ) ) ;
#6021 = DIRECTION ( 'NONE',  ( 0.000000000000000000, -0.000000000000000000, -1.000000000000000000 ) ) ;
#6022 = ORIENTED_EDGE ( 'NONE', *, *, #2807, .T. ) ;
#6023 = CARTESIAN_POINT ( 'NONE',  ( -25.39999999999560387, 139.6997093200683935, 0.000000000000000000 ) ) ;
#6024 = AXIS2_PLACEMENT_3D ( 'NONE', #5780, #8345, #190 ) ;
#6025 = DIRECTION ( 'NONE',  ( -1.224621265208487691E-16, -1.000000000000000000, 1.734723475976801702E-18 ) ) ;
#6026 = FACE_OUTER_BOUND ( 'NONE', #8654, .T. ) ;
#6027 = VECTOR ( 'NONE', #5809, 1000.000000000000000 ) ;
#6028 = EDGE_LOOP ( 'NONE', ( #5636, #6164, #815, #7348 ) ) ;
#6029 = ADVANCED_FACE ( 'NONE', ( #7425 ), #1990, .T. ) ;
#6030 = EDGE_LOOP ( 'NONE', ( #2492, #8015, #6492, #2205 ) ) ;
#6031 = CARTESIAN_POINT ( 'NONE',  ( -152.3999999999999773, 292.9900000000000091, 11.81000000000000050 ) ) ;
#6032 = PLANE ( 'NONE',  #266 ) ;
#6033 = DIRECTION ( 'NONE',  ( -0.000000000000000000, 1.000000000000000000, -0.000000000000000000 ) ) ;
#6034 = VECTOR ( 'NONE', #3666, 1000.000000000000000 ) ;
#6035 = ORIENTED_EDGE ( 'NONE', *, *, #8028, .T. ) ;
#6036 = CARTESIAN_POINT ( 'NONE',  ( 279.4000000000042974, 457.1997093200683935, 0.000000000000000000 ) ) ;
#6037 = CARTESIAN_POINT ( 'NONE',  ( -258.9856692731957537, -140.7078101317848393, 11.81000000000000050 ) ) ;
#6038 = ORIENTED_EDGE ( 'NONE', *, *, #4851, .F. ) ;
#6039 = APPLICATION_CONTEXT ( 'automotive_design' ) ;
#6040 = VERTEX_POINT ( 'NONE', #3894 ) ;
#6041 = AXIS2_PLACEMENT_3D ( 'NONE', #1883, #7512, #7412 ) ;
#6042 = EDGE_CURVE ( 'NONE', #5902, #1267, #6663, .T. ) ;
#6044 = CARTESIAN_POINT ( 'NONE',  ( 0.000000000000000000, 0.000000000000000000, 11.81000000000000050 ) ) ;
#6043 = VECTOR ( 'NONE', #8065, 1000.000000000000000 ) ;
#6045 = LINE ( 'NONE', #8786, #4452 ) ;
#6046 = DIRECTION ( 'NONE',  ( 1.000000000000000000, 0.000000000000000000, 0.000000000000000000 ) ) ;
#6047 = DIRECTION ( 'NONE',  ( -0.000000000000000000, -0.000000000000000000, 1.000000000000000000 ) ) ;
#6048 = VECTOR ( 'NONE', #7653, 1000.000000000000000 ) ;
#6049 = VECTOR ( 'NONE', #3400, 1000.000000000000000 ) ;
#6050 = SURFACE_STYLE_USAGE ( .BOTH. , #6900 ) ;
#6051 = ORIENTED_EDGE ( 'NONE', *, *, #1180, .T. ) ;
#6052 = VERTEX_POINT ( 'NONE', #3218 ) ;
#6053 = EDGE_CURVE ( 'NONE', #7843, #7012, #3309, .T. ) ;
#6054 = ORIENTED_EDGE ( 'NONE', *, *, #7469, .T. ) ;
#6055 = CARTESIAN_POINT ( 'NONE',  ( -346.6871619467639789, 0.000000000000000000, -514.5005700363345795 ) ) ;
#6056 = AXIS2_PLACEMENT_3D ( 'NONE', #5898, #451, #6573 ) ;
#6057 = LINE ( 'NONE', #6861, #2083 ) ;
#6058 = CARTESIAN_POINT ( 'NONE',  ( 25.40000000000000213, 11.81000000000000050, -164.2100000000000364 ) ) ;
#6059 = EDGE_CURVE ( 'NONE', #3970, #488, #5392, .T. ) ;
#6060 = PLANE ( 'NONE',  #2523 ) ;
#6061 = ITEM_DEFINED_TRANSFORMATION ( 'NONE', 'NONE', #7669,  #3886 ) ;
#6062 = VECTOR ( 'NONE', #2802, 1000.000000000000000 ) ;
#6063 = LINE ( 'NONE', #5375, #1190 ) ;
#6064 = EDGE_LOOP ( 'NONE', ( #1641, #171, #3529, #4035 ) ) ;
#6065 = ADVANCED_FACE ( 'NONE', ( #8328 ), #8376, .F. ) ;
#6066 = CARTESIAN_POINT ( 'NONE',  ( -295.8871619467639675, 11.81000000000000050, -616.1005700363347160 ) ) ;
#6067 = EDGE_CURVE ( 'NONE', #2490, #333, #2124, .T. ) ;
#6068 = ORIENTED_EDGE ( 'NONE', *, *, #5099, .F. ) ;
#6069 = LINE ( 'NONE', #4650, #6349 ) ;
#6070 = CARTESIAN_POINT ( 'NONE',  ( -80.73000000000001819, -99.73508208504048866, 11.81000000000000050 ) ) ;
#6071 = DIRECTION ( 'NONE',  ( -1.000000000000000000, -1.706325926237332771E-16, 0.000000000000000000 ) ) ;
#6072 = VERTEX_POINT ( 'NONE', #6214 ) ;
#6073 = AXIS2_PLACEMENT_3D ( 'NONE', #1481, #120, #6421 ) ;
#6074 = CARTESIAN_POINT ( 'NONE',  ( -152.3999999999999773, 106.1299999999999955, 11.81000000000000050 ) ) ;
#6075 = DIRECTION ( 'NONE',  ( -0.4999999999999945599, -1.239037099348071043E-16, -0.8660254037844418162 ) ) ;
#6076 = CARTESIAN_POINT ( 'NONE',  ( -687.5386812835920409, -50.72781013178524034, 11.81000000000000050 ) ) ;
#6077 = EDGE_CURVE ( 'NONE', #482, #8618, #7014, .T. ) ;
#6078 = ORIENTED_EDGE ( 'NONE', *, *, #6538, .F. ) ;
#6079 = VERTEX_POINT ( 'NONE', #2165 ) ;
#6080 = CARTESIAN_POINT ( 'NONE',  ( 80.73000000000001819, -111.5450820850404767, 0.000000000000000000 ) ) ;
#6081 = CARTESIAN_POINT ( 'NONE',  ( -340.3090026065290772, -33.98447679845147462, 11.81000000000000050 ) ) ;
#6082 =( LENGTH_UNIT ( ) NAMED_UNIT ( * ) SI_UNIT ( .MILLI., .METRE. ) );
#6083 = DIRECTION ( 'NONE',  ( -0.000000000000000000, 1.000000000000000000, 0.000000000000000000 ) ) ;
#6084 = PRODUCT_DEFINITION_FORMATION_WITH_SPECIFIED_SOURCE ( 'ANY', '', #42, .NOT_KNOWN. ) ;
#6085 = ORIENTED_EDGE ( 'NONE', *, *, #3506, .T. ) ;
#6086 = DIRECTION ( 'NONE',  ( 0.000000000000000000, -0.000000000000000000, -1.000000000000000000 ) ) ;
#6087 = ORIENTED_EDGE ( 'NONE', *, *, #6955, .T. ) ;
#6088 = ORIENTED_EDGE ( 'NONE', *, *, #3887, .T. ) ;
#6089 = ORIENTED_EDGE ( 'NONE', *, *, #5790, .F. ) ;
#6090 = ORIENTED_EDGE ( 'NONE', *, *, #5088, .T. ) ;
#6091 = DIRECTION ( 'NONE',  ( -1.000000000000000000, -1.706325926237332771E-16, 0.000000000000000000 ) ) ;
#6092 = CARTESIAN_POINT ( 'NONE',  ( -47.31900260652910362, -33.98447679845144620, 0.000000000000000000 ) ) ;
#6093 = DIRECTION ( 'NONE',  ( -0.000000000000000000, 0.000000000000000000, 1.000000000000000000 ) ) ;
#6094 = EDGE_CURVE ( 'NONE', #3988, #1094, #6298, .T. ) ;
#6095 = APPLICATION_CONTEXT ( 'automotive_design' ) ;
#6096 = FACE_OUTER_BOUND ( 'NONE', #3268, .T. ) ;
#6097 = ORIENTED_EDGE ( 'NONE', *, *, #8641, .F. ) ;
#6098 = DIRECTION ( 'NONE',  ( 0.000000000000000000, 1.000000000000000000, 0.000000000000000000 ) ) ;
#6099 = ORIENTED_EDGE ( 'NONE', *, *, #1607, .T. ) ;
#6100 = ORIENTED_EDGE ( 'NONE', *, *, #3664, .T. ) ;
#6101 = CARTESIAN_POINT ( 'NONE',  ( 304.8000000000000114, -52.27841541837373995, 11.81000000000000050 ) ) ;
#6102 = DIRECTION ( 'NONE',  ( -0.000000000000000000, -0.000000000000000000, 1.000000000000000000 ) ) ;
#6103 = DIRECTION ( 'NONE',  ( 0.000000000000000000, -0.000000000000000000, 1.000000000000000000 ) ) ;
#6104 = DIRECTION ( 'NONE',  ( 1.092739197465705287E-15, 1.000000000000000000, 0.000000000000000000 ) ) ;
#6105 = UNCERTAINTY_MEASURE_WITH_UNIT (LENGTH_MEASURE( 1.000000000000000082E-05 ), #5645, 'distance_accuracy_value', 'NONE');
#6106 = EDGE_CURVE ( 'NONE', #1367, #8434, #2040, .T. ) ;
#6107 = LINE ( 'NONE', #1252, #322 ) ;
#6108 = ORIENTED_EDGE ( 'NONE', *, *, #5404, .T. ) ;
#6109 = ADVANCED_FACE ( 'NONE', ( #808 ), #40, .T. ) ;
#6110 = LINE ( 'NONE', #2557, #3017 ) ;
#6111 = ORIENTED_EDGE ( 'NONE', *, *, #4219, .T. ) ;
#6112 = CARTESIAN_POINT ( 'NONE',  ( 80.73000000000001819, -99.73508208504048866, 0.000000000000000000 ) ) ;
#6113 = DIRECTION ( 'NONE',  ( 0.000000000000000000, 1.000000000000000000, 0.000000000000000000 ) ) ;
#6114 = VECTOR ( 'NONE', #8732, 1000.000000000000000 ) ;
#6115 = PLANE ( 'NONE',  #852 ) ;
#6116 = ORIENTED_EDGE ( 'NONE', *, *, #172, .F. ) ;
#6117 = CARTESIAN_POINT ( 'NONE',  ( 152.3999999999999773, -106.1299999999999955, 0.000000000000000000 ) ) ;
#6118 = DIRECTION ( 'NONE',  ( -6.839255870354803239E-17, 1.000000000000000000, -1.035852183908476990E-16 ) ) ;
#6119 = EDGE_CURVE ( 'NONE', #6255, #3183, #5532, .T. ) ;
#6120 = DIRECTION ( 'NONE',  ( -0.000000000000000000, 1.000000000000000000, 0.000000000000000000 ) ) ;
#6121 = VECTOR ( 'NONE', #1300, 1000.000000000000000 ) ;
#6122 = ORIENTED_EDGE ( 'NONE', *, *, #6340, .T. ) ;
#6123 = ORIENTED_EDGE ( 'NONE', *, *, #2882, .F. ) ;
#6124 = CARTESIAN_POINT ( 'NONE',  ( -352.1190026065291363, 50.68218986821522520, 0.000000000000000000 ) ) ;
#6125 = DIRECTION ( 'NONE',  ( 0.000000000000000000, -0.000000000000000000, -1.000000000000000000 ) ) ;
#6126 = ADVANCED_FACE ( 'NONE', ( #2758 ), #681, .T. ) ;
#6127 = VERTEX_POINT ( 'NONE', #3449 ) ;
#6128 = LINE ( 'NONE', #4082, #2192 ) ;
#6129 = LINE ( 'NONE', #8291, #4144 ) ;
#6130 = VERTEX_POINT ( 'NONE', #765 ) ;
#6131 = VERTEX_POINT ( 'NONE', #3493 ) ;
#6132 = EDGE_LOOP ( 'NONE', ( #719, #3660, #6937, #8239 ) ) ;
#6133 = CARTESIAN_POINT ( 'NONE',  ( -59.26666666666662309, 304.8000000000000114, 0.000000000000000000 ) ) ;
#6134 = CARTESIAN_POINT ( 'NONE',  ( 140.5900000000000034, 292.9900000000000091, 0.000000000000000000 ) ) ;
#6135 = EDGE_CURVE ( 'NONE', #1093, #6130, #6883, .T. ) ;
#6136 = PLANE ( 'NONE',  #220 ) ;
#6137 = CARTESIAN_POINT ( 'NONE',  ( -25.40000000000000213, 0.000000000000000000, -164.2100000000000364 ) ) ;
#6138 = CARTESIAN_POINT ( 'NONE',  ( -292.9900000000000091, -111.5450820850404625, 0.000000000000000000 ) ) ;
#6139 = ORIENTED_EDGE ( 'NONE', *, *, #761, .T. ) ;
#6140 = VECTOR ( 'NONE', #787, 1000.000000000000000 ) ;
#6141 = ORIENTED_EDGE ( 'NONE', *, *, #4939, .F. ) ;
#6142 = VERTEX_POINT ( 'NONE', #6256 ) ;
#6143 = LINE ( 'NONE', #1824, #8355 ) ;
#6144 = EDGE_CURVE ( 'NONE', #7533, #3988, #8287, .T. ) ;
#6145 = CARTESIAN_POINT ( 'NONE',  ( -394.5486812835924297, -76.12781013178522471, 0.000000000000000000 ) ) ;
#6146 = LINE ( 'NONE', #8891, #1688 ) ;
#6147 =( LENGTH_UNIT ( ) NAMED_UNIT ( * ) SI_UNIT ( .MILLI., .METRE. ) );
#6148 = CARTESIAN_POINT ( 'NONE',  ( 254.0000000000042348, -152.4002906799316861, 11.81000000000000050 ) ) ;
#6149 = ITEM_DEFINED_TRANSFORMATION ( 'NONE', 'NONE', #433,  #3886 ) ;
#6150 = VECTOR ( 'NONE', #1123, 1000.000000000000000 ) ;
#6151 = ORIENTED_EDGE ( 'NONE', *, *, #2225, .F. ) ;
#6152 = LINE ( 'NONE', #2693, #8046 ) ;
#6153 = VECTOR ( 'NONE', #3116, 1000.000000000000000 ) ;
#6154 = ORIENTED_EDGE ( 'NONE', *, *, #1773, .T. ) ;
#6155 = EDGE_CURVE ( 'NONE', #6581, #6475, #7693, .T. ) ;
#6156 = PLANE ( 'NONE',  #6778 ) ;
#6157 = DIRECTION ( 'NONE',  ( -0.000000000000000000, -0.000000000000000000, 1.000000000000000000 ) ) ;
#6158 = DIRECTION ( 'NONE',  ( 1.000000000000000000, 0.000000000000000000, 0.000000000000000000 ) ) ;
#6159 = ORIENTED_EDGE ( 'NONE', *, *, #6777, .T. ) ;
#6160 = CARTESIAN_POINT ( 'NONE',  ( 152.3999999999999773, 267.5900000000000318, 0.000000000000000000 ) ) ;
#6161 = AXIS2_PLACEMENT_3D ( 'NONE', #2496, #8664, #331 ) ;
#6162 = DIRECTION ( 'NONE',  ( 0.000000000000000000, -0.000000000000000000, 1.000000000000000000 ) ) ;
#6163 = VERTEX_POINT ( 'NONE', #4252 ) ;
#6164 = ORIENTED_EDGE ( 'NONE', *, *, #5641, .T. ) ;
#6165 = EDGE_CURVE ( 'NONE', #7285, #2830, #584, .T. ) ;
#6166 = CARTESIAN_POINT ( 'NONE',  ( -382.7386812835923138, -126.9278101317851082, 0.000000000000000000 ) ) ;
#6167 = VECTOR ( 'NONE', #4037, 1000.000000000000000 ) ;
#6168 = CARTESIAN_POINT ( 'NONE',  ( -59.26666666666662309, 292.9900000000000091, 0.000000000000000000 ) ) ;
#6169 = EDGE_CURVE ( 'NONE', #733, #1930, #1489, .T. ) ;
#6170 = ORIENTED_EDGE ( 'NONE', *, *, #3120, .F. ) ;
#6171 = LINE ( 'NONE', #8200, #6167 ) ;
#6172 = VECTOR ( 'NONE', #2940, 1000.000000000000000 ) ;
#6173 = ORIENTED_EDGE ( 'NONE', *, *, #2232, .F. ) ;
#6174 = VERTEX_POINT ( 'NONE', #5486 ) ;
#6175 = ORIENTED_EDGE ( 'NONE', *, *, #2610, .F. ) ;
#6176 = ORIENTED_EDGE ( 'NONE', *, *, #4254, .F. ) ;
#6177 = FACE_OUTER_BOUND ( 'NONE', #8629, .T. ) ;
#6178 = EDGE_CURVE ( 'NONE', #2403, #2652, #3574, .T. ) ;
#6179 = DIRECTION ( 'NONE',  ( 0.000000000000000000, 0.000000000000000000, 1.000000000000000000 ) ) ;
#6180 = VECTOR ( 'NONE', #2792, 1000.000000000000000 ) ;
#6181 = CARTESIAN_POINT ( 'NONE',  ( 304.7999999999999545, 66.25491791495960570, 0.000000000000000000 ) ) ;
#6182 = DIRECTION ( 'NONE',  ( 2.014845802307676854E-15, 1.000000000000000000, 0.000000000000000000 ) ) ;
#6183 = CARTESIAN_POINT ( 'NONE',  ( -106.1299999999999955, -111.5450820850404767, 0.000000000000000000 ) ) ;
#6184 = VERTEX_POINT ( 'NONE', #5664 ) ;
#6185 = AXIS2_PLACEMENT_3D ( 'NONE', #6006, #8076, #2594 ) ;
#6186 = VECTOR ( 'NONE', #3051, 1000.000000000000000 ) ;
#6187 = ORIENTED_EDGE ( 'NONE', *, *, #5940, .F. ) ;
#6188 = EDGE_CURVE ( 'NONE', #5275, #4052, #4978, .T. ) ;
#6189 = VERTEX_POINT ( 'NONE', #6841 ) ;
#6190 = CARTESIAN_POINT ( 'NONE',  ( -152.3999999999999773, -80.73000000000001819, 0.000000000000000000 ) ) ;
#6191 = LINE ( 'NONE', #5415, #3534 ) ;
#6192 = CARTESIAN_POINT ( 'NONE',  ( -292.9900000000000091, -52.27841541837379680, 0.000000000000000000 ) ) ;
#6193 =( NAMED_UNIT ( * ) SI_UNIT ( $, .STERADIAN. ) SOLID_ANGLE_UNIT ( ) );
#6194 = VECTOR ( 'NONE', #7011, 1000.000000000000000 ) ;
#6195 = CARTESIAN_POINT ( 'NONE',  ( -445.3899999999999864, 58.83421516197583401, 11.81000000000000050 ) ) ;
#6196 = VECTOR ( 'NONE', #6224, 1000.000000000000000 ) ;
#6197 = EDGE_CURVE ( 'NONE', #3330, #8605, #632, .T. ) ;
#6198 = FACE_OUTER_BOUND ( 'NONE', #7157, .T. ) ;
#6199 = ORIENTED_EDGE ( 'NONE', *, *, #2891, .F. ) ;
#6200 = VECTOR ( 'NONE', #8255, 1000.000000000000000 ) ;
#6201 = CARTESIAN_POINT ( 'NONE',  ( 152.3999999999999773, 80.73000000000001819, 11.81000000000000050 ) ) ;
#6202 = AXIS2_PLACEMENT_3D ( 'NONE', #216, #5159, #5804 ) ;
#6203 = CARTESIAN_POINT ( 'NONE',  ( -25.39999999999560387, -140.5902906799316554, 0.000000000000000000 ) ) ;
#6204 = DIRECTION ( 'NONE',  ( 1.000000000000000000, 0.000000000000000000, 1.092739197465705287E-15 ) ) ;
#6205 = ORIENTED_EDGE ( 'NONE', *, *, #3676, .T. ) ;
#6206 = DIRECTION ( 'NONE',  ( 1.000000000000000000, 0.000000000000000000, 0.000000000000000000 ) ) ;
#6207 = DIRECTION ( 'NONE',  ( 0.8660254037844419273, -4.330577115954584835E-17, -0.4999999999999942824 ) ) ;
#6208 = VECTOR ( 'NONE', #6885, 1000.000000000000000 ) ;
#6209 = VECTOR ( 'NONE', #81, 1000.000000000000000 ) ;
#6210 = ADVANCED_FACE ( 'NONE', ( #7236 ), #353, .T. ) ;
#6211 = LINE ( 'NONE', #2567, #2684 ) ;
#6212 = ORIENTED_EDGE ( 'NONE', *, *, #7178, .F. ) ;
#6213 = VERTEX_POINT ( 'NONE', #311 ) ;
#6214 = CARTESIAN_POINT ( 'NONE',  ( 292.9900000000000091, 6.988251248292928430, 11.81000000000000050 ) ) ;
#6215 = CARTESIAN_POINT ( 'NONE',  ( -139.6998546600342195, -4.665784838024212178, 0.000000000000000000 ) ) ;
#6216 = CARTESIAN_POINT ( 'NONE',  ( 4.400558720224445655E-12, 445.3897093200683912, 11.81000000000000050 ) ) ;
#6217 = ADVANCED_FACE ( 'NONE', ( #2980 ), #2344, .T. ) ;
#6218 = ORIENTED_EDGE ( 'NONE', *, *, #4084, .T. ) ;
#6219 = DIRECTION ( 'NONE',  ( 0.000000000000000000, 0.000000000000000000, 1.000000000000000000 ) ) ;
#6220 = VERTEX_POINT ( 'NONE', #5209 ) ;
#6221 = ORIENTED_EDGE ( 'NONE', *, *, #6576, .F. ) ;
#6222 = EDGE_CURVE ( 'NONE', #6696, #2620, #7784, .T. ) ;
#6223 = ORIENTED_EDGE ( 'NONE', *, *, #1523, .F. ) ;
#6224 = DIRECTION ( 'NONE',  ( -0.000000000000000000, -0.000000000000000000, 1.000000000000000000 ) ) ;
#6225 = LINE ( 'NONE', #7438, #7919 ) ;
#6226 = AXIS2_PLACEMENT_3D ( 'NONE', #6250, #6836, #2564 ) ;
#6227 = EDGE_CURVE ( 'NONE', #1988, #7465, #7828, .T. ) ;
#6228 = LINE ( 'NONE', #5544, #8266 ) ;
#6229 = DIRECTION ( 'NONE',  ( -1.092739197465705287E-15, 1.000000000000000000, 0.000000000000000000 ) ) ;
#6230 = ORIENTED_EDGE ( 'NONE', *, *, #1397, .F. ) ;
#6231 = ORIENTED_EDGE ( 'NONE', *, *, #6689, .F. ) ;
#6232 = LINE ( 'NONE', #8262, #8580 ) ;
#6233 = ORIENTED_EDGE ( 'NONE', *, *, #4145, .T. ) ;
#6234 = ORIENTED_EDGE ( 'NONE', *, *, #847, .F. ) ;
#6235 = DIRECTION ( 'NONE',  ( 1.000000000000000000, 0.000000000000000000, -4.370956789862819572E-15 ) ) ;
#6236 = PLANE ( 'NONE',  #492 ) ;
#6237 = PLANE ( 'NONE',  #5175 ) ;
#6238 = SURFACE_STYLE_USAGE ( .BOTH. , #3515 ) ;
#6239 = DIRECTION ( 'NONE',  ( 0.000000000000000000, -0.000000000000000000, 1.000000000000000000 ) ) ;
#6240 = ADVANCED_FACE ( 'NONE', ( #3757 ), #3708, .T. ) ;
#6241 = DIRECTION ( 'NONE',  ( -1.000000000000000000, 0.000000000000000000, -0.000000000000000000 ) ) ;
#6242 = VERTEX_POINT ( 'NONE', #989 ) ;
#6243 = ADVANCED_BREP_SHAPE_REPRESENTATION ( '', ( #3232, #3886 ), #7793 ) ;
#6244 = LINE ( 'NONE', #159, #7767 ) ;
#6245 = CARTESIAN_POINT ( 'NONE',  ( -59.12900260652909168, -8.584476798451436963, 0.000000000000000000 ) ) ;
#6246 = LINE ( 'NONE', #30, #5303 ) ;
#6247 = CARTESIAN_POINT ( 'NONE',  ( -152.3999999999999773, -292.9900000000000091, 0.000000000000000000 ) ) ;
#6248 = ORIENTED_EDGE ( 'NONE', *, *, #6662, .T. ) ;
#6249 = CARTESIAN_POINT ( 'NONE',  ( -352.1190026065291363, 50.68218986821522520, 11.81000000000000050 ) ) ;
#6250 = CARTESIAN_POINT ( 'NONE',  ( 71.21772846325086448, 0.0001453399656181630917, 367.3881810244984649 ) ) ;
#6251 = ADVANCED_FACE ( 'NONE', ( #1707 ), #4343, .F. ) ;
#6252 = CARTESIAN_POINT ( 'NONE',  ( 139.7000000000043087, -152.4002906799316861, 0.000000000000000000 ) ) ;
#6253 = ORIENTED_EDGE ( 'NONE', *, *, #8888, .F. ) ;
#6254 = VECTOR ( 'NONE', #2665, 1000.000000000000000 ) ;
#6255 = VERTEX_POINT ( 'NONE', #4297 ) ;
#6256 = CARTESIAN_POINT ( 'NONE',  ( -33.86666666666661740, -304.8000000000000114, 11.81000000000000050 ) ) ;
#6257 = FACE_OUTER_BOUND ( 'NONE', #3166, .T. ) ;
#6258 = FACE_OUTER_BOUND ( 'NONE', #4040, .T. ) ;
#6259 =( NAMED_UNIT ( * ) PLANE_ANGLE_UNIT ( ) SI_UNIT ( $, .RADIAN. ) );
#6260 = AXIS2_PLACEMENT_3D ( 'NONE', #2643, #25, #616 ) ;
#6261 = DIRECTION ( 'NONE',  ( -0.000000000000000000, 1.000000000000000000, 0.000000000000000000 ) ) ;
#6262 = VERTEX_POINT ( 'NONE', #1626 ) ;
#6263 = ORIENTED_EDGE ( 'NONE', *, *, #7761, .T. ) ;
#6264 = MANIFOLD_SOLID_BREP ( 'Boss-Extrude1', #3352 ) ;
#6265 = ORIENTED_EDGE ( 'NONE', *, *, #2945, .F. ) ;
#6266 = DIRECTION ( 'NONE',  ( 1.000000000000000000, 0.000000000000000000, -0.000000000000000000 ) ) ;
#6267 = CARTESIAN_POINT ( 'NONE',  ( -152.3999999999999773, -304.8000000000000114, 0.000000000000000000 ) ) ;
#6268 = EDGE_CURVE ( 'NONE', #5114, #4444, #5842, .T. ) ;
#6269 = LINE ( 'NONE', #4993, #2242 ) ;
#6270 = PRODUCT_DEFINITION_SHAPE ( 'NONE', 'NONE',  #8949 ) ;
#6271 = LINE ( 'NONE', #2053, #5435 ) ;
#6272 = VERTEX_POINT ( 'NONE', #8635 ) ;
#6273 = CARTESIAN_POINT ( 'NONE',  ( 267.5900000000000318, -111.5450820850404909, 0.000000000000000000 ) ) ;
#6274 = ORIENTED_EDGE ( 'NONE', *, *, #6689, .T. ) ;
#6275 = ORIENTED_EDGE ( 'NONE', *, *, #5060, .F. ) ;
#6276 = DIRECTION ( 'NONE',  ( -0.000000000000000000, -1.000000000000000000, -0.000000000000000000 ) ) ;
#6277 = EDGE_CURVE ( 'NONE', #7973, #246, #2430, .T. ) ;
#6278 = CARTESIAN_POINT ( 'NONE',  ( 267.5900000000043519, 445.3897093200684481, 0.000000000000000000 ) ) ;
#6279 = LINE ( 'NONE', #6192, #1265 ) ;
#6280 = LINE ( 'NONE', #157, #4854 ) ;
#6281 = PRODUCT_DEFINITION_CONTEXT ( 'detailed design', #7296, 'design' ) ;
#6282 = EDGE_CURVE ( 'NONE', #333, #126, #2934, .T. ) ;
#6283 = DIRECTION ( 'NONE',  ( 0.000000000000000000, 1.000000000000000000, 0.000000000000000000 ) ) ;
#6284 = ORIENTED_EDGE ( 'NONE', *, *, #8019, .T. ) ;
#6285 = LINE ( 'NONE', #3481, #7185 ) ;
#6286 = VECTOR ( 'NONE', #8317, 1000.000000000000000 ) ;
#6287 = EDGE_CURVE ( 'NONE', #5273, #4003, #5027, .T. ) ;
#6288 = CARTESIAN_POINT ( 'NONE',  ( 25.40000000000000213, 11.81000000000000050, -164.2100000000000364 ) ) ;
#6289 = CARTESIAN_POINT ( 'NONE',  ( -106.1299999999999955, -111.5450820850404767, 11.81000000000000050 ) ) ;
#6290 = ORIENTED_EDGE ( 'NONE', *, *, #6287, .F. ) ;
#6291 = DIRECTION ( 'NONE',  ( 1.000000000000000000, -0.000000000000000000, 0.000000000000000000 ) ) ;
#6292 = APPLICATION_PROTOCOL_DEFINITION ( 'draft international standard', 'automotive_design', 1998, #8520 ) ;
#6293 = VECTOR ( 'NONE', #4255, 1000.000000000000000 ) ;
#6294 = LINE ( 'NONE', #4163, #3292 ) ;
#6295 = ORIENTED_EDGE ( 'NONE', *, *, #1733, .F. ) ;
#6296 = EDGE_CURVE ( 'NONE', #631, #2632, #6388, .T. ) ;
#6297 = ORIENTED_EDGE ( 'NONE', *, *, #6521, .T. ) ;
#6298 = LINE ( 'NONE', #2206, #6049 ) ;
#6299 = CARTESIAN_POINT ( 'NONE',  ( -687.5386812835920409, -126.9278101317851366, 0.000000000000000000 ) ) ;
#6300 = CARTESIAN_POINT ( 'NONE',  ( 139.7000000000043087, 457.1997093200683935, 0.000000000000000000 ) ) ;
#6301 = AXIS2_PLACEMENT_3D ( 'NONE', #1931, #1310, #8282 ) ;
#6302 = FILL_AREA_STYLE ('',( #8514 ) ) ;
#6303 = CARTESIAN_POINT ( 'NONE',  ( 304.8000000000000114, -52.27841541837373995, 0.000000000000000000 ) ) ;
#6304 = ADVANCED_FACE ( 'NONE', ( #5976 ), #578, .T. ) ;
#6305 = AXIS2_PLACEMENT_3D ( 'NONE', #8831, #5449, #2630 ) ;
#6306 = ORIENTED_EDGE ( 'NONE', *, *, #2119, .T. ) ;
#6307 = ORIENTED_EDGE ( 'NONE', *, *, #3128, .F. ) ;
#6308 = PLANE ( 'NONE',  #3151 ) ;
#6309 = CARTESIAN_POINT ( 'NONE',  ( -165.0998546600341967, -4.665784838024212178, 0.000000000000000000 ) ) ;
#6310 = VECTOR ( 'NONE', #5588, 1000.000000000000000 ) ;
#6311 = ORIENTED_EDGE ( 'NONE', *, *, #8531, .F. ) ;
#6312 =( NAMED_UNIT ( * ) SI_UNIT ( $, .STERADIAN. ) SOLID_ANGLE_UNIT ( ) );
#6313 = DIRECTION ( 'NONE',  ( 1.000000000000000000, 0.000000000000000000, 0.000000000000000000 ) ) ;
#6314 = ORIENTED_EDGE ( 'NONE', *, *, #8285, .T. ) ;
#6315 = EDGE_CURVE ( 'NONE', #4187, #7356, #3882, .T. ) ;
#6316 = ORIENTED_EDGE ( 'NONE', *, *, #2427, .T. ) ;
#6317 = ORIENTED_EDGE ( 'NONE', *, *, #6940, .T. ) ;
#6318 = DIRECTION ( 'NONE',  ( 0.000000000000000000, 0.000000000000000000, 1.000000000000000000 ) ) ;
#6319 = VECTOR ( 'NONE', #7698, 1000.000000000000000 ) ;
#6320 = LINE ( 'NONE', #967, #3143 ) ;
#6321 = DIRECTION ( 'NONE',  ( 1.000000000000000000, 1.706325926237332771E-16, -0.000000000000000000 ) ) ;
#6322 = DIRECTION ( 'NONE',  ( 1.000000000000000000, 0.000000000000000000, 0.000000000000000000 ) ) ;
#6323 = CARTESIAN_POINT ( 'NONE',  ( 114.3000000000043173, 457.1997093200683935, 11.81000000000000050 ) ) ;
#6324 = VECTOR ( 'NONE', #947, 1000.000000000000000 ) ;
#6325 = PLANE ( 'NONE',  #3510 ) ;
#6326 = ADVANCED_FACE ( 'NONE', ( #8090 ), #3206, .F. ) ;
#6327 = ORIENTED_EDGE ( 'NONE', *, *, #7257, .F. ) ;
#6328 = CARTESIAN_POINT ( 'NONE',  ( 4.402728182029136406E-12, 457.1997093200683935, 11.81000000000000050 ) ) ;
#6329 = EDGE_CURVE ( 'NONE', #726, #963, #1885, .T. ) ;
#6330 = VECTOR ( 'NONE', #3824, 1000.000000000000000 ) ;
#6331 = VECTOR ( 'NONE', #8125, 1000.000000000000000 ) ;
#6332 = LINE ( 'NONE', #7773, #5746 ) ;
#6333 = FACE_OUTER_BOUND ( 'NONE', #2072, .T. ) ;
#6334 = CARTESIAN_POINT ( 'NONE',  ( -140.5900000000000034, -106.1299999999999955, 0.000000000000000000 ) ) ;
#6335 = VECTOR ( 'NONE', #7760, 1000.000000000000000 ) ;
#6336 = DIRECTION ( 'NONE',  ( 1.706325926237332771E-16, -1.000000000000000000, -0.000000000000000000 ) ) ;
#6337 = EDGE_CURVE ( 'NONE', #8000, #5930, #6069, .T. ) ;
#6338 = VECTOR ( 'NONE', #5445, 1000.000000000000000 ) ;
#6339 = EDGE_LOOP ( 'NONE', ( #3085, #8299, #7779, #2442 ) ) ;
#6340 = EDGE_CURVE ( 'NONE', #2929, #3362, #3835, .T. ) ;
#6341 = LINE ( 'NONE', #3528, #5899 ) ;
#6342 = ORIENTED_EDGE ( 'NONE', *, *, #627, .T. ) ;
#6343 = ORIENTED_EDGE ( 'NONE', *, *, #6955, .F. ) ;
#6344 = CARTESIAN_POINT ( 'NONE',  ( 279.4000000000043542, -115.1902906799316355, 11.81000000000000050 ) ) ;
#6345 = DIRECTION ( 'NONE',  ( -0.000000000000000000, -0.000000000000000000, 1.000000000000000000 ) ) ;
#6346 = PRODUCT_DEFINITION_SHAPE ( 'NONE', 'NONE',  #8933 ) ;
#6347 = VECTOR ( 'NONE', #554, 1000.000000000000000 ) ;
#6348 = CARTESIAN_POINT ( 'NONE',  ( -352.1190026065291363, -93.25114346511814745, 0.000000000000000000 ) ) ;
#6349 = VECTOR ( 'NONE', #439, 1000.000000000000000 ) ;
#6350 = DIRECTION ( 'NONE',  ( 1.000000000000000000, 0.000000000000000000, 0.000000000000000000 ) ) ;
#6351 = EDGE_CURVE ( 'NONE', #6174, #1884, #7371, .T. ) ;
#6352 = DIRECTION ( 'NONE',  ( 2.937719688360373903E-16, 1.000000000000000000, 0.000000000000000000 ) ) ;
#6353 = VECTOR ( 'NONE', #8550, 1000.000000000000000 ) ;
#6354 = VERTEX_POINT ( 'NONE', #6738 ) ;
#6355 = EDGE_LOOP ( 'NONE', ( #5207, #306, #4804, #2835 ) ) ;
#6356 = CARTESIAN_POINT ( 'NONE',  ( 106.1299999999999955, -99.73508208504047445, 0.000000000000000000 ) ) ;
#6357 = CARTESIAN_POINT ( 'NONE',  ( -662.1386812835920637, -152.3278101317851565, 11.81000000000000050 ) ) ;
#6358 = FACE_OUTER_BOUND ( 'NONE', #2464, .T. ) ;
#6359 = EDGE_CURVE ( 'NONE', #1278, #3441, #2474, .T. ) ;
#6360 = ORIENTED_EDGE ( 'NONE', *, *, #6998, .T. ) ;
#6361 = CARTESIAN_POINT ( 'NONE',  ( -223.2989142387372681, 11.81000000000000050, -1294.423107283573700 ) ) ;
#6362 = PLANE ( 'NONE',  #953 ) ;
#6363 = VERTEX_POINT ( 'NONE', #6112 ) ;
#6364 = CARTESIAN_POINT ( 'NONE',  ( -59.12900260652919826, 25.28218986821523373, 11.81000000000000050 ) ) ;
#6365 = ORIENTED_EDGE ( 'NONE', *, *, #7034, .T. ) ;
#6366 = STYLED_ITEM ( 'NONE', ( #543 ), #5477 ) ;
#6367 = ORIENTED_EDGE ( 'NONE', *, *, #1137, .F. ) ;
#6368 = DIRECTION ( 'NONE',  ( 0.000000000000000000, 0.000000000000000000, -1.000000000000000000 ) ) ;
#6369 = LINE ( 'NONE', #1558, #8205 ) ;
#6370 = LINE ( 'NONE', #2781, #7594 ) ;
#6371 = CARTESIAN_POINT ( 'NONE',  ( -106.1299999999999955, -111.5450820850404767, 0.000000000000000000 ) ) ;
#6372 = FILL_AREA_STYLE_COLOUR ( '', #8742 ) ;
#6373 = AXIS2_PLACEMENT_3D ( 'NONE', #3488, #721, #4841 ) ;
#6374 = EDGE_LOOP ( 'NONE', ( #2110, #7902, #2680, #1468 ) ) ;
#6375 = CARTESIAN_POINT ( 'NONE',  ( -292.9900000000000091, -99.73508208504048866, 11.81000000000000050 ) ) ;
#6376 = EDGE_LOOP ( 'NONE', ( #7386, #8726, #1183, #777 ) ) ;
#6377 = PLANE ( 'NONE',  #6466 ) ;
#6378 = DIRECTION ( 'NONE',  ( 0.000000000000000000, -0.000000000000000000, 1.000000000000000000 ) ) ;
#6379 = EDGE_CURVE ( 'NONE', #6255, #1995, #4019, .T. ) ;
#6380 = DIRECTION ( 'NONE',  ( 0.000000000000000000, -1.000000000000000000, -0.000000000000000000 ) ) ;
#6381 = MANIFOLD_SOLID_BREP ( 'Mirror3', #7555 ) ;
#6382 = EDGE_CURVE ( 'NONE', #6894, #6189, #4608, .T. ) ;
#6383 = CARTESIAN_POINT ( 'NONE',  ( -292.9900000000000091, 91.65491791495954033, 11.81000000000000050 ) ) ;
#6384 = ORIENTED_EDGE ( 'NONE', *, *, #2332, .F. ) ;
#6385 = CARTESIAN_POINT ( 'NONE',  ( -106.1299999999999955, -111.5450820850404767, 0.000000000000000000 ) ) ;
#6386 = EDGE_LOOP ( 'NONE', ( #5975, #910, #2122, #7109 ) ) ;
#6387 = VERTEX_POINT ( 'NONE', #4697 ) ;
#6388 = LINE ( 'NONE', #4559, #7645 ) ;
#6389 = DIRECTION ( 'NONE',  ( 0.000000000000000000, 0.000000000000000000, 1.000000000000000000 ) ) ;
#6390 = CARTESIAN_POINT ( 'NONE',  ( -687.5386812835920409, -88.82781013178518492, 11.81000000000000050 ) ) ;
#6391 = EDGE_CURVE ( 'NONE', #7993, #438, #1749, .T. ) ;
#6392 = CARTESIAN_POINT ( 'NONE',  ( 254.0000000000042348, 457.1997093200683935, 0.000000000000000000 ) ) ;
#6393 = ADVANCED_FACE ( 'NONE', ( #396 ), #4513, .T. ) ;
#6394 = CARTESIAN_POINT ( 'NONE',  ( -547.8386812835921091, -152.3278101317850712, 11.81000000000000050 ) ) ;
#6395 = VERTEX_POINT ( 'NONE', #4796 ) ;
#6396 = ORIENTED_EDGE ( 'NONE', *, *, #3402, .T. ) ;
#6397 = DIRECTION ( 'NONE',  ( 0.000000000000000000, 1.000000000000000000, 0.000000000000000000 ) ) ;
#6398 = EDGE_CURVE ( 'NONE', #6560, #1820, #7514, .T. ) ;
#6399 = CARTESIAN_POINT ( 'NONE',  ( -47.31900260652916046, 25.28218986821523373, 0.000000000000000000 ) ) ;
#6400 = VECTOR ( 'NONE', #5069, 1000.000000000000000 ) ;
#6401 = DIRECTION ( 'NONE',  ( -0.000000000000000000, -0.000000000000000000, 1.000000000000000000 ) ) ;
#6402 = EDGE_LOOP ( 'NONE', ( #8693, #870, #7261, #3537 ) ) ;
#6403 = DIRECTION ( 'NONE',  ( 1.000000000000000000, 1.706325926237332771E-16, -0.000000000000000000 ) ) ;
#6404 = LINE ( 'NONE', #2180, #8329 ) ;
#6405 = ORIENTED_EDGE ( 'NONE', *, *, #436, .F. ) ;
#6406 = CARTESIAN_POINT ( 'NONE',  ( -675.7286812835919818, -114.2278101317851906, 11.81000000000000050 ) ) ;
#6407 = EDGE_LOOP ( 'NONE', ( #8734, #8547, #2853, #7033 ) ) ;
#6408 = ORIENTED_EDGE ( 'NONE', *, *, #1773, .F. ) ;
#6409 = CARTESIAN_POINT ( 'NONE',  ( -47.31900260652910362, -8.584476798451436963, 11.81000000000000050 ) ) ;
#6410 = EDGE_CURVE ( 'NONE', #4308, #1029, #7562, .T. ) ;
#6411 = CARTESIAN_POINT ( 'NONE',  ( -59.12900260652914852, -152.5178101317847847, 0.000000000000000000 ) ) ;
#6412 = DIRECTION ( 'NONE',  ( 0.000000000000000000, 0.000000000000000000, 1.000000000000000000 ) ) ;
#6413 = LINE ( 'NONE', #6371, #1110 ) ;
#6414 = LINE ( 'NONE', #2783, #802 ) ;
#6415 = CARTESIAN_POINT ( 'NONE',  ( -304.8000000000000114, -52.27841541837379680, 0.000000000000000000 ) ) ;
#6416 = VERTEX_POINT ( 'NONE', #4110 ) ;
#6417 = EDGE_CURVE ( 'NONE', #3342, #6774, #2028, .T. ) ;
#6418 = PRODUCT ( 'Wood_Accent_Side', 'Wood_Accent_Side', '', ( #8408 ) ) ;
#6419 = CARTESIAN_POINT ( 'NONE',  ( -25.39999999999560032, -152.4002906799316861, 11.81000000000000050 ) ) ;
#6420 = DIRECTION ( 'NONE',  ( 0.000000000000000000, 0.000000000000000000, -1.000000000000000000 ) ) ;
#6421 = DIRECTION ( 'NONE',  ( 0.000000000000000000, 0.000000000000000000, 1.000000000000000000 ) ) ;
#6422 = DIRECTION ( 'NONE',  ( 0.000000000000000000, 0.000000000000000000, 1.000000000000000000 ) ) ;
#6423 = CARTESIAN_POINT ( 'NONE',  ( -352.1190026065291363, -8.584476798451465385, 11.81000000000000050 ) ) ;
#6424 = PRODUCT_CONTEXT ( 'NONE', #5751, 'mechanical' ) ;
#6425 = ORIENTED_EDGE ( 'NONE', *, *, #7547, .F. ) ;
#6426 = ADVANCED_FACE ( 'NONE', ( #3437 ), #6156, .F. ) ;
#6427 = CARTESIAN_POINT ( 'NONE',  ( 59.26666666666674388, -304.8000000000000114, 0.000000000000000000 ) ) ;
#6428 = ORIENTED_EDGE ( 'NONE', *, *, #292, .T. ) ;
#6429 = VECTOR ( 'NONE', #197, 1000.000000000000000 ) ;
#6430 = EDGE_LOOP ( 'NONE', ( #7321, #1206, #5935, #3325 ) ) ;
#6431 = DIRECTION ( 'NONE',  ( -1.000000000000000000, -1.706325926237332771E-16, 0.000000000000000000 ) ) ;
#6432 = DIRECTION ( 'NONE',  ( 1.000000000000000000, 1.706325926237332771E-16, -0.000000000000000000 ) ) ;
#6433 = DIRECTION ( 'NONE',  ( 0.000000000000000000, 0.000000000000000000, -1.000000000000000000 ) ) ;
#6434 =( NAMED_UNIT ( * ) SI_UNIT ( $, .STERADIAN. ) SOLID_ANGLE_UNIT ( ) );
#6435 = VECTOR ( 'NONE', #907, 1000.000000000000000 ) ;
#6436 = CARTESIAN_POINT ( 'NONE',  ( -152.3999999999999773, -267.5900000000000318, 0.000000000000000000 ) ) ;
#6437 = EDGE_CURVE ( 'NONE', #5961, #522, #5425, .T. ) ;
#6438 = EDGE_LOOP ( 'NONE', ( #5408, #561, #5993, #7713 ) ) ;
#6439 = ORIENTED_EDGE ( 'NONE', *, *, #5233, .F. ) ;
#6440 = DIRECTION ( 'NONE',  ( -1.000000000000000000, -2.900420671469659582E-16, 0.000000000000000000 ) ) ;
#6441 = VECTOR ( 'NONE', #625, 1000.000000000000000 ) ;
#6442 = ADVANCED_FACE ( 'NONE', ( #8181 ), #1976, .T. ) ;
#6443 = FACE_OUTER_BOUND ( 'NONE', #513, .T. ) ;
#6444 = CARTESIAN_POINT ( 'NONE',  ( -522.4386812835921319, -152.3278101317850712, 0.000000000000000000 ) ) ;
#6445 = VERTEX_POINT ( 'NONE', #7319 ) ;
#6446 = LINE ( 'NONE', #1597, #515 ) ;
#6447 = AXIS2_PLACEMENT_3D ( 'NONE', #7811, #8879, #648 ) ;
#6448 = ORIENTED_EDGE ( 'NONE', *, *, #6852, .F. ) ;
#6449 = CARTESIAN_POINT ( 'NONE',  ( 4.402728182029136406E-12, -152.4002906799316861, 11.81000000000000050 ) ) ;
#6450 = ORIENTED_EDGE ( 'NONE', *, *, #4281, .T. ) ;
#6451 = ADVANCED_FACE ( 'NONE', ( #986 ), #3109, .F. ) ;
#6452 = ORIENTED_EDGE ( 'NONE', *, *, #377, .T. ) ;
#6453 = FACE_OUTER_BOUND ( 'NONE', #4393, .T. ) ;
#6454 = AXIS2_PLACEMENT_3D ( 'NONE', #558, #6229, #4678 ) ;
#6455 = CARTESIAN_POINT ( 'NONE',  ( -340.3090026065291340, -127.1178101317848075, 0.000000000000000000 ) ) ;
#6456 = LINE ( 'NONE', #290, #7772 ) ;
#6457 = LINE ( 'NONE', #4280, #8889 ) ;
#6458 = ADVANCED_FACE ( 'NONE', ( #5839 ), #2381, .F. ) ;
#6459 = VECTOR ( 'NONE', #5893, 1000.000000000000000 ) ;
#6460 = EDGE_LOOP ( 'NONE', ( #5292, #8110, #1609, #6274 ) ) ;
#6461 = DIRECTION ( 'NONE',  ( 4.370956789862815627E-15, -0.000000000000000000, 1.000000000000000000 ) ) ;
#6462 = CARTESIAN_POINT ( 'NONE',  ( 152.3999999999999773, 106.1299999999999955, 0.000000000000000000 ) ) ;
#6463 = CARTESIAN_POINT ( 'NONE',  ( -304.8000000000000114, -26.87841541837379111, 11.81000000000000050 ) ) ;
#6464 = FACE_OUTER_BOUND ( 'NONE', #6723, .T. ) ;
#6465 = FACE_OUTER_BOUND ( 'NONE', #5662, .T. ) ;
#6466 = AXIS2_PLACEMENT_3D ( 'NONE', #7005, #7180, #5696 ) ;
#6467 = ITEM_DEFINED_TRANSFORMATION ( 'NONE', 'NONE', #1010,  #3886 ) ;
#6468 = EDGE_CURVE ( 'NONE', #2612, #5273, #3880, .T. ) ;
#6469 = MANIFOLD_SOLID_BREP ( 'Mirror4', #1751 ) ;
#6470 = ORIENTED_EDGE ( 'NONE', *, *, #7385, .T. ) ;
#6471 = VECTOR ( 'NONE', #8670, 1000.000000000000000 ) ;
#6472 = DIRECTION ( 'NONE',  ( -2.185478394931409786E-15, 1.000000000000000000, 0.000000000000000000 ) ) ;
#6473 = VECTOR ( 'NONE', #6911, 1000.000000000000000 ) ;
#6474 = ORIENTED_EDGE ( 'NONE', *, *, #1180, .F. ) ;
#6475 = VERTEX_POINT ( 'NONE', #4421 ) ;
#6476 = DIRECTION ( 'NONE',  ( -1.706325926237332771E-16, 1.000000000000000000, 0.000000000000000000 ) ) ;
#6477 = LINE ( 'NONE', #7785, #7900 ) ;
#6478 = DIRECTION ( 'NONE',  ( 0.000000000000000000, -0.000000000000000000, 1.000000000000000000 ) ) ;
#6479 = DIRECTION ( 'NONE',  ( -0.000000000000000000, -1.000000000000000000, -0.000000000000000000 ) ) ;
#6480 = VECTOR ( 'NONE', #7634, 1000.000000000000000 ) ;
#6481 = STYLED_ITEM ( 'NONE', ( #1673 ), #5933 ) ;
#6482 = CARTESIAN_POINT ( 'NONE',  ( -292.9900000000000091, -99.73508208504048866, 0.000000000000000000 ) ) ;
#6483 = ORIENTED_EDGE ( 'NONE', *, *, #8228, .F. ) ;
#6484 = VECTOR ( 'NONE', #4354, 1000.000000000000000 ) ;
#6485 = ORIENTED_EDGE ( 'NONE', *, *, #8056, .F. ) ;
#6487 = LINE ( 'NONE', #8469, #2558 ) ;
#6486 = AXIS2_PLACEMENT_3D ( 'NONE', #8913, #5617, #4123 ) ;
#6488 = LINE ( 'NONE', #6309, #6484 ) ;
#6489 = ADVANCED_FACE ( 'NONE', ( #3705 ), #393, .F. ) ;
#6490 = PRODUCT_DEFINITION_SHAPE ( 'NONE', 'NONE',  #6009 ) ;
#6491 = VECTOR ( 'NONE', #6204, 1000.000000000000000 ) ;
#6492 = ORIENTED_EDGE ( 'NONE', *, *, #2941, .F. ) ;
#6493 = VECTOR ( 'NONE', #4202, 1000.000000000000000 ) ;
#6494 = PLANE ( 'NONE',  #1182 ) ;
#6495 = CARTESIAN_POINT ( 'NONE',  ( 114.3000000000043173, -152.4002906799316861, 11.81000000000000050 ) ) ;
#6496 = EDGE_CURVE ( 'NONE', #332, #4151, #5974, .T. ) ;
#6497 = ORIENTED_EDGE ( 'NONE', *, *, #814, .T. ) ;
#6498 = ORIENTED_EDGE ( 'NONE', *, *, #1721, .T. ) ;
#6499 = VERTEX_POINT ( 'NONE', #1787 ) ;
#6500 = ORIENTED_EDGE ( 'NONE', *, *, #3687, .T. ) ;
#6501 = DIRECTION ( 'NONE',  ( 1.000000000000000000, 0.000000000000000000, 0.000000000000000000 ) ) ;
#6502 = CARTESIAN_POINT ( 'NONE',  ( 152.4002906799316008, -4.665784838024103820, 0.000000000000000000 ) ) ;
#6503 = LINE ( 'NONE', #5596, #8349 ) ;
#6504 = EDGE_CURVE ( 'NONE', #7062, #2473, #7233, .T. ) ;
#6505 = FACE_OUTER_BOUND ( 'NONE', #8679, .T. ) ;
#6506 =( REPRESENTATION_RELATIONSHIP ('NONE','NONE', #853, #1344 ) REPRESENTATION_RELATIONSHIP_WITH_TRANSFORMATION ( #3615 )SHAPE_REPRESENTATION_RELATIONSHIP( ) );
#6507 = EDGE_LOOP ( 'NONE', ( #7046, #4670, #2809, #8874 ) ) ;
#6508 = ORIENTED_EDGE ( 'NONE', *, *, #2799, .F. ) ;
#6509 = LINE ( 'NONE', #3016, #8348 ) ;
#6510 = PRODUCT_DEFINITION ( 'UNKNOWN', '', #7805, #2293 ) ;
#6511 = PLANE ( 'NONE',  #2697 ) ;
#6512 = CARTESIAN_POINT ( 'NONE',  ( -165.0998546600341967, -4.665784838024212178, 11.81000000000000050 ) ) ;
#6513 = AXIS2_PLACEMENT_3D ( 'NONE', #4429, #6656, #5121 ) ;
#6514 = LINE ( 'NONE', #1698, #5719 ) ;
#6515 = CONTEXT_DEPENDENT_SHAPE_REPRESENTATION ( #8045, #3590 ) ;
#6516 = LINE ( 'NONE', #6383, #6400 ) ;
#6517 = ORIENTED_EDGE ( 'NONE', *, *, #6410, .T. ) ;
#6518 = FILL_AREA_STYLE ('',( #2340 ) ) ;
#6519 = ORIENTED_EDGE ( 'NONE', *, *, #4347, .F. ) ;
#6520 = ORIENTED_EDGE ( 'NONE', *, *, #242, .T. ) ;
#6521 = EDGE_CURVE ( 'NONE', #2997, #5093, #1028, .T. ) ;
#6522 = LINE ( 'NONE', #7111, #4431 ) ;
#6523 = DIRECTION ( 'NONE',  ( 0.000000000000000000, 0.000000000000000000, 1.000000000000000000 ) ) ;
#6524 = LINE ( 'NONE', #3888, #6582 ) ;
#6525 = CARTESIAN_POINT ( 'NONE',  ( -164.2100000000000080, 93.31108576126278820, 1345.223107283573654 ) ) ;
#6526 = CARTESIAN_POINT ( 'NONE',  ( 140.5900000000000034, 80.73000000000001819, 0.000000000000000000 ) ) ;
#6527 = ORIENTED_EDGE ( 'NONE', *, *, #2454, .T. ) ;
#6528 = ORIENTED_EDGE ( 'NONE', *, *, #2169, .F. ) ;
#6529 = DIRECTION ( 'NONE',  ( -1.000000000000000000, 0.000000000000000000, 0.000000000000000000 ) ) ;
#6530 = LINE ( 'NONE', #366, #8062 ) ;
#6531 = CLOSED_SHELL ( 'NONE', ( #7207, #8687, #8371, #309, #6065, #5112, #7131, #1282, #7317, #575, #2722, #1474, #7700, #7635, #5558, #6897, #8855, #6251, #8816, #4338, #67, #5056, #2602, #4436, #1983, #3060, #6838, #7260, #3654, #3786, #7524, #5610, #2076, #7306, #4356, #7766, #931, #1618, #8772, #7536, #7478, #1643, #2544, #1126, #906, #6217, #2438, #5848, #6304, #4886, #2568, #5216, #87, #6393 ) ) ;
#6532 = ORIENTED_EDGE ( 'NONE', *, *, #2308, .T. ) ;
#6533 = DIRECTION ( 'NONE',  ( 0.000000000000000000, 0.000000000000000000, 1.000000000000000000 ) ) ;
#6534 = DIRECTION ( 'NONE',  ( -1.000000000000000000, 0.000000000000000000, -0.000000000000000000 ) ) ;
#6535 = VERTEX_POINT ( 'NONE', #4556 ) ;
#6536 = ORIENTED_EDGE ( 'NONE', *, *, #5663, .T. ) ;
#6537 = ORIENTED_EDGE ( 'NONE', *, *, #974, .F. ) ;
#6538 = EDGE_CURVE ( 'NONE', #8284, #5803, #5287, .T. ) ;
#6539 = VERTEX_POINT ( 'NONE', #1622 ) ;
#6540 = AXIS2_PLACEMENT_3D ( 'NONE', #3771, #1638, #6533 ) ;
#6541 = DIRECTION ( 'NONE',  ( 0.000000000000000000, -0.000000000000000000, -1.000000000000000000 ) ) ;
#6542 = CARTESIAN_POINT ( 'NONE',  ( 140.5900000000000034, 267.5900000000000318, 0.000000000000000000 ) ) ;
#6543 = DIRECTION ( 'NONE',  ( -1.000000000000000000, 9.106159978880874930E-17, 0.000000000000000000 ) ) ;
#6544 = ORIENTED_EDGE ( 'NONE', *, *, #7971, .F. ) ;
#6545 = AXIS2_PLACEMENT_3D ( 'NONE', #1881, #5972, #8713 ) ;
#6546 = DIRECTION ( 'NONE',  ( 1.706325926237332771E-16, -1.000000000000000000, 0.000000000000000000 ) ) ;
#6547 = VERTEX_POINT ( 'NONE', #6557 ) ;
#6548 = ADVANCED_FACE ( 'NONE', ( #349 ), #7145, .T. ) ;
#6549 = CARTESIAN_POINT ( 'NONE',  ( -522.4386812835921319, -152.3278101317850712, 11.81000000000000050 ) ) ;
#6550 =( REPRESENTATION_RELATIONSHIP ('NONE','NONE', #853, #746 ) REPRESENTATION_RELATIONSHIP_WITH_TRANSFORMATION ( #4465 )SHAPE_REPRESENTATION_RELATIONSHIP( ) );
#6551 = DIRECTION ( 'NONE',  ( 0.000000000000000000, 0.000000000000000000, -1.000000000000000000 ) ) ;
#6552 = EDGE_CURVE ( 'NONE', #1660, #2929, #3754, .T. ) ;
#6553 = DIRECTION ( 'NONE',  ( -1.000000000000000000, -4.553079989440437711E-16, 0.000000000000000000 ) ) ;
#6554 = PRODUCT_DEFINITION_CONTEXT ( 'detailed design', #8848, 'design' ) ;
#6555 = PLANE ( 'NONE',  #31 ) ;
#6556 = ORIENTED_EDGE ( 'NONE', *, *, #4931, .F. ) ;
#6557 = CARTESIAN_POINT ( 'NONE',  ( 267.5900000000043519, -115.1902906799316355, 0.000000000000000000 ) ) ;
#6558 = EDGE_LOOP ( 'NONE', ( #5872, #6856, #7035, #2507 ) ) ;
#6559 = EDGE_CURVE ( 'NONE', #4824, #7799, #1302, .T. ) ;
#6560 = VERTEX_POINT ( 'NONE', #5422 ) ;
#6561 = DIRECTION ( 'NONE',  ( 0.000000000000000000, 1.000000000000000000, 0.000000000000000000 ) ) ;
#6562 = LINE ( 'NONE', #2207, #6754 ) ;
#6563 = CARTESIAN_POINT ( 'NONE',  ( 139.7000000000043087, -140.5902906799316838, 0.000000000000000000 ) ) ;
#6564 = PRODUCT_DEFINITION_SHAPE ( 'NONE', 'NONE',  #8931 ) ;
#6565 = EDGE_LOOP ( 'NONE', ( #5304, #3409, #6834, #7031 ) ) ;
#6566 = LINE ( 'NONE', #1712, #6150 ) ;
#6567 = CARTESIAN_POINT ( 'NONE',  ( 70.89891423873723397, -304.8000000000000682, -1091.223107283573654 ) ) ;
#6568 = DIRECTION ( 'NONE',  ( -0.000000000000000000, -1.000000000000000000, -0.000000000000000000 ) ) ;
#6569 = VECTOR ( 'NONE', #3327, 1000.000000000000000 ) ;
#6570 = EDGE_CURVE ( 'NONE', #5615, #3339, #4016, .T. ) ;
#6571 = ORIENTED_EDGE ( 'NONE', *, *, #5641, .F. ) ;
#6572 = LINE ( 'NONE', #5853, #5315 ) ;
#6573 = DIRECTION ( 'NONE',  ( 0.000000000000000000, -0.000000000000000000, -1.000000000000000000 ) ) ;
#6574 = VECTOR ( 'NONE', #4300, 1000.000000000000000 ) ;
#6575 =( LENGTH_UNIT ( ) NAMED_UNIT ( * ) SI_UNIT ( .MILLI., .METRE. ) );
#6576 = EDGE_CURVE ( 'NONE', #7356, #3881, #5377, .T. ) ;
#6577 = ORIENTED_EDGE ( 'NONE', *, *, #6019, .F. ) ;
#6578 = DIRECTION ( 'NONE',  ( 1.000000000000000000, -0.000000000000000000, 0.000000000000000000 ) ) ;
#6579 = CARTESIAN_POINT ( 'NONE',  ( -340.3090026065290772, -93.25114346511814745, 0.000000000000000000 ) ) ;
#6580 = ORIENTED_EDGE ( 'NONE', *, *, #3402, .F. ) ;
#6581 = VERTEX_POINT ( 'NONE', #4065 ) ;
#6582 = VECTOR ( 'NONE', #3839, 1000.000000000000000 ) ;
#6583 = EDGE_LOOP ( 'NONE', ( #1338, #1923, #3046, #6218 ) ) ;
#6584 = DIRECTION ( 'NONE',  ( 0.000000000000000000, 0.000000000000000000, -1.000000000000000000 ) ) ;
#6585 = DIRECTION ( 'NONE',  ( 0.000000000000000000, -0.000000000000000000, 1.000000000000000000 ) ) ;
#6586 = PLANE ( 'NONE',  #6161 ) ;
#6587 = VECTOR ( 'NONE', #2107, 1000.000000000000000 ) ;
#6588 = EDGE_CURVE ( 'NONE', #7541, #2632, #5470, .T. ) ;
#6589 = CARTESIAN_POINT ( 'NONE',  ( -25.39999999999999147, 11.81000000000000050, 304.8000000000000114 ) ) ;
#6590 = ORIENTED_EDGE ( 'NONE', *, *, #7950, .F. ) ;
#6591 = CARTESIAN_POINT ( 'NONE',  ( 152.3999999999999773, -80.73000000000001819, 11.81000000000000050 ) ) ;
#6592 = ORIENTED_EDGE ( 'NONE', *, *, #2398, .T. ) ;
#6593 = LINE ( 'NONE', #932, #1687 ) ;
#6594 = AXIS2_PLACEMENT_3D ( 'NONE', #6579, #4578, #7343 ) ;
#6595 = DIRECTION ( 'NONE',  ( -0.000000000000000000, 1.000000000000000000, -0.000000000000000000 ) ) ;
#6596 = CARTESIAN_POINT ( 'NONE',  ( 152.4002906799316008, 71.53421516197586527, 0.000000000000000000 ) ) ;
#6597 = PLANE ( 'NONE',  #3403 ) ;
#6598 = CONTEXT_DEPENDENT_SHAPE_REPRESENTATION ( #5280, #5845 ) ;
#6599 = EDGE_CURVE ( 'NONE', #8042, #4707, #6152, .T. ) ;
#6600 = EDGE_CURVE ( 'NONE', #901, #6773, #6736, .T. ) ;
#6601 = VECTOR ( 'NONE', #2519, 1000.000000000000000 ) ;
#6602 = CARTESIAN_POINT ( 'NONE',  ( 267.5900000000000318, -111.5450820850404909, 0.000000000000000000 ) ) ;
#6603 = ORIENTED_EDGE ( 'NONE', *, *, #3328, .F. ) ;
#6604 = EDGE_CURVE ( 'NONE', #5591, #3226, #477, .T. ) ;
#6605 = DIRECTION ( 'NONE',  ( 0.000000000000000000, 1.000000000000000000, 0.000000000000000000 ) ) ;
#6606 = ORIENTED_EDGE ( 'NONE', *, *, #7352, .T. ) ;
#6607 = DIRECTION ( 'NONE',  ( -1.000000000000000000, -0.000000000000000000, -0.000000000000000000 ) ) ;
#6608 = AXIS2_PLACEMENT_3D ( 'NONE', #8809, #5380, #1928 ) ;
#6609 = CARTESIAN_POINT ( 'NONE',  ( -25.39999999999560387, 419.9897093200684139, 11.81000000000000050 ) ) ;
#6610 = CARTESIAN_POINT ( 'NONE',  ( -59.26666666666662309, -292.9900000000000091, 0.000000000000000000 ) ) ;
#6611 = VERTEX_POINT ( 'NONE', #8131 ) ;
#6612 = DIRECTION ( 'NONE',  ( 1.000000000000000000, 1.836970198721756426E-16, 0.000000000000000000 ) ) ;
#6613 = CARTESIAN_POINT ( 'NONE',  ( -468.3898691419374813, -292.9901453399657498, 503.0377683893128165 ) ) ;
#6614 = EDGE_CURVE ( 'NONE', #8647, #2717, #8758, .T. ) ;
#6615 = EDGE_CURVE ( 'NONE', #5991, #1429, #4108, .T. ) ;
#6616 = CARTESIAN_POINT ( 'NONE',  ( 304.8000000000000114, -52.27841541837373995, 0.000000000000000000 ) ) ;
#6617 = AXIS2_PLACEMENT_3D ( 'NONE', #7647, #6959, #755 ) ;
#6618 = ORIENTED_EDGE ( 'NONE', *, *, #2548, .T. ) ;
#6619 = VERTEX_POINT ( 'NONE', #4792 ) ;
#6620 = DIRECTION ( 'NONE',  ( -1.000000000000000000, -1.706325926237332771E-16, 0.000000000000000000 ) ) ;
#6621 = PLANE ( 'NONE',  #6056 ) ;
#6622 = VECTOR ( 'NONE', #1382, 1000.000000000000000 ) ;
#6623 = VECTOR ( 'NONE', #6103, 1000.000000000000000 ) ;
#6624 = EDGE_CURVE ( 'NONE', #8721, #2593, #3968, .T. ) ;
#6625 = EDGE_LOOP ( 'NONE', ( #3946, #987, #654, #7380 ) ) ;
#6626 = CARTESIAN_POINT ( 'NONE',  ( -47.31900260652910362, -127.1178101317847791, 0.000000000000000000 ) ) ;
#6627 = VERTEX_POINT ( 'NONE', #3923 ) ;
#6628 = VERTEX_POINT ( 'NONE', #3433 ) ;
#6629 = VECTOR ( 'NONE', #7966, 1000.000000000000000 ) ;
#6630 = VECTOR ( 'NONE', #598, 1000.000000000000000 ) ;
#6631 = ORIENTED_EDGE ( 'NONE', *, *, #7149, .F. ) ;
#6632 = DIRECTION ( 'NONE',  ( -1.000000000000000000, -0.000000000000000000, -0.000000000000000000 ) ) ;
#6633 = DIRECTION ( 'NONE',  ( 0.000000000000000000, 1.000000000000000000, 0.000000000000000000 ) ) ;
#6634 = ADVANCED_FACE ( 'NONE', ( #6785 ), #523, .T. ) ;
#6635 = VECTOR ( 'NONE', #4653, 1000.000000000000000 ) ;
#6636 = PLANE ( 'NONE',  #8324 ) ;
#6637 = AXIS2_PLACEMENT_3D ( 'NONE', #5155, #8678, #1069 ) ;
#6638 = CARTESIAN_POINT ( 'NONE',  ( 139.7000000000043087, 457.1997093200683935, 0.000000000000000000 ) ) ;
#6639 = VERTEX_POINT ( 'NONE', #3768 ) ;
#6640 = ORIENTED_EDGE ( 'NONE', *, *, #1061, .T. ) ;
#6641 = PLANE ( 'NONE',  #3721 ) ;
#6642 = CARTESIAN_POINT ( 'NONE',  ( -139.6998546600342195, -4.665784838024212178, 0.000000000000000000 ) ) ;
#6643 = DIRECTION ( 'NONE',  ( -0.000000000000000000, -0.000000000000000000, 1.000000000000000000 ) ) ;
#6644 =( GEOMETRIC_REPRESENTATION_CONTEXT ( 3 ) GLOBAL_UNCERTAINTY_ASSIGNED_CONTEXT ( ( #473 ) ) GLOBAL_UNIT_ASSIGNED_CONTEXT ( ( #1942, #4807, #7019 ) ) REPRESENTATION_CONTEXT ( 'NONE', 'WORKASPACE' ) );
#6645 = PLANE ( 'NONE',  #6545 ) ;
#6646 = EDGE_LOOP ( 'NONE', ( #2244, #1324, #416, #188 ) ) ;
#6647 = SURFACE_STYLE_FILL_AREA ( #6518 ) ;
#6648 = AXIS2_PLACEMENT_3D ( 'NONE', #5668, #1539, #4301 ) ;
#6649 = VERTEX_POINT ( 'NONE', #1835 ) ;
#6650 = EDGE_CURVE ( 'NONE', #1279, #8588, #2746, .T. ) ;
#6651 = CARTESIAN_POINT ( 'NONE',  ( 152.3999999999999773, 80.73000000000001819, 0.000000000000000000 ) ) ;
#6652 = DIRECTION ( 'NONE',  ( 1.000000000000000000, 1.706325926237332771E-16, -0.000000000000000000 ) ) ;
#6653 = DIRECTION ( 'NONE',  ( -1.000000000000000000, 0.000000000000000000, 0.000000000000000000 ) ) ;
#6654 = ORIENTED_EDGE ( 'NONE', *, *, #6197, .F. ) ;
#6655 = LINE ( 'NONE', #4613, #8316 ) ;
#6656 = DIRECTION ( 'NONE',  ( 5.551115123125782702E-17, -1.734723475976794961E-18, -1.000000000000000000 ) ) ;
#6657 = EDGE_CURVE ( 'NONE', #8612, #8555, #1162, .T. ) ;
#6658 = EDGE_CURVE ( 'NONE', #4306, #3339, #7313, .T. ) ;
#6659 = LINE ( 'NONE', #445, #6027 ) ;
#6660 = ORIENTED_EDGE ( 'NONE', *, *, #7080, .F. ) ;
#6661 = VERTEX_POINT ( 'NONE', #5332 ) ;
#6662 = EDGE_CURVE ( 'NONE', #6445, #8142, #6110, .T. ) ;
#6663 = LINE ( 'NONE', #6703, #1117 ) ;
#6664 = DIRECTION ( 'NONE',  ( -0.000000000000000000, -1.000000000000000000, -0.000000000000000000 ) ) ;
#6665 = DIRECTION ( 'NONE',  ( 0.000000000000000000, -1.000000000000000000, 0.000000000000000000 ) ) ;
#6666 = ADVANCED_FACE ( 'NONE', ( #6016 ), #3293, .F. ) ;
#6667 = EDGE_LOOP ( 'NONE', ( #5799, #8911, #4591, #425 ) ) ;
#6668 = LINE ( 'NONE', #2401, #6254 ) ;
#6669 = CARTESIAN_POINT ( 'NONE',  ( -59.26666666666662309, -292.9900000000000091, 0.000000000000000000 ) ) ;
#6670 = ORIENTED_EDGE ( 'NONE', *, *, #6222, .F. ) ;
#6671 = ORIENTED_EDGE ( 'NONE', *, *, #6042, .T. ) ;
#6672 = ORIENTED_EDGE ( 'NONE', *, *, #8313, .F. ) ;
#6673 = ADVANCED_FACE ( 'NONE', ( #4694 ), #574, .F. ) ;
#6674 = DIRECTION ( 'NONE',  ( 0.000000000000000000, -0.000000000000000000, 1.000000000000000000 ) ) ;
#6675 = DIRECTION ( 'NONE',  ( -1.000000000000000000, 0.000000000000000000, -0.000000000000000000 ) ) ;
#6676 = DIRECTION ( 'NONE',  ( -2.472932452667691008E-15, 1.000000000000000000, -0.000000000000000000 ) ) ;
#6677 = VECTOR ( 'NONE', #1912, 1000.000000000000000 ) ;
#6678 = DIRECTION ( 'NONE',  ( -9.106159978880878627E-17, 1.000000000000000000, -0.000000000000000000 ) ) ;
#6679 = ORIENTED_EDGE ( 'NONE', *, *, #5713, .F. ) ;
#6680 = ORIENTED_EDGE ( 'NONE', *, *, #2899, .F. ) ;
#6681 = DIRECTION ( 'NONE',  ( -0.000000000000000000, 0.000000000000000000, 1.000000000000000000 ) ) ;
#6682 = ORIENTED_EDGE ( 'NONE', *, *, #6886, .T. ) ;
#6683 = EDGE_CURVE ( 'NONE', #192, #1722, #8899, .T. ) ;
#6684 = DIRECTION ( 'NONE',  ( 1.000000000000000000, 0.000000000000000000, -0.000000000000000000 ) ) ;
#6685 = LINE ( 'NONE', #6145, #1499 ) ;
#6686 = PLANE ( 'NONE',  #3858 ) ;
#6687 = CARTESIAN_POINT ( 'NONE',  ( -340.3090026065290772, -93.25114346511814745, 0.000000000000000000 ) ) ;
#6688 = AXIS2_PLACEMENT_3D ( 'NONE', #7305, #1872, #5276 ) ;
#6689 = EDGE_CURVE ( 'NONE', #5026, #8677, #5695, .T. ) ;
#6690 = ORIENTED_EDGE ( 'NONE', *, *, #29, .F. ) ;
#6691 = DIRECTION ( 'NONE',  ( 4.200324197239087429E-15, 1.000000000000000000, 0.000000000000000000 ) ) ;
#6692 = VERTEX_POINT ( 'NONE', #4329 ) ;
#6693 = DIRECTION ( 'NONE',  ( 1.000000000000000000, 1.706325926237332771E-16, -0.000000000000000000 ) ) ;
#6694 = DIRECTION ( 'NONE',  ( 1.000000000000000000, 0.000000000000000000, 0.000000000000000000 ) ) ;
#6695 = CARTESIAN_POINT ( 'NONE',  ( 152.3999999999999773, 80.73000000000001819, 11.81000000000000050 ) ) ;
#6696 = VERTEX_POINT ( 'NONE', #68 ) ;
#6697 = DIRECTION ( 'NONE',  ( -1.836970198721756426E-16, 1.000000000000000000, 0.000000000000000000 ) ) ;
#6698 = DIRECTION ( 'NONE',  ( 6.070330638931700361E-17, 1.000000000000000000, 3.674024506307549048E-16 ) ) ;
#6699 = ADVANCED_FACE ( 'NONE', ( #8315 ), #7598, .F. ) ;
#6700 = CARTESIAN_POINT ( 'NONE',  ( 4.402728182029136406E-12, 457.1997093200683935, 0.000000000000000000 ) ) ;
#6701 = ORIENTED_EDGE ( 'NONE', *, *, #6973, .F. ) ;
#6702 = EDGE_LOOP ( 'NONE', ( #16, #5784, #4260, #6396 ) ) ;
#6703 = CARTESIAN_POINT ( 'NONE',  ( -152.3999999999999773, 106.1299999999999955, 0.000000000000000000 ) ) ;
#6704 = DIRECTION ( 'NONE',  ( 1.000000000000000000, 0.000000000000000000, 0.000000000000000000 ) ) ;
#6705 = SURFACE_STYLE_FILL_AREA ( #1179 ) ;
#6706 = DIRECTION ( 'NONE',  ( -1.000000000000000000, -0.000000000000000000, -0.000000000000000000 ) ) ;
#6707 = ADVANCED_FACE ( 'NONE', ( #4241 ), #6957, .F. ) ;
#6708 = ORIENTED_EDGE ( 'NONE', *, *, #4295, .F. ) ;
#6709 = SURFACE_SIDE_STYLE ('',( #496 ) ) ;
#6710 = LINE ( 'NONE', #497, #8335 ) ;
#6711 = ORIENTED_EDGE ( 'NONE', *, *, #4281, .F. ) ;
#6712 = VERTEX_POINT ( 'NONE', #8404 ) ;
#6713 = ORIENTED_EDGE ( 'NONE', *, *, #6437, .T. ) ;
#6714 = EDGE_CURVE ( 'NONE', #1046, #4510, #3563, .T. ) ;
#6715 = LINE ( 'NONE', #4042, #7332 ) ;
#6716 = AXIS2_PLACEMENT_3D ( 'NONE', #5065, #2290, #4375 ) ;
#6717 = LINE ( 'NONE', #7935, #5768 ) ;
#6718 = PLANE ( 'NONE',  #1788 ) ;
#6719 = FACE_OUTER_BOUND ( 'NONE', #702, .T. ) ;
#6720 = DIRECTION ( 'NONE',  ( -0.000000000000000000, -0.000000000000000000, 1.000000000000000000 ) ) ;
#6721 = AXIS2_PLACEMENT_3D ( 'NONE', #2846, #3669, #6433 ) ;
#6722 = EDGE_CURVE ( 'NONE', #7756, #5684, #5603, .T. ) ;
#6723 = EDGE_LOOP ( 'NONE', ( #5075, #6784, #4184, #136 ) ) ;
#6724 = VERTEX_POINT ( 'NONE', #6328 ) ;
#6725 = ORIENTED_EDGE ( 'NONE', *, *, #6965, .F. ) ;
#6726 = CARTESIAN_POINT ( 'NONE',  ( -445.3899999999999864, 20.73421516197585035, 11.81000000000000050 ) ) ;
#6727 = VECTOR ( 'NONE', #6876, 1000.000000000000000 ) ;
#6728 = FACE_OUTER_BOUND ( 'NONE', #637, .T. ) ;
#6729 = CARTESIAN_POINT ( 'NONE',  ( -547.8386812835921091, -152.3278101317850712, 0.000000000000000000 ) ) ;
#6730 = DIRECTION ( 'NONE',  ( 0.000000000000000000, 1.000000000000000000, 0.000000000000000000 ) ) ;
#6731 = UNCERTAINTY_MEASURE_WITH_UNIT (LENGTH_MEASURE( 1.000000000000000082E-05 ), #2525, 'distance_accuracy_value', 'NONE');
#6732 = EDGE_CURVE ( 'NONE', #2025, #1496, #6285, .T. ) ;
#6733 = PLANE ( 'NONE',  #5100 ) ;
#6734 = VECTOR ( 'NONE', #3996, 1000.000000000000000 ) ;
#6735 = ORIENTED_EDGE ( 'NONE', *, *, #13, .T. ) ;
#6736 = LINE ( 'NONE', #3244, #6761 ) ;
#6737 = VERTEX_POINT ( 'NONE', #7724 ) ;
#6738 = CARTESIAN_POINT ( 'NONE',  ( -25.39999999999999147, 0.000000000000000000, 304.8000000000000114 ) ) ;
#6739 = LINE ( 'NONE', #3298, #7182 ) ;
#6740 = LINE ( 'NONE', #2031, #1565 ) ;
#6741 = EDGE_CURVE ( 'NONE', #2694, #1556, #1520, .T. ) ;
#6742 = ORIENTED_EDGE ( 'NONE', *, *, #7267, .F. ) ;
#6743 = LINE ( 'NONE', #7567, #7600 ) ;
#6744 = VECTOR ( 'NONE', #2177, 1000.000000000000000 ) ;
#6745 = DIRECTION ( 'NONE',  ( -1.051488783018137525E-16, -1.000000000000000000, 6.070773319253859099E-17 ) ) ;
#6746 = CARTESIAN_POINT ( 'NONE',  ( 267.5900000000043519, 139.6997093200683935, 0.000000000000000000 ) ) ;
#6747 = VECTOR ( 'NONE', #1357, 1000.000000000000000 ) ;
#6748 = ORIENTED_EDGE ( 'NONE', *, *, #7456, .F. ) ;
#6749 = ORIENTED_EDGE ( 'NONE', *, *, #8056, .T. ) ;
#6750 = DIRECTION ( 'NONE',  ( -0.000000000000000000, -0.000000000000000000, 1.000000000000000000 ) ) ;
#6751 = DIRECTION ( 'NONE',  ( 0.000000000000000000, -0.000000000000000000, -1.000000000000000000 ) ) ;
#6752 =( NAMED_UNIT ( * ) PLANE_ANGLE_UNIT ( ) SI_UNIT ( $, .RADIAN. ) );
#6753 = CARTESIAN_POINT ( 'NONE',  ( -340.3090026065291340, -67.85114346511814176, 11.81000000000000050 ) ) ;
#6754 = VECTOR ( 'NONE', #3069, 1000.000000000000000 ) ;
#6755 = ORIENTED_EDGE ( 'NONE', *, *, #6227, .T. ) ;
#6756 = LINE ( 'NONE', #4766, #6114 ) ;
#6757 = CARTESIAN_POINT ( 'NONE',  ( -165.8523359398624279, -152.5178101317848700, 0.000000000000000000 ) ) ;
#6758 = ORIENTED_EDGE ( 'NONE', *, *, #5673, .F. ) ;
#6759 = ORIENTED_EDGE ( 'NONE', *, *, #3460, .F. ) ;
#6760 = ORIENTED_EDGE ( 'NONE', *, *, #6077, .T. ) ;
#6761 = VECTOR ( 'NONE', #8179, 1000.000000000000000 ) ;
#6763 = VECTOR ( 'NONE', #7407, 1000.000000000000000 ) ;
#6762 = LINE ( 'NONE', #8392, #5471 ) ;
#6764 = DIRECTION ( 'NONE',  ( 1.000000000000000000, 0.000000000000000000, -0.000000000000000000 ) ) ;
#6765 = EDGE_CURVE ( 'NONE', #2009, #414, #204, .T. ) ;
#6766 = CARTESIAN_POINT ( 'NONE',  ( 25.40000000000000213, 11.81000000000000050, -164.2100000000000364 ) ) ;
#6767 = EDGE_CURVE ( 'NONE', #8025, #4791, #7048, .T. ) ;
#6768 = VECTOR ( 'NONE', #724, 1000.000000000000000 ) ;
#6769 = AXIS2_PLACEMENT_3D ( 'NONE', #1718, #6529, #5814 ) ;
#6770 = FACE_OUTER_BOUND ( 'NONE', #4419, .T. ) ;
#6771 = PLANE ( 'NONE',  #7888 ) ;
#6772 = ORIENTED_EDGE ( 'NONE', *, *, #412, .T. ) ;
#6773 = VERTEX_POINT ( 'NONE', #754 ) ;
#6774 = VERTEX_POINT ( 'NONE', #2831 ) ;
#6775 = CARTESIAN_POINT ( 'NONE',  ( -292.9900000000000091, 91.65491791495954033, 0.000000000000000000 ) ) ;
#6776 = AXIS2_PLACEMENT_3D ( 'NONE', #2628, #2674, #737 ) ;
#6777 = EDGE_CURVE ( 'NONE', #8245, #6858, #1441, .T. ) ;
#6778 = AXIS2_PLACEMENT_3D ( 'NONE', #5473, #8236, #1306 ) ;
#6779 = CARTESIAN_POINT ( 'NONE',  ( 292.9900000000000091, 91.65491791495954033, 11.81000000000000050 ) ) ;
#6780 = CARTESIAN_POINT ( 'NONE',  ( -445.3899999999999864, 7.144215161975845163, 0.000000000000000000 ) ) ;
#6781 = DIRECTION ( 'NONE',  ( -0.000000000000000000, -1.000000000000000000, -0.000000000000000000 ) ) ;
#6782 = CONTEXT_DEPENDENT_SHAPE_REPRESENTATION ( #2444, #636 ) ;
#6783 = AXIS2_PLACEMENT_3D ( 'NONE', #1075, #6653, #3165 ) ;
#6784 = ORIENTED_EDGE ( 'NONE', *, *, #7121, .F. ) ;
#6785 = FACE_OUTER_BOUND ( 'NONE', #8027, .T. ) ;
#6786 = PRODUCT_RELATED_PRODUCT_CATEGORY ( 'part', '', ( #6418 ) ) ;
#6787 = ORIENTED_EDGE ( 'NONE', *, *, #6722, .F. ) ;
#6788 = FACE_OUTER_BOUND ( 'NONE', #5483, .T. ) ;
#6789 = DIRECTION ( 'NONE',  ( -0.000000000000000000, -0.000000000000000000, 1.000000000000000000 ) ) ;
#6790 = EDGE_LOOP ( 'NONE', ( #2843, #8381, #2341, #435 ) ) ;
#6791 = PRESENTATION_LAYER_ASSIGNMENT (  '', '', ( #3608 ) ) ;
#6792 = LINE ( 'NONE', #7605, #3976 ) ;
#6793 = DIRECTION ( 'NONE',  ( -1.224621265208487691E-16, -1.000000000000000000, 1.734723475976801702E-18 ) ) ;
#6794 = LINE ( 'NONE', #5296, #6747 ) ;
#6795 =( GEOMETRIC_REPRESENTATION_CONTEXT ( 3 ) GLOBAL_UNCERTAINTY_ASSIGNED_CONTEXT ( ( #8081 ) ) GLOBAL_UNIT_ASSIGNED_CONTEXT ( ( #6575, #3127, #4573 ) ) REPRESENTATION_CONTEXT ( 'NONE', 'WORKASPACE' ) );
#6796 = EDGE_LOOP ( 'NONE', ( #643, #7860, #158, #5428 ) ) ;
#6797 = EDGE_CURVE ( 'NONE', #8834, #1767, #2154, .T. ) ;
#6798 = ORIENTED_EDGE ( 'NONE', *, *, #4943, .F. ) ;
#6799 = DIRECTION ( 'NONE',  ( -2.185478394931409786E-15, 1.000000000000000000, 0.000000000000000000 ) ) ;
#6800 = DIRECTION ( 'NONE',  ( -0.000000000000000000, -1.000000000000000000, -0.000000000000000000 ) ) ;
#6801 = AXIS2_PLACEMENT_3D ( 'NONE', #7194, #3169, #1713 ) ;
#6802 = VERTEX_POINT ( 'NONE', #845 ) ;
#6803 = CARTESIAN_POINT ( 'NONE',  ( 127.0000000000001137, 292.9900000000000091, 0.000000000000000000 ) ) ;
#6804 = CARTESIAN_POINT ( 'NONE',  ( -457.1999999999999886, 33.43421516197582832, 11.81000000000000050 ) ) ;
#6805 = ORIENTED_EDGE ( 'NONE', *, *, #6391, .T. ) ;
#6806 = EDGE_CURVE ( 'NONE', #3346, #1676, #3611, .T. ) ;
#6807 = ORIENTED_EDGE ( 'NONE', *, *, #6165, .T. ) ;
#6808 = LINE ( 'NONE', #1145, #6630 ) ;
#6809 = LINE ( 'NONE', #6092, #2423 ) ;
#6810 = LINE ( 'NONE', #4091, #4708 ) ;
#6811 = LINE ( 'NONE', #2728, #448 ) ;
#6812 = DIRECTION ( 'NONE',  ( -1.000000000000000000, -9.106159978880877395E-17, 0.000000000000000000 ) ) ;
#6813 = EDGE_LOOP ( 'NONE', ( #3922, #4291, #5212, #7213 ) ) ;
#6814 = CARTESIAN_POINT ( 'NONE',  ( -340.3090026065290772, -93.25114346511814745, 0.000000000000000000 ) ) ;
#6815 = EDGE_CURVE ( 'NONE', #37, #8556, #6244, .T. ) ;
#6816 = ORIENTED_EDGE ( 'NONE', *, *, #5866, .T. ) ;
#6817 = ORIENTED_EDGE ( 'NONE', *, *, #5773, .F. ) ;
#6818 = CARTESIAN_POINT ( 'NONE',  ( -382.7386812835922569, -50.72781013178523324, 0.000000000000000000 ) ) ;
#6819 = PLANE ( 'NONE',  #200 ) ;
#6820 = DIRECTION ( 'NONE',  ( 0.000000000000000000, -1.000000000000000000, 0.000000000000000000 ) ) ;
#6821 = CARTESIAN_POINT ( 'NONE',  ( 254.0000000000042348, -140.5902906799316554, 0.000000000000000000 ) ) ;
#6822 = CONTEXT_DEPENDENT_SHAPE_REPRESENTATION ( #4988, #767 ) ;
#6823 = UNCERTAINTY_MEASURE_WITH_UNIT (LENGTH_MEASURE( 1.000000000000000082E-05 ), #5808, 'distance_accuracy_value', 'NONE');
#6824 = VECTOR ( 'NONE', #5869, 1000.000000000000000 ) ;
#6825 = PLANE ( 'NONE',  #6260 ) ;
#6826 = ADVANCED_FACE ( 'NONE', ( #2921 ), #8446, .F. ) ;
#6827 = ORIENTED_EDGE ( 'NONE', *, *, #3503, .T. ) ;
#6828 = DIRECTION ( 'NONE',  ( 1.092739197465705287E-15, -0.000000000000000000, 1.000000000000000000 ) ) ;
#6829 = EDGE_CURVE ( 'NONE', #4824, #7894, #889, .T. ) ;
#6830 = ORIENTED_EDGE ( 'NONE', *, *, #3549, .F. ) ;
#6831 = DIRECTION ( 'NONE',  ( 0.000000000000000000, 0.000000000000000000, 1.000000000000000000 ) ) ;
#6832 = LINE ( 'NONE', #7563, #6180 ) ;
#6833 = LINE ( 'NONE', #5427, #3602 ) ;
#6834 = ORIENTED_EDGE ( 'NONE', *, *, #1535, .F. ) ;
#6835 = LINE ( 'NONE', #6160, #6441 ) ;
#6836 = DIRECTION ( 'NONE',  ( -0.8660254037844417052, 1.214154663850782913E-16, 0.4999999999999950040 ) ) ;
#6837 = CARTESIAN_POINT ( 'NONE',  ( -152.3999999999999773, -267.5900000000000318, 0.000000000000000000 ) ) ;
#6838 = ADVANCED_FACE ( 'NONE', ( #3653 ), #5518, .T. ) ;
#6839 = ORIENTED_EDGE ( 'NONE', *, *, #203, .T. ) ;
#6840 = ORIENTED_EDGE ( 'NONE', *, *, #2175, .T. ) ;
#6841 = CARTESIAN_POINT ( 'NONE',  ( 267.5900000000043519, 445.3897093200683912, 0.000000000000000000 ) ) ;
#6842 = DIRECTION ( 'NONE',  ( 0.000000000000000000, 0.000000000000000000, 1.000000000000000000 ) ) ;
#6843 = APPLICATION_CONTEXT ( 'automotive_design' ) ;
#6844 =( NAMED_UNIT ( * ) PLANE_ANGLE_UNIT ( ) SI_UNIT ( $, .RADIAN. ) );
#6845 = ADVANCED_FACE ( 'NONE', ( #1021 ), #1693, .F. ) ;
#6846 = ORIENTED_EDGE ( 'NONE', *, *, #2995, .T. ) ;
#6847 = LINE ( 'NONE', #4083, #5160 ) ;
#6848 = ORIENTED_EDGE ( 'NONE', *, *, #3954, .T. ) ;
#6849 = ORIENTED_EDGE ( 'NONE', *, *, #6504, .F. ) ;
#6850 = CARTESIAN_POINT ( 'NONE',  ( -382.7386812835923138, -114.2278101317851764, 11.81000000000000050 ) ) ;
#6851 = CARTESIAN_POINT ( 'NONE',  ( 140.5900000000000034, -106.1299999999999955, 0.000000000000000000 ) ) ;
#6852 = EDGE_CURVE ( 'NONE', #8220, #2003, #3697, .T. ) ;
#6853 = FACE_OUTER_BOUND ( 'NONE', #4023, .T. ) ;
#6854 = LINE ( 'NONE', #4726, #165 ) ;
#6855 = DIRECTION ( 'NONE',  ( 0.000000000000000000, -1.000000000000000000, 0.000000000000000000 ) ) ;
#6856 = ORIENTED_EDGE ( 'NONE', *, *, #2118, .F. ) ;
#6857 = VECTOR ( 'NONE', #7168, 1000.000000000000000 ) ;
#6858 = VERTEX_POINT ( 'NONE', #7266 ) ;
#6859 = ORIENTED_EDGE ( 'NONE', *, *, #3589, .T. ) ;
#6860 = CARTESIAN_POINT ( 'NONE',  ( 0.000000000000000000, 0.000000000000000000, 0.000000000000000000 ) ) ;
#6861 = CARTESIAN_POINT ( 'NONE',  ( -352.1190026065291363, -67.85114346511814176, 0.000000000000000000 ) ) ;
#6862 = DIRECTION ( 'NONE',  ( -0.000000000000000000, -0.000000000000000000, 1.000000000000000000 ) ) ;
#6863 = EDGE_CURVE ( 'NONE', #8668, #7723, #3149, .T. ) ;
#6864 = DIRECTION ( 'NONE',  ( 0.000000000000000000, -0.000000000000000000, -1.000000000000000000 ) ) ;
#6865 = ITEM_DEFINED_TRANSFORMATION ( 'NONE', 'NONE', #4476,  #3886 ) ;
#6866 = VECTOR ( 'NONE', #2305, 1000.000000000000000 ) ;
#6867 = ORIENTED_EDGE ( 'NONE', *, *, #4264, .F. ) ;
#6868 = CARTESIAN_POINT ( 'NONE',  ( -13.58999999999560160, 445.3897093200684481, 0.000000000000000000 ) ) ;
#6869 = VECTOR ( 'NONE', #3975, 1000.000000000000000 ) ;
#6870 = PLANE ( 'NONE',  #5705 ) ;
#6871 = DIRECTION ( 'NONE',  ( 0.000000000000000000, 0.000000000000000000, -1.000000000000000000 ) ) ;
#6872 = CARTESIAN_POINT ( 'NONE',  ( -445.3899999999999864, 20.73421516197585035, 0.000000000000000000 ) ) ;
#6873 = CARTESIAN_POINT ( 'NONE',  ( -152.3999999999999773, -106.1299999999999955, 11.81000000000000050 ) ) ;
#6874 = ORIENTED_EDGE ( 'NONE', *, *, #505, .T. ) ;
#6875 = EDGE_CURVE ( 'NONE', #4795, #2037, #6509, .T. ) ;
#6876 = DIRECTION ( 'NONE',  ( -0.000000000000000000, -0.000000000000000000, 1.000000000000000000 ) ) ;
#6877 =( LENGTH_UNIT ( ) NAMED_UNIT ( * ) SI_UNIT ( .MILLI., .METRE. ) );
#6878 = AXIS2_PLACEMENT_3D ( 'NONE', #4873, #1437, #3692 ) ;
#6879 = EDGE_CURVE ( 'NONE', #1404, #7059, #7896, .T. ) ;
#6880 = DIRECTION ( 'NONE',  ( -0.000000000000000000, -0.000000000000000000, 1.000000000000000000 ) ) ;
#6881 = ORIENTED_EDGE ( 'NONE', *, *, #867, .T. ) ;
#6882 = VERTEX_POINT ( 'NONE', #3785 ) ;
#6883 = LINE ( 'NONE', #6970, #6209 ) ;
#6884 = AXIS2_PLACEMENT_3D ( 'NONE', #3181, #1090, #3853 ) ;
#6885 = DIRECTION ( 'NONE',  ( 0.000000000000000000, 1.000000000000000000, 0.000000000000000000 ) ) ;
#6886 = EDGE_CURVE ( 'NONE', #4085, #8823, #247, .T. ) ;
#6887 = LINE ( 'NONE', #1147, #3245 ) ;
#6888 = EDGE_CURVE ( 'NONE', #8306, #2257, #4413, .T. ) ;
#6889 = ORIENTED_EDGE ( 'NONE', *, *, #7398, .T. ) ;
#6890 = DIRECTION ( 'NONE',  ( 0.000000000000000000, -0.000000000000000000, 1.000000000000000000 ) ) ;
#6891 = FACE_OUTER_BOUND ( 'NONE', #5679, .T. ) ;
#6892 = AXIS2_PLACEMENT_3D ( 'NONE', #3304, #628, #1933 ) ;
#6893 = VERTEX_POINT ( 'NONE', #5873 ) ;
#6894 = VERTEX_POINT ( 'NONE', #5793 ) ;
#6895 = VERTEX_POINT ( 'NONE', #2285 ) ;
#6896 = DIRECTION ( 'NONE',  ( 0.000000000000000000, 1.000000000000000000, 0.000000000000000000 ) ) ;
#6897 = ADVANCED_FACE ( 'NONE', ( #5237 ), #6641, .F. ) ;
#6898 = LINE ( 'NONE', #4043, #6347 ) ;
#6899 = VECTOR ( 'NONE', #5742, 1000.000000000000000 ) ;
#6900 = SURFACE_SIDE_STYLE ('',( #3323 ) ) ;
#6901 = DIRECTION ( 'NONE',  ( -0.000000000000000000, -0.000000000000000000, 1.000000000000000000 ) ) ;
#6902 = ORIENTED_EDGE ( 'NONE', *, *, #464, .T. ) ;
#6903 = CARTESIAN_POINT ( 'NONE',  ( 106.1299999999999955, -111.5450820850404767, 0.000000000000000000 ) ) ;
#6904 = VECTOR ( 'NONE', #7097, 1000.000000000000000 ) ;
#6905 = VECTOR ( 'NONE', #2150, 1000.000000000000000 ) ;
#6906 = ORIENTED_EDGE ( 'NONE', *, *, #2995, .F. ) ;
#6907 = ORIENTED_EDGE ( 'NONE', *, *, #6650, .F. ) ;
#6908 = CARTESIAN_POINT ( 'NONE',  ( 59.26666666666674388, 304.8000000000000114, 0.000000000000000000 ) ) ;
#6909 = EDGE_CURVE ( 'NONE', #2025, #5026, #2966, .T. ) ;
#6910 = LINE ( 'NONE', #2913, #5267 ) ;
#6911 = DIRECTION ( 'NONE',  ( 0.000000000000000000, 1.000000000000000000, 0.000000000000000000 ) ) ;
#6912 = AXIS2_PLACEMENT_3D ( 'NONE', #900, #3490, #4292 ) ;
#6913 = FACE_OUTER_BOUND ( 'NONE', #7864, .T. ) ;
#6914 = VECTOR ( 'NONE', #6799, 1000.000000000000000 ) ;
#6915 = ORIENTED_EDGE ( 'NONE', *, *, #6552, .T. ) ;
#6916 = PRODUCT_DEFINITION_SHAPE ( 'NONE', 'NONE',  #8948 ) ;
#6917 = VECTOR ( 'NONE', #3261, 1000.000000000000000 ) ;
#6918 = DIRECTION ( 'NONE',  ( 0.000000000000000000, 0.000000000000000000, 1.000000000000000000 ) ) ;
#6919 = DIRECTION ( 'NONE',  ( 0.000000000000000000, -1.000000000000000000, 0.000000000000000000 ) ) ;
#6920 = DIRECTION ( 'NONE',  ( -0.000000000000000000, -1.000000000000000000, -0.000000000000000000 ) ) ;
#6921 = DIRECTION ( 'NONE',  ( -0.000000000000000000, -1.000000000000000000, -0.000000000000000000 ) ) ;
#6922 = EDGE_LOOP ( 'NONE', ( #4496, #5145, #5179, #4624 ) ) ;
#6923 = FACE_OUTER_BOUND ( 'NONE', #3133, .T. ) ;
#6924 = VECTOR ( 'NONE', #3625, 1000.000000000000000 ) ;
#6925 = VECTOR ( 'NONE', #6691, 1000.000000000000000 ) ;
#6926 = EDGE_CURVE ( 'NONE', #2453, #1093, #6593, .T. ) ;
#6927 = DIRECTION ( 'NONE',  ( -1.000000000000000000, -1.706325926237332771E-16, 0.000000000000000000 ) ) ;
#6928 = ORIENTED_EDGE ( 'NONE', *, *, #7548, .F. ) ;
#6929 = COLOUR_RGB ( '',1.000000000000000000, 1.000000000000000000, 1.000000000000000000 ) ;
#6930 = EDGE_LOOP ( 'NONE', ( #1325, #2448, #8745, #2130 ) ) ;
#6931 = CARTESIAN_POINT ( 'NONE',  ( 254.0000000000042348, 445.3897093200683912, 0.000000000000000000 ) ) ;
#6932 = DIRECTION ( 'NONE',  ( 1.000000000000000000, 0.000000000000000000, 0.000000000000000000 ) ) ;
#6933 = FACE_OUTER_BOUND ( 'NONE', #4832, .T. ) ;
#6934 = SHAPE_REPRESENTATION_RELATIONSHIP ( 'NONE' , 'NONE' ,  #2935, #2989 ) ;
#6935 = LINE ( 'NONE', #6526, #6459 ) ;
#6936 = EDGE_CURVE ( 'NONE', #1094, #3030, #3745, .T. ) ;
#6937 = ORIENTED_EDGE ( 'NONE', *, *, #4154, .F. ) ;
#6938 = VERTEX_POINT ( 'NONE', #2331 ) ;
#6939 = CARTESIAN_POINT ( 'NONE',  ( -394.5486812835923160, -88.82781013178517071, 11.81000000000000050 ) ) ;
#6940 = EDGE_CURVE ( 'NONE', #3189, #2477, #1611, .T. ) ;
#6941 = LINE ( 'NONE', #6357, #7643 ) ;
#6942 = PRODUCT_DEFINITION_FORMATION_WITH_SPECIFIED_SOURCE ( 'ANY', '', #6418, .NOT_KNOWN. ) ;
#6943 = CARTESIAN_POINT ( 'NONE',  ( 106.1299999999999955, -99.73508208504048866, 11.81000000000000050 ) ) ;
#6944 = LINE ( 'NONE', #3543, #2917 ) ;
#6945 = LINE ( 'NONE', #1913, #3560 ) ;
#6946 = ORIENTED_EDGE ( 'NONE', *, *, #1064, .T. ) ;
#6947 = DIRECTION ( 'NONE',  ( -0.000000000000000000, 1.000000000000000000, 0.000000000000000000 ) ) ;
#6948 = DIRECTION ( 'NONE',  ( 0.000000000000000000, -1.000000000000000000, 0.000000000000000000 ) ) ;
#6949 = ORIENTED_EDGE ( 'NONE', *, *, #6576, .T. ) ;
#6950 = ORIENTED_EDGE ( 'NONE', *, *, #2879, .F. ) ;
#6951 = CARTESIAN_POINT ( 'NONE',  ( 25.40000000000000213, 11.81000000000000050, -164.2100000000000364 ) ) ;
#6952 = FACE_OUTER_BOUND ( 'NONE', #7158, .T. ) ;
#6953 = FACE_OUTER_BOUND ( 'NONE', #371, .T. ) ;
#6954 = CARTESIAN_POINT ( 'NONE',  ( -47.31900260652908941, 50.68218986821523941, 0.000000000000000000 ) ) ;
#6955 = EDGE_CURVE ( 'NONE', #2543, #7232, #1062, .T. ) ;
#6956 = ORIENTED_EDGE ( 'NONE', *, *, #4456, .T. ) ;
#6957 = PLANE ( 'NONE',  #2127 ) ;
#6958 =( REPRESENTATION_RELATIONSHIP ('NONE','NONE', #853, #413 ) REPRESENTATION_RELATIONSHIP_WITH_TRANSFORMATION ( #4970 )SHAPE_REPRESENTATION_RELATIONSHIP( ) );
#6959 = DIRECTION ( 'NONE',  ( 1.706325926237332771E-16, -1.000000000000000000, -0.000000000000000000 ) ) ;
#6960 = DIRECTION ( 'NONE',  ( -1.000000000000000000, -1.092739197465705287E-15, 0.000000000000000000 ) ) ;
#6961 = ORIENTED_EDGE ( 'NONE', *, *, #221, .T. ) ;
#6962 = LINE ( 'NONE', #7007, #8882 ) ;
#6963 = CONTEXT_DEPENDENT_SHAPE_REPRESENTATION ( #8233, #4894 ) ;
#6964 = VECTOR ( 'NONE', #5045, 1000.000000000000000 ) ;
#6965 = EDGE_CURVE ( 'NONE', #963, #4187, #976, .T. ) ;
#6966 = DIRECTION ( 'NONE',  ( -0.000000000000000000, -0.000000000000000000, 1.000000000000000000 ) ) ;
#6967 = ORIENTED_EDGE ( 'NONE', *, *, #7392, .F. ) ;
#6968 = MECHANICAL_DESIGN_GEOMETRIC_PRESENTATION_REPRESENTATION (  '', ( #2771 ), #3357 ) ;
#6969 = VERTEX_POINT ( 'NONE', #5831 ) ;
#6970 = CARTESIAN_POINT ( 'NONE',  ( 25.40000000000000213, 0.000000000000000000, -164.2100000000000364 ) ) ;
#6971 = LINE ( 'NONE', #5618, #7509 ) ;
#6972 = FACE_OUTER_BOUND ( 'NONE', #8382, .T. ) ;
#6973 = EDGE_CURVE ( 'NONE', #1174, #7984, #1737, .T. ) ;
#6974 = VECTOR ( 'NONE', #1608, 1000.000000000000000 ) ;
#6975 = CARTESIAN_POINT ( 'NONE',  ( -352.1190026065291363, -127.1178101317848075, 0.000000000000000000 ) ) ;
#6976 = ORIENTED_EDGE ( 'NONE', *, *, #5488, .T. ) ;
#6977 = ORIENTED_EDGE ( 'NONE', *, *, #2910, .F. ) ;
#6978 = DIRECTION ( 'NONE',  ( -0.000000000000000000, -1.000000000000000000, -0.000000000000000000 ) ) ;
#6979 = CARTESIAN_POINT ( 'NONE',  ( -165.0998546600341967, -4.665784838024212178, 0.000000000000000000 ) ) ;
#6980 = EDGE_CURVE ( 'NONE', #3172, #3530, #339, .T. ) ;
#6981 = LINE ( 'NONE', #8472, #7744 ) ;
#6982 = PRODUCT_DEFINITION_SHAPE ( 'NONE', 'NONE',  #8954 ) ;
#6983 = ORIENTED_EDGE ( 'NONE', *, *, #8669, .F. ) ;
#6984 = LINE ( 'NONE', #1424, #6964 ) ;
#6985 = PLANE ( 'NONE',  #6024 ) ;
#6986 = EDGE_CURVE ( 'NONE', #202, #1113, #7309, .T. ) ;
#6987 = ORIENTED_EDGE ( 'NONE', *, *, #4348, .T. ) ;
#6988 = LINE ( 'NONE', #826, #6857 ) ;
#6989 = EDGE_LOOP ( 'NONE', ( #5263, #4320, #880, #3053 ) ) ;
#6990 = VERTEX_POINT ( 'NONE', #3959 ) ;
#6991 = FACE_OUTER_BOUND ( 'NONE', #4371, .T. ) ;
#6992 = CARTESIAN_POINT ( 'NONE',  ( -340.3090026065290772, 25.28218986821520531, 0.000000000000000000 ) ) ;
#6993 = DIRECTION ( 'NONE',  ( 0.000000000000000000, 0.000000000000000000, 1.000000000000000000 ) ) ;
#6994 = FILL_AREA_STYLE_COLOUR ( '', #5338 ) ;
#6995 = EDGE_CURVE ( 'NONE', #6774, #2153, #1963, .T. ) ;
#6996 = DIRECTION ( 'NONE',  ( 2.937719688360373903E-16, 1.000000000000000000, 0.000000000000000000 ) ) ;
#6997 = PRODUCT_DEFINITION_CONTEXT ( 'detailed design', #5575, 'design' ) ;
#6998 = EDGE_CURVE ( 'NONE', #8005, #8099, #4594, .T. ) ;
#6999 = VECTOR ( 'NONE', #659, 1000.000000000000000 ) ;
#7000 = DIRECTION ( 'NONE',  ( -0.000000000000000000, -1.000000000000000000, -0.000000000000000000 ) ) ;
#7001 = VERTEX_POINT ( 'NONE', #4005 ) ;
#7002 = CARTESIAN_POINT ( 'NONE',  ( -662.1386812835920637, -140.5178101317851258, 0.000000000000000000 ) ) ;
#7003 = VECTOR ( 'NONE', #6479, 1000.000000000000000 ) ;
#7004 = ADVANCED_FACE ( 'NONE', ( #4684 ), #7449, .T. ) ;
#7005 = CARTESIAN_POINT ( 'NONE',  ( -457.1999999999999886, -4.665784838024156223, 0.000000000000000000 ) ) ;
#7006 = CARTESIAN_POINT ( 'NONE',  ( -25.39999999999560387, -115.1902906799316355, 11.81000000000000050 ) ) ;
#7007 = CARTESIAN_POINT ( 'NONE',  ( 140.5900000000000034, 267.5900000000000318, 0.000000000000000000 ) ) ;
#7008 = APPLICATION_PROTOCOL_DEFINITION ( 'draft international standard', 'automotive_design', 1998, #6843 ) ;
#7009 = AXIS2_PLACEMENT_3D ( 'NONE', #8500, #5106, #5699 ) ;
#7010 = ORIENTED_EDGE ( 'NONE', *, *, #4789, .F. ) ;
#7011 = DIRECTION ( 'NONE',  ( -0.000000000000000000, -0.000000000000000000, 1.000000000000000000 ) ) ;
#7012 = VERTEX_POINT ( 'NONE', #6101 ) ;
#7013 = ORIENTED_EDGE ( 'NONE', *, *, #7662, .T. ) ;
#7014 = LINE ( 'NONE', #132, #978 ) ;
#7015 = EDGE_CURVE ( 'NONE', #6242, #1292, #1918, .T. ) ;
#7016 = CARTESIAN_POINT ( 'NONE',  ( -675.7286812835920955, -88.82781013178518492, 11.81000000000000050 ) ) ;
#7017 = CARTESIAN_POINT ( 'NONE',  ( 152.4002906799316008, 58.83421516197587664, 0.000000000000000000 ) ) ;
#7018 = VECTOR ( 'NONE', #4101, 1000.000000000000000 ) ;
#7019 =( NAMED_UNIT ( * ) SI_UNIT ( $, .STERADIAN. ) SOLID_ANGLE_UNIT ( ) );
#7020 = LINE ( 'NONE', #6303, #5448 ) ;
#7021 = PRESENTATION_LAYER_ASSIGNMENT (  '', '', ( #5580 ) ) ;
#7022 = VERTEX_POINT ( 'NONE', #1245 ) ;
#7023 = ORIENTED_EDGE ( 'NONE', *, *, #178, .T. ) ;
#7024 = DIRECTION ( 'NONE',  ( -0.000000000000000000, 0.000000000000000000, -1.000000000000000000 ) ) ;
#7025 = CARTESIAN_POINT ( 'NONE',  ( -295.8871619467639675, 11.81000000000000050, -514.5005700363348069 ) ) ;
#7026 = CARTESIAN_POINT ( 'NONE',  ( -408.1386812835921774, -140.5178101317849269, 0.000000000000000000 ) ) ;
#7027 = VECTOR ( 'NONE', #5859, 1000.000000000000000 ) ;
#7028 = VERTEX_POINT ( 'NONE', #8748 ) ;
#7029 = CARTESIAN_POINT ( 'NONE',  ( -352.1190026065291363, 50.68218986821522520, 0.000000000000000000 ) ) ;
#7030 = DIRECTION ( 'NONE',  ( 1.252096997096120642E-16, -1.000000000000000000, 0.000000000000000000 ) ) ;
#7031 = ORIENTED_EDGE ( 'NONE', *, *, #2355, .T. ) ;
#7032 = CARTESIAN_POINT ( 'NONE',  ( -675.7286812835919818, -152.3278101317851565, 11.81000000000000050 ) ) ;
#7033 = ORIENTED_EDGE ( 'NONE', *, *, #2280, .F. ) ;
#7034 = EDGE_CURVE ( 'NONE', #6990, #8306, #4098, .T. ) ;
#7035 = ORIENTED_EDGE ( 'NONE', *, *, #288, .F. ) ;
#7036 = FACE_OUTER_BOUND ( 'NONE', #7754, .T. ) ;
#7037 = VECTOR ( 'NONE', #1946, 1000.000000000000000 ) ;
#7038 = CARTESIAN_POINT ( 'NONE',  ( -33.86666666666661740, 292.9900000000000091, 11.81000000000000050 ) ) ;
#7039 = CARTESIAN_POINT ( 'NONE',  ( -675.7286812835920955, -50.72781013178523324, 11.81000000000000050 ) ) ;
#7040 = DIRECTION ( 'NONE',  ( 1.000000000000000000, 1.706325926237332771E-16, -0.000000000000000000 ) ) ;
#7041 = EDGE_CURVE ( 'NONE', #1747, #1396, #3194, .T. ) ;
#7042 =( LENGTH_UNIT ( ) NAMED_UNIT ( * ) SI_UNIT ( .MILLI., .METRE. ) );
#7043 = SURFACE_STYLE_FILL_AREA ( #1606 ) ;
#7044 = VECTOR ( 'NONE', #3439, 1000.000000000000000 ) ;
#7045 = CARTESIAN_POINT ( 'NONE',  ( -152.3999999999999773, 304.8000000000000114, 11.81000000000000050 ) ) ;
#7046 = ORIENTED_EDGE ( 'NONE', *, *, #7197, .T. ) ;
#7047 = ADVANCED_FACE ( 'NONE', ( #3331 ), #2545, .T. ) ;
#7048 = LINE ( 'NONE', #2068, #5604 ) ;
#7049 = VECTOR ( 'NONE', #5785, 1000.000000000000000 ) ;
#7050 = VECTOR ( 'NONE', #7092, 1000.000000000000000 ) ;
#7051 = LINE ( 'NONE', #4373, #2689 ) ;
#7052 = EDGE_CURVE ( 'NONE', #6858, #3755, #5321, .T. ) ;
#7053 = CARTESIAN_POINT ( 'NONE',  ( -223.2989142387372681, 11.81000000000000050, -1294.423107283573700 ) ) ;
#7054 = CARTESIAN_POINT ( 'NONE',  ( 292.9900000000000091, 91.65491791495954033, 11.81000000000000050 ) ) ;
#7055 = APPLICATION_PROTOCOL_DEFINITION ( 'draft international standard', 'automotive_design', 1998, #7765 ) ;
#7056 = VECTOR ( 'NONE', #4437, 1000.000000000000000 ) ;
#7057 = CARTESIAN_POINT ( 'NONE',  ( -47.31900260652908941, 50.68218986821523941, 0.000000000000000000 ) ) ;
#7058 = MECHANICAL_DESIGN_GEOMETRIC_PRESENTATION_REPRESENTATION (  '', ( #6481 ), #7338 ) ;
#7059 = VERTEX_POINT ( 'NONE', #5413 ) ;
#7060 = EDGE_CURVE ( 'NONE', #6475, #4845, #5965, .T. ) ;
#7061 = DIRECTION ( 'NONE',  ( 1.000000000000000000, 1.706325926237332771E-16, -0.000000000000000000 ) ) ;
#7062 = VERTEX_POINT ( 'NONE', #6726 ) ;
#7063 = ORIENTED_EDGE ( 'NONE', *, *, #4275, .T. ) ;
#7064 = DIRECTION ( 'NONE',  ( -1.000000000000000000, 0.000000000000000000, 0.000000000000000000 ) ) ;
#7065 = CARTESIAN_POINT ( 'NONE',  ( -267.5900000000000318, -99.73508208504048866, 0.000000000000000000 ) ) ;
#7066 = DIRECTION ( 'NONE',  ( -1.000000000000000000, 0.000000000000000000, 0.000000000000000000 ) ) ;
#7067 = VECTOR ( 'NONE', #7152, 1000.000000000000000 ) ;
#7068 = PLANE ( 'NONE',  #64 ) ;
#7069 = VECTOR ( 'NONE', #6561, 1000.000000000000000 ) ;
#7070 =( NAMED_UNIT ( * ) PLANE_ANGLE_UNIT ( ) SI_UNIT ( $, .RADIAN. ) );
#7071 = DIRECTION ( 'NONE',  ( -0.000000000000000000, 1.000000000000000000, -0.000000000000000000 ) ) ;
#7072 = EDGE_CURVE ( 'NONE', #7028, #7285, #8707, .T. ) ;
#7073 =( GEOMETRIC_REPRESENTATION_CONTEXT ( 3 ) GLOBAL_UNCERTAINTY_ASSIGNED_CONTEXT ( ( #4466 ) ) GLOBAL_UNIT_ASSIGNED_CONTEXT ( ( #2687, #3334, #1967 ) ) REPRESENTATION_CONTEXT ( 'NONE', 'WORKASPACE' ) );
#7074 = VERTEX_POINT ( 'NONE', #1293 ) ;
#7075 = ORIENTED_EDGE ( 'NONE', *, *, #6169, .T. ) ;
#7076 = LINE ( 'NONE', #3632, #4747 ) ;
#7077 = DIRECTION ( 'NONE',  ( 0.000000000000000000, 1.000000000000000000, 0.000000000000000000 ) ) ;
#7078 = VECTOR ( 'NONE', #2289, 1000.000000000000000 ) ;
#7079 = DIRECTION ( 'NONE',  ( 0.000000000000000000, 0.000000000000000000, 1.000000000000000000 ) ) ;
#7080 = EDGE_CURVE ( 'NONE', #3330, #1379, #4056, .T. ) ;
#7081 = VERTEX_POINT ( 'NONE', #514 ) ;
#7082 = PRESENTATION_STYLE_ASSIGNMENT (( #4948 ) ) ;
#7083 = CARTESIAN_POINT ( 'NONE',  ( -292.9900000000000091, 66.25491791495954885, 11.81000000000000050 ) ) ;
#7084 = ORIENTED_EDGE ( 'NONE', *, *, #8256, .T. ) ;
#7085 = LINE ( 'NONE', #5782, #7721 ) ;
#7086 = VERTEX_POINT ( 'NONE', #5278 ) ;
#7087 = STYLED_ITEM ( 'NONE', ( #5947 ), #8708 ) ;
#7088 = ORIENTED_EDGE ( 'NONE', *, *, #1692, .T. ) ;
#7089 = CARTESIAN_POINT ( 'NONE',  ( -687.5386812835920409, -114.2278101317851906, 11.81000000000000050 ) ) ;
#7090 = CARTESIAN_POINT ( 'NONE',  ( -165.0998546600341967, 7.144215161975791872, 11.81000000000000050 ) ) ;
#7091 = DIRECTION ( 'NONE',  ( 1.000000000000000000, 4.553079989440437711E-16, 0.000000000000000000 ) ) ;
#7092 = DIRECTION ( 'NONE',  ( -0.000000000000000000, -1.000000000000000000, -0.000000000000000000 ) ) ;
#7093 = CARTESIAN_POINT ( 'NONE',  ( -126.9999999999999716, 304.8000000000000114, 11.81000000000000050 ) ) ;
#7094 = AXIS2_PLACEMENT_3D ( 'NONE', #1492, #3577, #6350 ) ;
#7095 = ADVANCED_FACE ( 'NONE', ( #7405 ), #7550, .F. ) ;
#7096 = ORIENTED_EDGE ( 'NONE', *, *, #2416, .T. ) ;
#7097 = DIRECTION ( 'NONE',  ( 0.000000000000000000, 1.000000000000000000, 0.000000000000000000 ) ) ;
#7098 = DIRECTION ( 'NONE',  ( 0.000000000000000000, -0.000000000000000000, -1.000000000000000000 ) ) ;
#7099 = PLANE ( 'NONE',  #8068 ) ;
#7100 = CARTESIAN_POINT ( 'NONE',  ( -152.3999999999999773, 106.1299999999999955, 0.000000000000000000 ) ) ;
#7101 = LINE ( 'NONE', #4288, #7297 ) ;
#7102 = CONTEXT_DEPENDENT_SHAPE_REPRESENTATION ( #359, #5119 ) ;
#7103 = EDGE_CURVE ( 'NONE', #1765, #1208, #6143, .T. ) ;
#7104 = ADVANCED_BREP_SHAPE_REPRESENTATION ( '', ( #6469, #3886 ), #1445 ) ;
#7105 = LINE ( 'NONE', #5153, #4364 ) ;
#7106 = VERTEX_POINT ( 'NONE', #2018 ) ;
#7107 = EDGE_CURVE ( 'NONE', #822, #5493, #4783, .T. ) ;
#7108 = CARTESIAN_POINT ( 'NONE',  ( 152.3999999999999773, -106.1299999999999955, 0.000000000000000000 ) ) ;
#7109 = ORIENTED_EDGE ( 'NONE', *, *, #8175, .T. ) ;
#7110 = EDGE_LOOP ( 'NONE', ( #617, #551, #6448, #6961 ) ) ;
#7111 = CARTESIAN_POINT ( 'NONE',  ( 140.5902906799316270, 71.53421516197586527, 0.000000000000000000 ) ) ;
#7112 = COLOUR_RGB ( '',1.000000000000000000, 1.000000000000000000, 1.000000000000000000 ) ;
#7113 = CARTESIAN_POINT ( 'NONE',  ( 115.1902906799316355, -4.665784838024267245, 11.81000000000000050 ) ) ;
#7114 = CARTESIAN_POINT ( 'NONE',  ( -292.9900000000000091, 91.65491791495954033, 0.000000000000000000 ) ) ;
#7115 = EDGE_CURVE ( 'NONE', #8556, #8529, #3915, .T. ) ;
#7116 = CARTESIAN_POINT ( 'NONE',  ( 127.0000000000001137, 304.8000000000000114, 0.000000000000000000 ) ) ;
#7117 = ORIENTED_EDGE ( 'NONE', *, *, #1459, .F. ) ;
#7118 = ORIENTED_EDGE ( 'NONE', *, *, #2742, .F. ) ;
#7119 = PLANE ( 'NONE',  #6769 ) ;
#7120 = CARTESIAN_POINT ( 'NONE',  ( 304.8000000000000114, 32.38825124829293145, 11.81000000000000050 ) ) ;
#7121 = EDGE_CURVE ( 'NONE', #4038, #6220, #3282, .T. ) ;
#7122 = VECTOR ( 'NONE', #7000, 1000.000000000000000 ) ;
#7123 = FACE_OUTER_BOUND ( 'NONE', #7208, .T. ) ;
#7124 = VERTEX_POINT ( 'NONE', #706 ) ;
#7125 = CARTESIAN_POINT ( 'NONE',  ( -267.5900000000000318, -111.5450820850404625, 0.000000000000000000 ) ) ;
#7126 = CARTESIAN_POINT ( 'NONE',  ( -223.2989142387372681, 11.81000000000000050, -1294.423107283573700 ) ) ;
#7127 = VERTEX_POINT ( 'NONE', #8352 ) ;
#7128 = CARTESIAN_POINT ( 'NONE',  ( -172.4989142387372567, 11.81000000000000050, -1294.423107283573927 ) ) ;
#7129 = ORIENTED_EDGE ( 'NONE', *, *, #8157, .F. ) ;
#7130 = EDGE_LOOP ( 'NONE', ( #1057, #7253, #1703, #4770 ) ) ;
#7131 = ADVANCED_FACE ( 'NONE', ( #2186 ), #1430, .F. ) ;
#7132 = LINE ( 'NONE', #7887, #3863 ) ;
#7133 = DIRECTION ( 'NONE',  ( 0.000000000000000000, -1.000000000000000000, 0.000000000000000000 ) ) ;
#7134 = CARTESIAN_POINT ( 'NONE',  ( 80.73000000000001819, -111.5450820850404767, 0.000000000000000000 ) ) ;
#7135 = FACE_OUTER_BOUND ( 'NONE', #5111, .T. ) ;
#7136 = ORIENTED_EDGE ( 'NONE', *, *, #3954, .F. ) ;
#7137 = PRODUCT ( 'Base_Plate_Cover', 'Base_Plate_Cover', '', ( #6424 ) ) ;
#7138 = CARTESIAN_POINT ( 'NONE',  ( -140.4523359398625075, -152.5178101317848700, 11.81000000000000050 ) ) ;
#7139 = CARTESIAN_POINT ( 'NONE',  ( -258.9856692731957537, -152.5178101317848416, 11.81000000000000050 ) ) ;
#7140 = DIRECTION ( 'NONE',  ( 1.000000000000000000, -0.000000000000000000, -0.000000000000000000 ) ) ;
#7141 = CARTESIAN_POINT ( 'NONE',  ( 127.0000000000001137, -304.8000000000000114, 11.81000000000000050 ) ) ;
#7142 = CARTESIAN_POINT ( 'NONE',  ( -152.3999999999999773, 304.8000000000000114, 0.000000000000000000 ) ) ;
#7143 = CARTESIAN_POINT ( 'NONE',  ( -352.1190026065291363, -67.85114346511814176, 11.81000000000000050 ) ) ;
#7144 = EDGE_LOOP ( 'NONE', ( #5433, #3371, #1717, #2043 ) ) ;
#7145 = PLANE ( 'NONE',  #2993 ) ;
#7146 = ORIENTED_EDGE ( 'NONE', *, *, #2232, .T. ) ;
#7147 = VECTOR ( 'NONE', #2099, 1000.000000000000000 ) ;
#7148 = ORIENTED_EDGE ( 'NONE', *, *, #2058, .F. ) ;
#7149 = EDGE_CURVE ( 'NONE', #489, #7081, #8438, .T. ) ;
#7150 = CARTESIAN_POINT ( 'NONE',  ( -258.9856692731957537, -152.5178101317848416, 0.000000000000000000 ) ) ;
#7151 = FACE_OUTER_BOUND ( 'NONE', #7907, .T. ) ;
#7152 = DIRECTION ( 'NONE',  ( -1.000000000000000000, -0.000000000000000000, -0.000000000000000000 ) ) ;
#7153 = FACE_OUTER_BOUND ( 'NONE', #5905, .T. ) ;
#7154 = EDGE_CURVE ( 'NONE', #5602, #7240, #5508, .T. ) ;
#7155 = VECTOR ( 'NONE', #5552, 1000.000000000000000 ) ;
#7156 = DIRECTION ( 'NONE',  ( -0.000000000000000000, -0.000000000000000000, 1.000000000000000000 ) ) ;
#7157 = EDGE_LOOP ( 'NONE', ( #3110, #2321, #2671, #4440 ) ) ;
#7158 = EDGE_LOOP ( 'NONE', ( #4478, #4141, #4318, #4239 ) ) ;
#7159 = EDGE_CURVE ( 'NONE', #5083, #2003, #2226, .T. ) ;
#7160 = FILL_AREA_STYLE ('',( #1760 ) ) ;
#7161 = VECTOR ( 'NONE', #6781, 1000.000000000000000 ) ;
#7162 = CARTESIAN_POINT ( 'NONE',  ( -152.3999999999999773, 304.8000000000000114, 11.81000000000000050 ) ) ;
#7163 = ORIENTED_EDGE ( 'NONE', *, *, #6765, .F. ) ;
#7164 = PLANE ( 'NONE',  #5677 ) ;
#7165 = FACE_OUTER_BOUND ( 'NONE', #6030, .T. ) ;
#7166 = AXIS2_PLACEMENT_3D ( 'NONE', #4453, #1054, #3092 ) ;
#7167 = ORIENTED_EDGE ( 'NONE', *, *, #2637, .F. ) ;
#7168 = DIRECTION ( 'NONE',  ( 0.000000000000000000, 0.000000000000000000, 1.000000000000000000 ) ) ;
#7169 = ORIENTED_EDGE ( 'NONE', *, *, #5228, .F. ) ;
#7170 = PRODUCT_DEFINITION ( 'UNKNOWN', '', #3335, #8895 ) ;
#7171 = FACE_OUTER_BOUND ( 'NONE', #6355, .T. ) ;
#7172 = VECTOR ( 'NONE', #1420, 1000.000000000000000 ) ;
#7173 = CARTESIAN_POINT ( 'NONE',  ( 0.000000000000000000, 11.81000000000000050, 0.000000000000000000 ) ) ;
#7174 = DIRECTION ( 'NONE',  ( -0.000000000000000000, -0.000000000000000000, 1.000000000000000000 ) ) ;
#7175 = DIRECTION ( 'NONE',  ( -1.000000000000000000, -0.000000000000000000, 1.092739197465705287E-15 ) ) ;
#7176 = VECTOR ( 'NONE', #405, 1000.000000000000000 ) ;
#7177 = ORIENTED_EDGE ( 'NONE', *, *, #6995, .F. ) ;
#7178 = EDGE_CURVE ( 'NONE', #257, #1370, #1470, .T. ) ;
#7179 = DIRECTION ( 'NONE',  ( 0.000000000000000000, 0.000000000000000000, 1.000000000000000000 ) ) ;
#7180 = DIRECTION ( 'NONE',  ( -1.000000000000000000, 0.000000000000000000, 0.000000000000000000 ) ) ;
#7181 = CARTESIAN_POINT ( 'NONE',  ( 140.5902906799316270, 71.53421516197586527, 11.81000000000000050 ) ) ;
#7182 = VECTOR ( 'NONE', #5977, 1000.000000000000000 ) ;
#7183 = LINE ( 'NONE', #984, #5243 ) ;
#7184 = ORIENTED_EDGE ( 'NONE', *, *, #2452, .T. ) ;
#7185 = VECTOR ( 'NONE', #2195, 1000.000000000000000 ) ;
#7186 = CARTESIAN_POINT ( 'NONE',  ( 267.5900000000043519, -140.5902906799316554, 0.000000000000000000 ) ) ;
#7187 = VECTOR ( 'NONE', #7040, 1000.000000000000000 ) ;
#7188 = ORIENTED_EDGE ( 'NONE', *, *, #4557, .F. ) ;
#7189 = ORIENTED_EDGE ( 'NONE', *, *, #1854, .F. ) ;
#7190 = DIRECTION ( 'NONE',  ( 1.000000000000000000, 1.706325926237332771E-16, -0.000000000000000000 ) ) ;
#7191 = DIRECTION ( 'NONE',  ( 1.000000000000000000, 0.000000000000000000, 0.000000000000000000 ) ) ;
#7192 = FACE_OUTER_BOUND ( 'NONE', #3913, .T. ) ;
#7193 = CARTESIAN_POINT ( 'NONE',  ( -267.5900000000000318, -99.73508208504046024, 0.000000000000000000 ) ) ;
#7194 = CARTESIAN_POINT ( 'NONE',  ( 199.7190026065291022, -292.9900000000000091, 152.5178101317846995 ) ) ;
#7195 = VECTOR ( 'NONE', #7689, 1000.000000000000000 ) ;
#7196 = VECTOR ( 'NONE', #8296, 1000.000000000000000 ) ;
#7197 = EDGE_CURVE ( 'NONE', #1625, #2056, #151, .T. ) ;
#7198 = CARTESIAN_POINT ( 'NONE',  ( -72.71900260652908798, -152.5178101317848984, 0.000000000000000000 ) ) ;
#7199 = ORIENTED_EDGE ( 'NONE', *, *, #3825, .F. ) ;
#7200 = AXIS2_PLACEMENT_3D ( 'NONE', #1269, #4080, #2759 ) ;
#7201 = ORIENTED_EDGE ( 'NONE', *, *, #387, .F. ) ;
#7203 = PLANE ( 'NONE',  #2712 ) ;
#7202 = VECTOR ( 'NONE', #4079, 1000.000000000000000 ) ;
#7204 = FACE_OUTER_BOUND ( 'NONE', #3631, .T. ) ;
#7205 = PRODUCT_DEFINITION_SHAPE ( 'NONE', 'NONE',  #7329 ) ;
#7206 = VECTOR ( 'NONE', #4709, 1000.000000000000000 ) ;
#7207 = ADVANCED_FACE ( 'NONE', ( #8265 ), #3551, .T. ) ;
#7208 = EDGE_LOOP ( 'NONE', ( #7824, #6527, #7874, #7676 ) ) ;
#7209 = CARTESIAN_POINT ( 'NONE',  ( -675.7286812835920955, -126.9278101317851366, 11.81000000000000050 ) ) ;
#7210 = LINE ( 'NONE', #6669, #7027 ) ;
#7211 = ORIENTED_EDGE ( 'NONE', *, *, #3275, .F. ) ;
#7212 = ORIENTED_EDGE ( 'NONE', *, *, #8242, .T. ) ;
#7213 = ORIENTED_EDGE ( 'NONE', *, *, #8313, .T. ) ;
#7214 = ADVANCED_FACE ( 'NONE', ( #1557 ), #7679, .T. ) ;
#7215 = VERTEX_POINT ( 'NONE', #59 ) ;
#7216 = DIRECTION ( 'NONE',  ( 0.000000000000000000, 1.000000000000000000, 0.000000000000000000 ) ) ;
#7217 = VECTOR ( 'NONE', #2834, 1000.000000000000000 ) ;
#7218 = LINE ( 'NONE', #422, #4540 ) ;
#7219 = PLANE ( 'NONE',  #7166 ) ;
#7220 = VERTEX_POINT ( 'NONE', #5593 ) ;
#7221 = EDGE_CURVE ( 'NONE', #2571, #8716, #4956, .T. ) ;
#7222 = ORIENTED_EDGE ( 'NONE', *, *, #3450, .F. ) ;
#7223 = COLOUR_RGB ( '',1.000000000000000000, 1.000000000000000000, 1.000000000000000000 ) ;
#7224 = DIRECTION ( 'NONE',  ( 1.000000000000000000, 0.000000000000000000, 0.000000000000000000 ) ) ;
#7225 = EDGE_LOOP ( 'NONE', ( #5134, #3910, #6316, #3280 ) ) ;
#7226 = PLANE ( 'NONE',  #1364 ) ;
#7227 = DIRECTION ( 'NONE',  ( 0.000000000000000000, 1.000000000000000000, 0.000000000000000000 ) ) ;
#7228 = LINE ( 'NONE', #6058, #394 ) ;
#7229 = LINE ( 'NONE', #7990, #1798 ) ;
#7230 = EDGE_CURVE ( 'NONE', #327, #7059, #2102, .T. ) ;
#7231 = DIRECTION ( 'NONE',  ( 0.000000000000000000, -0.000000000000000000, -1.000000000000000000 ) ) ;
#7232 = VERTEX_POINT ( 'NONE', #3600 ) ;
#7233 = LINE ( 'NONE', #5206, #2410 ) ;
#7234 = ORIENTED_EDGE ( 'NONE', *, *, #5454, .T. ) ;
#7235 = ORIENTED_EDGE ( 'NONE', *, *, #1285, .T. ) ;
#7236 = FACE_OUTER_BOUND ( 'NONE', #3929, .T. ) ;
#7237 = FACE_OUTER_BOUND ( 'NONE', #6430, .T. ) ;
#7238 = DIRECTION ( 'NONE',  ( -0.000000000000000000, -0.000000000000000000, 1.000000000000000000 ) ) ;
#7239 = ADVANCED_FACE ( 'NONE', ( #8308 ), #4232, .F. ) ;
#7240 = VERTEX_POINT ( 'NONE', #103 ) ;
#7241 = CARTESIAN_POINT ( 'NONE',  ( -457.1999999999999886, 58.83421516197583401, 0.000000000000000000 ) ) ;
#7242 = DIRECTION ( 'NONE',  ( 8.628166150854816622E-32, 3.557970109941299370E-18, -1.000000000000000000 ) ) ;
#7243 = CARTESIAN_POINT ( 'NONE',  ( -106.1299999999999955, -111.5450820850404767, 11.81000000000000050 ) ) ;
#7244 = ORIENTED_EDGE ( 'NONE', *, *, #3271, .F. ) ;
#7245 = ORIENTED_EDGE ( 'NONE', *, *, #5866, .F. ) ;
#7246 = DIRECTION ( 'NONE',  ( -1.000000000000000000, -2.472932452667691008E-15, 0.000000000000000000 ) ) ;
#7247 = FACE_OUTER_BOUND ( 'NONE', #7746, .T. ) ;
#7248 = ADVANCED_FACE ( 'NONE', ( #6991 ), #4273, .F. ) ;
#7249 = DIRECTION ( 'NONE',  ( 1.000000000000000000, 0.000000000000000000, 0.000000000000000000 ) ) ;
#7250 = ORIENTED_EDGE ( 'NONE', *, *, #6178, .T. ) ;
#7251 = FACE_OUTER_BOUND ( 'NONE', #2412, .T. ) ;
#7252 = CARTESIAN_POINT ( 'NONE',  ( -233.5856692731958617, -152.5178101317848416, 0.000000000000000000 ) ) ;
#7253 = ORIENTED_EDGE ( 'NONE', *, *, #6657, .T. ) ;
#7254 = ORIENTED_EDGE ( 'NONE', *, *, #7548, .T. ) ;
#7255 = CARTESIAN_POINT ( 'NONE',  ( -25.40000000000000213, 11.81000000000000050, -164.2100000000000364 ) ) ;
#7256 = EDGE_CURVE ( 'NONE', #7964, #6773, #2736, .T. ) ;
#7257 = EDGE_CURVE ( 'NONE', #8872, #8042, #2868, .T. ) ;
#7258 = CARTESIAN_POINT ( 'NONE',  ( -165.0998546600341967, 7.144215161975791872, 0.000000000000000000 ) ) ;
#7259 = CARTESIAN_POINT ( 'NONE',  ( -126.9999999999999716, 304.8000000000000114, 0.000000000000000000 ) ) ;
#7260 = ADVANCED_FACE ( 'NONE', ( #7036 ), #5640, .T. ) ;
#7261 = ORIENTED_EDGE ( 'NONE', *, *, #4557, .T. ) ;
#7262 = VECTOR ( 'NONE', #6241, 1000.000000000000000 ) ;
#7263 = ORIENTED_EDGE ( 'NONE', *, *, #4347, .T. ) ;
#7264 = CARTESIAN_POINT ( 'NONE',  ( -304.8000000000000114, -26.87841541837379111, 11.81000000000000050 ) ) ;
#7265 = VERTEX_POINT ( 'NONE', #3643 ) ;
#7266 = CARTESIAN_POINT ( 'NONE',  ( 139.7000000000043087, 445.3897093200683912, 11.81000000000000050 ) ) ;
#7267 = EDGE_CURVE ( 'NONE', #6627, #3838, #195, .T. ) ;
#7268 = EDGE_CURVE ( 'NONE', #4802, #7799, #882, .T. ) ;
#7269 = DIRECTION ( 'NONE',  ( 1.000000000000000000, -0.000000000000000000, 0.000000000000000000 ) ) ;
#7270 = CARTESIAN_POINT ( 'NONE',  ( 152.3999999999999773, -267.5900000000000318, 0.000000000000000000 ) ) ;
#7271 = CARTESIAN_POINT ( 'NONE',  ( 152.4002906799316008, 58.83421516197587664, 11.81000000000000050 ) ) ;
#7272 = UNCERTAINTY_MEASURE_WITH_UNIT (LENGTH_MEASURE( 1.000000000000000082E-05 ), #8819, 'distance_accuracy_value', 'NONE');
#7273 = ORIENTED_EDGE ( 'NONE', *, *, #2659, .T. ) ;
#7274 = CARTESIAN_POINT ( 'NONE',  ( 279.4000000000043542, 165.0997093200683992, 11.81000000000000050 ) ) ;
#7275 = EDGE_CURVE ( 'NONE', #7769, #3542, #2202, .T. ) ;
#7276 = ORIENTED_EDGE ( 'NONE', *, *, #6875, .T. ) ;
#7277 = CARTESIAN_POINT ( 'NONE',  ( 152.3999999999999773, -80.73000000000001819, 0.000000000000000000 ) ) ;
#7278 = FACE_OUTER_BOUND ( 'NONE', #2978, .T. ) ;
#7279 = DIRECTION ( 'NONE',  ( -0.000000000000000000, -0.000000000000000000, 1.000000000000000000 ) ) ;
#7280 = ORIENTED_EDGE ( 'NONE', *, *, #6398, .T. ) ;
#7281 = LINE ( 'NONE', #7241, #1070 ) ;
#7282 = CARTESIAN_POINT ( 'NONE',  ( -52.86967547381611610, 152.3998546600342365, 433.6424928261766354 ) ) ;
#7283 = CARTESIAN_POINT ( 'NONE',  ( 254.0000000000042348, -152.4002906799316861, 0.000000000000000000 ) ) ;
#7284 = VECTOR ( 'NONE', #1943, 1000.000000000000000 ) ;
#7285 = VERTEX_POINT ( 'NONE', #4248 ) ;
#7286 = EDGE_CURVE ( 'NONE', #3792, #1161, #36, .T. ) ;
#7287 = ORIENTED_EDGE ( 'NONE', *, *, #2780, .F. ) ;
#7288 = CARTESIAN_POINT ( 'NONE',  ( -687.5386812835920409, -50.72781013178524034, 0.000000000000000000 ) ) ;
#7289 = FACE_OUTER_BOUND ( 'NONE', #102, .T. ) ;
#7290 = VECTOR ( 'NONE', #4233, 1000.000000000000000 ) ;
#7291 = ORIENTED_EDGE ( 'NONE', *, *, #5652, .F. ) ;
#7292 =( NAMED_UNIT ( * ) PLANE_ANGLE_UNIT ( ) SI_UNIT ( $, .RADIAN. ) );
#7293 = CARTESIAN_POINT ( 'NONE',  ( -25.39999999999560387, 419.9897093200684139, 11.81000000000000050 ) ) ;
#7294 = EDGE_LOOP ( 'NONE', ( #3903, #5002, #143, #3834, #763, #2098, #6949, #8217, #8130, #372, #5277, #1998, #214, #6742, #5485, #3568, #6367, #6306, #7835, #4358, #3308, #5862, #4078, #6498, #5226, #7963, #753, #6536 ) ) ;
#7295 = ORIENTED_EDGE ( 'NONE', *, *, #8802, .T. ) ;
#7296 = APPLICATION_CONTEXT ( 'automotive_design' ) ;
#7297 = VECTOR ( 'NONE', #850, 1000.000000000000000 ) ;
#7298 = ORIENTED_EDGE ( 'NONE', *, *, #5530, .T. ) ;
#7299 = DIRECTION ( 'NONE',  ( 0.000000000000000000, 0.000000000000000000, 1.000000000000000000 ) ) ;
#7300 = CARTESIAN_POINT ( 'NONE',  ( 0.000000000000000000, 0.000000000000000000, 11.81000000000000050 ) ) ;
#7301 = CARTESIAN_POINT ( 'NONE',  ( 127.0000000000001137, -292.9900000000000091, 0.000000000000000000 ) ) ;
#7302 = VECTOR ( 'NONE', #4907, 1000.000000000000000 ) ;
#7303 = ORIENTED_EDGE ( 'NONE', *, *, #2882, .T. ) ;
#7304 = ORIENTED_EDGE ( 'NONE', *, *, #5499, .T. ) ;
#7305 = CARTESIAN_POINT ( 'NONE',  ( -352.1190026065291363, -67.85114346511814176, 0.000000000000000000 ) ) ;
#7306 = ADVANCED_FACE ( 'NONE', ( #8413 ), #8325, .T. ) ;
#7307 = ORIENTED_EDGE ( 'NONE', *, *, #3162, .F. ) ;
#7308 = FACE_OUTER_BOUND ( 'NONE', #5049, .T. ) ;
#7309 = LINE ( 'NONE', #4500, #6330 ) ;
#7310 = VECTOR ( 'NONE', #7079, 1000.000000000000000 ) ;
#7311 = EDGE_CURVE ( 'NONE', #3448, #2017, #858, .T. ) ;
#7312 = DIRECTION ( 'NONE',  ( -0.000000000000000000, 1.000000000000000000, 0.000000000000000000 ) ) ;
#7313 = LINE ( 'NONE', #4503, #2725 ) ;
#7314 = DIRECTION ( 'NONE',  ( -1.092739197465705287E-15, 1.000000000000000000, 0.000000000000000000 ) ) ;
#7315 = AXIS2_PLACEMENT_3D ( 'NONE', #1986, #5388, #1264 ) ;
#7316 = DIRECTION ( 'NONE',  ( 1.706325926237332771E-16, -1.000000000000000000, 0.000000000000000000 ) ) ;
#7317 = ADVANCED_FACE ( 'NONE', ( #7780 ), #77, .F. ) ;
#7318 = ORIENTED_EDGE ( 'NONE', *, *, #7813, .F. ) ;
#7319 = CARTESIAN_POINT ( 'NONE',  ( 292.9900000000000091, 32.38825124829293145, 0.000000000000000000 ) ) ;
#7320 = EDGE_CURVE ( 'NONE', #3546, #2714, #7733, .T. ) ;
#7321 = ORIENTED_EDGE ( 'NONE', *, *, #2147, .T. ) ;
#7322 = DIRECTION ( 'NONE',  ( -2.472932452667691008E-15, 1.000000000000000000, -0.000000000000000000 ) ) ;
#7323 = AXIS2_PLACEMENT_3D ( 'NONE', #5805, #7866, #863 ) ;
#7324 = CARTESIAN_POINT ( 'NONE',  ( -457.1999999999999886, 71.53421516197580843, 0.000000000000000000 ) ) ;
#7325 = DIRECTION ( 'NONE',  ( -1.000000000000000000, -1.706325926237332771E-16, 0.000000000000000000 ) ) ;
#7326 = ORIENTED_EDGE ( 'NONE', *, *, #3405, .T. ) ;
#7327 = DIRECTION ( 'NONE',  ( 0.000000000000000000, -0.000000000000000000, -1.000000000000000000 ) ) ;
#7328 = CARTESIAN_POINT ( 'NONE',  ( 152.3999999999999773, 1.297610568946315741E-14, 25.40000000000001279 ) ) ;
#7329 = PRODUCT_DEFINITION ( 'UNKNOWN', '', #3904, #6281 ) ;
#7330 = VECTOR ( 'NONE', #3793, 1000.000000000000000 ) ;
#7331 = CARTESIAN_POINT ( 'NONE',  ( -687.5386812835920409, -76.12781013178523892, 0.000000000000000000 ) ) ;
#7332 = VECTOR ( 'NONE', #4721, 1000.000000000000000 ) ;
#7333 = ORIENTED_EDGE ( 'NONE', *, *, #6277, .T. ) ;
#7334 = ORIENTED_EDGE ( 'NONE', *, *, #4117, .F. ) ;
#7335 = CARTESIAN_POINT ( 'NONE',  ( -59.26666666666662309, 292.9900000000000091, 0.000000000000000000 ) ) ;
#7336 = CARTESIAN_POINT ( 'NONE',  ( -47.31900260652910362, -93.25114346511811902, 11.81000000000000050 ) ) ;
#7337 = VECTOR ( 'NONE', #4915, 1000.000000000000000 ) ;
#7338 =( GEOMETRIC_REPRESENTATION_CONTEXT ( 3 ) GLOBAL_UNCERTAINTY_ASSIGNED_CONTEXT ( ( #7272 ) ) GLOBAL_UNIT_ASSIGNED_CONTEXT ( ( #8819, #2522, #5985 ) ) REPRESENTATION_CONTEXT ( 'NONE', 'WORKASPACE' ) );
#7339 =( LENGTH_UNIT ( ) NAMED_UNIT ( * ) SI_UNIT ( .MILLI., .METRE. ) );
#7340 = EDGE_CURVE ( 'NONE', #6127, #6649, #5703, .T. ) ;
#7341 = ORIENTED_EDGE ( 'NONE', *, *, #8720, .F. ) ;
#7342 = FILL_AREA_STYLE ('',( #3899 ) ) ;
#7343 = DIRECTION ( 'NONE',  ( -2.185478394931409786E-15, 1.000000000000000000, 0.000000000000000000 ) ) ;
#7344 = EDGE_LOOP ( 'NONE', ( #678, #4076, #2956, #2272 ) ) ;
#7345 = ORIENTED_EDGE ( 'NONE', *, *, #7553, .F. ) ;
#7346 = AXIS2_PLACEMENT_3D ( 'NONE', #8066, #5996, #6541 ) ;
#7347 = VECTOR ( 'NONE', #7064, 1000.000000000000000 ) ;
#7348 = ORIENTED_EDGE ( 'NONE', *, *, #8242, .F. ) ;
#7349 = LINE ( 'NONE', #5266, #4017 ) ;
#7350 = PLANE ( 'NONE',  #1701 ) ;
#7351 = CARTESIAN_POINT ( 'NONE',  ( -33.86666666666661740, -304.8000000000000114, 0.000000000000000000 ) ) ;
#7352 = EDGE_CURVE ( 'NONE', #2046, #2644, #2797, .T. ) ;
#7353 = VECTOR ( 'NONE', #3440, 1000.000000000000000 ) ;
#7354 = DIRECTION ( 'NONE',  ( 9.106159978880874930E-17, 1.000000000000000000, -0.000000000000000000 ) ) ;
#7355 = VECTOR ( 'NONE', #307, 1000.000000000000000 ) ;
#7356 = VERTEX_POINT ( 'NONE', #2297 ) ;
#7357 = ORIENTED_EDGE ( 'NONE', *, *, #4391, .F. ) ;
#7358 = ORIENTED_EDGE ( 'NONE', *, *, #6829, .F. ) ;
#7359 = MECHANICAL_DESIGN_GEOMETRIC_PRESENTATION_REPRESENTATION (  '', ( #3608 ), #5484 ) ;
#7360 = DIRECTION ( 'NONE',  ( -1.000000000000000000, -1.092739197465705287E-15, 0.000000000000000000 ) ) ;
#7361 = LINE ( 'NONE', #3917, #3722 ) ;
#7362 = SURFACE_STYLE_USAGE ( .BOTH. , #5462 ) ;
#7363 = EDGE_CURVE ( 'NONE', #3217, #2612, #4889, .T. ) ;
#7364 = CARTESIAN_POINT ( 'NONE',  ( -687.5386812835920409, -140.5178101317850974, 11.81000000000000050 ) ) ;
#7365 = UNCERTAINTY_MEASURE_WITH_UNIT (LENGTH_MEASURE( 1.000000000000000082E-05 ), #5597, 'distance_accuracy_value', 'NONE');
#7366 =( REPRESENTATION_RELATIONSHIP ('NONE','NONE', #853, #2302 ) REPRESENTATION_RELATIONSHIP_WITH_TRANSFORMATION ( #6149 )SHAPE_REPRESENTATION_RELATIONSHIP( ) );
#7367 = ORIENTED_EDGE ( 'NONE', *, *, #7895, .F. ) ;
#7368 = DIRECTION ( 'NONE',  ( -0.000000000000000000, -1.000000000000000000, -0.000000000000000000 ) ) ;
#7369 =( GEOMETRIC_REPRESENTATION_CONTEXT ( 3 ) GLOBAL_UNCERTAINTY_ASSIGNED_CONTEXT ( ( #4741 ) ) GLOBAL_UNIT_ASSIGNED_CONTEXT ( ( #866, #8421, #5711 ) ) REPRESENTATION_CONTEXT ( 'NONE', 'WORKASPACE' ) );
#7370 = VERTEX_POINT ( 'NONE', #5023 ) ;
#7371 = LINE ( 'NONE', #8808, #8649 ) ;
#7372 = CARTESIAN_POINT ( 'NONE',  ( -352.1190026065291363, -140.7078101317848393, 11.81000000000000050 ) ) ;
#7373 = LINE ( 'NONE', #1167, #5913 ) ;
#7374 = ORIENTED_EDGE ( 'NONE', *, *, #1484, .F. ) ;
#7375 = ADVANCED_FACE ( 'NONE', ( #1530 ), #3570, .T. ) ;
#7376 = CARTESIAN_POINT ( 'NONE',  ( -223.2989142387372681, 0.000000000000000000, -1142.023107283573609 ) ) ;
#7377 = DIRECTION ( 'NONE',  ( 0.4999999999999950040, 0.000000000000000000, 0.8660254037844417052 ) ) ;
#7378 = EDGE_CURVE ( 'NONE', #4666, #7370, #1450, .T. ) ;
#7379 = DIRECTION ( 'NONE',  ( 1.000000000000000000, 0.000000000000000000, 0.000000000000000000 ) ) ;
#7380 = ORIENTED_EDGE ( 'NONE', *, *, #7286, .T. ) ;
#7381 = ORIENTED_EDGE ( 'NONE', *, *, #982, .F. ) ;
#7382 = CARTESIAN_POINT ( 'NONE',  ( -152.3999999999999773, 267.5900000000000318, 0.000000000000000000 ) ) ;
#7383 = DIRECTION ( 'NONE',  ( -1.000000000000000000, -0.000000000000000000, -0.000000000000000000 ) ) ;
#7384 = PRESENTATION_STYLE_ASSIGNMENT (( #3808 ) ) ;
#7385 = EDGE_CURVE ( 'NONE', #1451, #7984, #6341, .T. ) ;
#7386 = ORIENTED_EDGE ( 'NONE', *, *, #3670, .T. ) ;
#7387 = CARTESIAN_POINT ( 'NONE',  ( 152.4000000000000057, 106.1300000000000523, 0.000000000000000000 ) ) ;
#7388 = PLANE ( 'NONE',  #7467 ) ;
#7389 = ORIENTED_EDGE ( 'NONE', *, *, #1779, .T. ) ;
#7390 = ORIENTED_EDGE ( 'NONE', *, *, #876, .F. ) ;
#7391 = CARTESIAN_POINT ( 'NONE',  ( -304.8000000000000114, -52.27841541837379680, 0.000000000000000000 ) ) ;
#7392 = EDGE_CURVE ( 'NONE', #1995, #2767, #5754, .T. ) ;
#7393 = DIRECTION ( 'NONE',  ( -1.000000000000000000, 0.000000000000000000, 0.000000000000000000 ) ) ;
#7394 = DIRECTION ( 'NONE',  ( 0.000000000000000000, 0.000000000000000000, -1.000000000000000000 ) ) ;
#7395 = AXIS2_PLACEMENT_3D ( 'NONE', #4818, #4677, #3467 ) ;
#7396 = DIRECTION ( 'NONE',  ( 0.000000000000000000, 1.000000000000000000, 0.000000000000000000 ) ) ;
#7397 = CARTESIAN_POINT ( 'NONE',  ( -33.86666666666661740, 304.8000000000000114, 0.000000000000000000 ) ) ;
#7398 = EDGE_CURVE ( 'NONE', #8000, #3330, #1578, .T. ) ;
#7399 = ORIENTED_EDGE ( 'NONE', *, *, #4404, .T. ) ;
#7400 = PLANE ( 'NONE',  #6688 ) ;
#7401 = VERTEX_POINT ( 'NONE', #7108 ) ;
#7402 = VECTOR ( 'NONE', #7575, 1000.000000000000000 ) ;
#7403 = EDGE_CURVE ( 'NONE', #5390, #192, #6294, .T. ) ;
#7404 = ORIENTED_EDGE ( 'NONE', *, *, #7595, .F. ) ;
#7405 = FACE_OUTER_BOUND ( 'NONE', #5398, .T. ) ;
#7406 = LINE ( 'NONE', #1875, #2506 ) ;
#7407 = DIRECTION ( 'NONE',  ( -1.000000000000000000, -0.000000000000000000, -0.000000000000000000 ) ) ;
#7408 = CARTESIAN_POINT ( 'NONE',  ( -233.5856692731958617, -140.7078101317848109, 0.000000000000000000 ) ) ;
#7409 = VECTOR ( 'NONE', #4238, 1000.000000000000000 ) ;
#7410 = DIRECTION ( 'NONE',  ( 1.000000000000000000, -0.000000000000000000, 0.000000000000000000 ) ) ;
#7411 = ORIENTED_EDGE ( 'NONE', *, *, #7469, .F. ) ;
#7412 = DIRECTION ( 'NONE',  ( 0.000000000000000000, 0.000000000000000000, -1.000000000000000000 ) ) ;
#7413 = ORIENTED_EDGE ( 'NONE', *, *, #2807, .F. ) ;
#7414 = DIRECTION ( 'NONE',  ( -1.000000000000000000, -0.000000000000000000, -0.000000000000000000 ) ) ;
#7415 = DIRECTION ( 'NONE',  ( 0.000000000000000000, 1.000000000000000000, 0.000000000000000000 ) ) ;
#7416 = CARTESIAN_POINT ( 'NONE',  ( -295.8871619467639675, 0.000000000000000000, -616.1005700363347160 ) ) ;
#7417 = ORIENTED_EDGE ( 'NONE', *, *, #1032, .F. ) ;
#7418 = FACE_OUTER_BOUND ( 'NONE', #3573, .T. ) ;
#7419 = APPLICATION_PROTOCOL_DEFINITION ( 'draft international standard', 'automotive_design', 1998, #6095 ) ;
#7420 =( REPRESENTATION_RELATIONSHIP ('NONE','NONE', #853, #2302 ) REPRESENTATION_RELATIONSHIP_WITH_TRANSFORMATION ( #8674 )SHAPE_REPRESENTATION_RELATIONSHIP( ) );
#7421 = DIRECTION ( 'NONE',  ( -1.000000000000000000, 1.836970198721756426E-16, 0.000000000000000000 ) ) ;
#7422 = ADVANCED_FACE ( 'NONE', ( #4932 ), #5659, .F. ) ;
#7423 = ORIENTED_EDGE ( 'NONE', *, *, #806, .F. ) ;
#7424 = ORIENTED_EDGE ( 'NONE', *, *, #4600, .T. ) ;
#7425 = FACE_OUTER_BOUND ( 'NONE', #6790, .T. ) ;
#7426 = EDGE_CURVE ( 'NONE', #4950, #5704, #5073, .T. ) ;
#7427 = PLANE ( 'NONE',  #4901 ) ;
#7428 = LINE ( 'NONE', #5347, #5995 ) ;
#7429 = ORIENTED_EDGE ( 'NONE', *, *, #2194, .T. ) ;
#7430 = CARTESIAN_POINT ( 'NONE',  ( -457.1999999999999886, 71.53421516197580843, 11.81000000000000050 ) ) ;
#7431 = LINE ( 'NONE', #546, #3840 ) ;
#7432 = ORIENTED_EDGE ( 'NONE', *, *, #7971, .T. ) ;
#7433 = ORIENTED_EDGE ( 'NONE', *, *, #3250, .T. ) ;
#7434 = EDGE_CURVE ( 'NONE', #466, #6387, #1684, .T. ) ;
#7435 = EDGE_LOOP ( 'NONE', ( #7641, #5260, #3458, #318 ) ) ;
#7436 = LINE ( 'NONE', #1232, #3003 ) ;
#7437 = VECTOR ( 'NONE', #3332, 1000.000000000000000 ) ;
#7438 = CARTESIAN_POINT ( 'NONE',  ( -304.8000000000000114, -111.5450820850404625, 0.000000000000000000 ) ) ;
#7439 = CARTESIAN_POINT ( 'NONE',  ( -382.7386812835922569, -50.72781013178523324, 11.81000000000000050 ) ) ;
#7440 = CARTESIAN_POINT ( 'NONE',  ( -340.3090026065291340, -127.1178101317848075, 0.000000000000000000 ) ) ;
#7441 = LINE ( 'NONE', #6137, #3056 ) ;
#7442 = LINE ( 'NONE', #5635, #5879 ) ;
#7443 = VECTOR ( 'NONE', #3735, 1000.000000000000000 ) ;
#7444 = EDGE_CURVE ( 'NONE', #1336, #3958, #5732, .T. ) ;
#7445 = VERTEX_POINT ( 'NONE', #5095 ) ;
#7446 = FACE_OUTER_BOUND ( 'NONE', #642, .T. ) ;
#7447 = VERTEX_POINT ( 'NONE', #8533 ) ;
#7448 = ORIENTED_EDGE ( 'NONE', *, *, #8914, .F. ) ;
#7449 = PLANE ( 'NONE',  #6185 ) ;
#7450 = VECTOR ( 'NONE', #6643, 1000.000000000000000 ) ;
#7451 = DIRECTION ( 'NONE',  ( 4.200324197239087429E-15, 1.000000000000000000, 0.000000000000000000 ) ) ;
#7452 = CARTESIAN_POINT ( 'NONE',  ( -152.3999999999999773, -267.5900000000000318, 0.000000000000000000 ) ) ;
#7453 =( NAMED_UNIT ( * ) PLANE_ANGLE_UNIT ( ) SI_UNIT ( $, .RADIAN. ) );
#7454 = CARTESIAN_POINT ( 'NONE',  ( 292.9899999999999523, 66.25491791495960570, 0.000000000000000000 ) ) ;
#7455 = ITEM_DEFINED_TRANSFORMATION ( 'NONE', 'NONE', #8530,  #3886 ) ;
#7456 = EDGE_CURVE ( 'NONE', #6990, #3596, #6369, .T. ) ;
#7457 = FACE_OUTER_BOUND ( 'NONE', #5074, .T. ) ;
#7458 = COLOUR_RGB ( '',1.000000000000000000, 1.000000000000000000, 1.000000000000000000 ) ;
#7459 = VERTEX_POINT ( 'NONE', #7038 ) ;
#7460 = DIRECTION ( 'NONE',  ( 0.000000000000000000, -0.000000000000000000, 1.000000000000000000 ) ) ;
#7461 = ORIENTED_EDGE ( 'NONE', *, *, #7378, .F. ) ;
#7462 = CARTESIAN_POINT ( 'NONE',  ( 292.9900000000000091, -26.87841541837373427, 0.000000000000000000 ) ) ;
#7463 = CARTESIAN_POINT ( 'NONE',  ( -352.1190026065291363, 50.68218986821522520, 11.81000000000000050 ) ) ;
#7464 = LINE ( 'NONE', #3299, #6491 ) ;
#7465 = VERTEX_POINT ( 'NONE', #8397 ) ;
#7466 = PLANE ( 'NONE',  #6301 ) ;
#7467 = AXIS2_PLACEMENT_3D ( 'NONE', #1185, #8733, #3772 ) ;
#7468 = DIRECTION ( 'NONE',  ( 1.224621265208487691E-16, -1.000000000000000000, 1.734723475976801702E-18 ) ) ;
#7469 = EDGE_CURVE ( 'NONE', #3096, #3189, #833, .T. ) ;
#7470 = CARTESIAN_POINT ( 'NONE',  ( -352.1190026065291363, -152.5178101317848132, 11.81000000000000050 ) ) ;
#7471 = VECTOR ( 'NONE', #5849, 1000.000000000000000 ) ;
#7472 = VERTEX_POINT ( 'NONE', #3689 ) ;
#7473 = ORIENTED_EDGE ( 'NONE', *, *, #221, .F. ) ;
#7474 = LINE ( 'NONE', #1268, #7915 ) ;
#7475 = LINE ( 'NONE', #4663, #8788 ) ;
#7476 =( REPRESENTATION_RELATIONSHIP ('NONE','NONE', #853, #746 ) REPRESENTATION_RELATIONSHIP_WITH_TRANSFORMATION ( #6061 )SHAPE_REPRESENTATION_RELATIONSHIP( ) );
#7477 = CARTESIAN_POINT ( 'NONE',  ( -25.39999999999560387, -115.1902906799316355, 0.000000000000000000 ) ) ;
#7478 = ADVANCED_FACE ( 'NONE', ( #7171 ), #3552, .F. ) ;
#7479 = VECTOR ( 'NONE', #5886, 1000.000000000000000 ) ;
#7480 = ORIENTED_EDGE ( 'NONE', *, *, #6410, .F. ) ;
#7481 = CARTESIAN_POINT ( 'NONE',  ( -394.5486812835923160, -50.72781013178521903, 11.81000000000000050 ) ) ;
#7482 = VERTEX_POINT ( 'NONE', #7090 ) ;
#7483 = ORIENTED_EDGE ( 'NONE', *, *, #8914, .T. ) ;
#7484 = ORIENTED_EDGE ( 'NONE', *, *, #7178, .T. ) ;
#7485 = VECTOR ( 'NONE', #7945, 1000.000000000000000 ) ;
#7487 = VECTOR ( 'NONE', #8752, 1000.000000000000000 ) ;
#7486 = LINE ( 'NONE', #8828, #2552 ) ;
#7488 = FACE_OUTER_BOUND ( 'NONE', #6989, .T. ) ;
#7489 = EDGE_CURVE ( 'NONE', #2265, #8825, #3601, .T. ) ;
#7490 = CARTESIAN_POINT ( 'NONE',  ( 267.5900000000043519, -140.5902906799316554, 0.000000000000000000 ) ) ;
#7491 = AXIS2_PLACEMENT_3D ( 'NONE', #5687, #784, #5946 ) ;
#7492 = AXIS2_PLACEMENT_3D ( 'NONE', #4772, #4857, #4987 ) ;
#7493 = LINE ( 'NONE', #4047, #8115 ) ;
#7494 = PLANE ( 'NONE',  #8614 ) ;
#7495 = ADVANCED_FACE ( 'NONE', ( #4405 ), #5642, .F. ) ;
#7496 = EDGE_LOOP ( 'NONE', ( #6618, #5193, #6405, #2013 ) ) ;
#7497 = CARTESIAN_POINT ( 'NONE',  ( 279.4000000000043542, 419.9897093200684139, 11.81000000000000050 ) ) ;
#7498 = VERTEX_POINT ( 'NONE', #1603 ) ;
#7499 = ORIENTED_EDGE ( 'NONE', *, *, #647, .F. ) ;
#7500 = DIRECTION ( 'NONE',  ( 0.000000000000000000, 0.000000000000000000, 1.000000000000000000 ) ) ;
#7501 = AXIS2_PLACEMENT_3D ( 'NONE', #7581, #6764, #4722 ) ;
#7502 = VECTOR ( 'NONE', #8548, 1000.000000000000000 ) ;
#7503 = PLANE ( 'NONE',  #5410 ) ;
#7504 = DIRECTION ( 'NONE',  ( 0.000000000000000000, 0.000000000000000000, 1.000000000000000000 ) ) ;
#7505 = PRESENTATION_STYLE_ASSIGNMENT (( #2640 ) ) ;
#7506 = LINE ( 'NONE', #1297, #658 ) ;
#7507 = CONTEXT_DEPENDENT_SHAPE_REPRESENTATION ( #184, #6982 ) ;
#7508 = ADVANCED_FACE ( 'NONE', ( #6453 ), #8483, .F. ) ;
#7509 = VECTOR ( 'NONE', #2166, 1000.000000000000000 ) ;
#7510 = LINE ( 'NONE', #4200, #1045 ) ;
#7511 = ORIENTED_EDGE ( 'NONE', *, *, #680, .T. ) ;
#7512 = DIRECTION ( 'NONE',  ( 1.000000000000000000, 0.000000000000000000, 0.000000000000000000 ) ) ;
#7513 = VERTEX_POINT ( 'NONE', #4365 ) ;
#7514 = LINE ( 'NONE', #1351, #4315 ) ;
#7515 = EDGE_CURVE ( 'NONE', #66, #17, #6320, .T. ) ;
#7516 = DIRECTION ( 'NONE',  ( 0.000000000000000000, 0.000000000000000000, 1.000000000000000000 ) ) ;
#7517 = DIRECTION ( 'NONE',  ( 1.092739197465705287E-15, 1.000000000000000000, 0.000000000000000000 ) ) ;
#7518 = VERTEX_POINT ( 'NONE', #6411 ) ;
#7519 = CARTESIAN_POINT ( 'NONE',  ( -675.7286812835919818, -114.2278101317851906, 0.000000000000000000 ) ) ;
#7520 = CARTESIAN_POINT ( 'NONE',  ( 164.2100000000001216, -489.1089142387373840, -1091.223107283573654 ) ) ;
#7521 = DIRECTION ( 'NONE',  ( 0.000000000000000000, -1.000000000000000000, 0.000000000000000000 ) ) ;
#7522 = PRESENTATION_LAYER_ASSIGNMENT (  '', '', ( #6366 ) ) ;
#7523 = ORIENTED_EDGE ( 'NONE', *, *, #3503, .F. ) ;
#7524 = ADVANCED_FACE ( 'NONE', ( #5688 ), #3734, .T. ) ;
#7525 = ORIENTED_EDGE ( 'NONE', *, *, #4534, .T. ) ;
#7526 = CARTESIAN_POINT ( 'NONE',  ( -352.1190026065291363, -67.85114346511814176, 0.000000000000000000 ) ) ;
#7527 = LINE ( 'NONE', #2710, #6208 ) ;
#7528 = FILL_AREA_STYLE_COLOUR ( '', #7223 ) ;
#7529 = PRODUCT_DEFINITION_FORMATION_WITH_SPECIFIED_SOURCE ( 'ANY', '', #2283, .NOT_KNOWN. ) ;
#7530 = ORIENTED_EDGE ( 'NONE', *, *, #7677, .T. ) ;
#7531 = DIRECTION ( 'NONE',  ( 1.706325926237332771E-16, -1.000000000000000000, -0.000000000000000000 ) ) ;
#7532 = DIRECTION ( 'NONE',  ( -0.000000000000000000, 1.000000000000000000, -0.000000000000000000 ) ) ;
#7533 = VERTEX_POINT ( 'NONE', #7807 ) ;
#7534 = ORIENTED_EDGE ( 'NONE', *, *, #2262, .F. ) ;
#7535 = VECTOR ( 'NONE', #3175, 1000.000000000000000 ) ;
#7536 = ADVANCED_FACE ( 'NONE', ( #5138 ), #287, .F. ) ;
#7537 = ORIENTED_EDGE ( 'NONE', *, *, #2673, .T. ) ;
#7538 = FACE_OUTER_BOUND ( 'NONE', #725, .T. ) ;
#7539 = DIRECTION ( 'NONE',  ( -1.000000000000000000, -2.276539994720221198E-17, -0.000000000000000000 ) ) ;
#7540 = DIRECTION ( 'NONE',  ( 0.000000000000000000, -1.000000000000000000, 0.000000000000000000 ) ) ;
#7541 = VERTEX_POINT ( 'NONE', #7715 ) ;
#7542 = PRESENTATION_STYLE_ASSIGNMENT (( #6050 ) ) ;
#7543 = DIRECTION ( 'NONE',  ( 0.000000000000000000, -0.000000000000000000, -1.000000000000000000 ) ) ;
#7544 = EDGE_LOOP ( 'NONE', ( #4558, #5767, #2193, #6976 ) ) ;
#7545 = CARTESIAN_POINT ( 'NONE',  ( -457.1999999999999886, 58.83421516197583401, 0.000000000000000000 ) ) ;
#7546 = ORIENTED_EDGE ( 'NONE', *, *, #235, .F. ) ;
#7547 = EDGE_CURVE ( 'NONE', #596, #3441, #7132, .T. ) ;
#7548 = EDGE_CURVE ( 'NONE', #5963, #5615, #3006, .T. ) ;
#7549 = ORIENTED_EDGE ( 'NONE', *, *, #867, .F. ) ;
#7550 = PLANE ( 'NONE',  #2131 ) ;
#7551 = DIRECTION ( 'NONE',  ( -1.000000000000000000, -0.000000000000000000, -0.000000000000000000 ) ) ;
#7552 = DIRECTION ( 'NONE',  ( 1.252096997096120642E-16, -1.000000000000000000, 0.000000000000000000 ) ) ;
#7553 = EDGE_CURVE ( 'NONE', #2908, #6737, #2869, .T. ) ;
#7554 = DIRECTION ( 'NONE',  ( -1.000000000000000000, 0.000000000000000000, -0.000000000000000000 ) ) ;
#7555 = CLOSED_SHELL ( 'NONE', ( #893, #3213, #3674, #774, #2713, #3392, #300, #1789, #1958, #629, #7749, #4691, #1935, #8272, #6029, #4998, #4982, #8488, #3141, #1071, #7004, #1514, #2663, #3607, #957, #367, #4567, #7730, #8909, #5829 ) ) ;
#7556 = FACE_OUTER_BOUND ( 'NONE', #941, .T. ) ;
#7557 = VERTEX_POINT ( 'NONE', #4274 ) ;
#7558 = EDGE_CURVE ( 'NONE', #2017, #8825, #2535, .T. ) ;
#7559 = CARTESIAN_POINT ( 'NONE',  ( -352.1190026065291363, -8.584476798451465385, 11.81000000000000050 ) ) ;
#7560 = CARTESIAN_POINT ( 'NONE',  ( -292.9900000000000091, 91.65491791495954033, 11.81000000000000050 ) ) ;
#7561 = EDGE_CURVE ( 'NONE', #4003, #4975, #5357, .T. ) ;
#7562 = LINE ( 'NONE', #8901, #1568 ) ;
#7563 = CARTESIAN_POINT ( 'NONE',  ( -295.8871619467639675, 11.81000000000000050, -616.1005700363347160 ) ) ;
#7564 = AXIS2_PLACEMENT_3D ( 'NONE', #2883, #8410, #521 ) ;
#7565 = CARTESIAN_POINT ( 'NONE',  ( -292.9900000000000091, -86.14508208504045683, 0.000000000000000000 ) ) ;
#7566 = ORIENTED_EDGE ( 'NONE', *, *, #1821, .F. ) ;
#7567 = CARTESIAN_POINT ( 'NONE',  ( -292.9900000000000091, 6.988251248292873363, 0.000000000000000000 ) ) ;
#7568 = FACE_OUTER_BOUND ( 'NONE', #8264, .T. ) ;
#7569 = EDGE_CURVE ( 'NONE', #1336, #7682, #5911, .T. ) ;
#7570 = EDGE_LOOP ( 'NONE', ( #2851, #1862, #1360, #2066 ) ) ;
#7571 = ORIENTED_EDGE ( 'NONE', *, *, #7275, .F. ) ;
#7572 = DIRECTION ( 'NONE',  ( 0.000000000000000000, 1.000000000000000000, 0.000000000000000000 ) ) ;
#7573 = DIRECTION ( 'NONE',  ( 1.000000000000000000, -2.014845802307676854E-15, -0.000000000000000000 ) ) ;
#7574 = EDGE_LOOP ( 'NONE', ( #6485, #4448, #7892, #137 ) ) ;
#7575 = DIRECTION ( 'NONE',  ( -4.370956789862819572E-15, 1.000000000000000000, 0.000000000000000000 ) ) ;
#7576 = LINE ( 'NONE', #6804, #3272 ) ;
#7577 = EDGE_CURVE ( 'NONE', #7022, #6619, #1729, .T. ) ;
#7578 = ORIENTED_EDGE ( 'NONE', *, *, #6980, .F. ) ;
#7579 = ORIENTED_EDGE ( 'NONE', *, *, #4104, .F. ) ;
#7580 = CARTESIAN_POINT ( 'NONE',  ( -675.7286812835919818, -76.12781013178523892, 0.000000000000000000 ) ) ;
#7581 = CARTESIAN_POINT ( 'NONE',  ( -152.3999999999999773, 304.8000000000000114, 11.81000000000000050 ) ) ;
#7582 = PLANE ( 'NONE',  #8464 ) ;
#7583 = DIRECTION ( 'NONE',  ( -0.000000000000000000, -0.000000000000000000, 1.000000000000000000 ) ) ;
#7584 = DIRECTION ( 'NONE',  ( -0.000000000000000000, -0.000000000000000000, 1.000000000000000000 ) ) ;
#7585 = VERTEX_POINT ( 'NONE', #1052 ) ;
#7586 = DIRECTION ( 'NONE',  ( 1.000000000000000000, 0.000000000000000000, 0.000000000000000000 ) ) ;
#7587 = AXIS2_PLACEMENT_3D ( 'NONE', #4324, #1511, #748 ) ;
#7588 = ORIENTED_EDGE ( 'NONE', *, *, #6119, .T. ) ;
#7589 = ORIENTED_EDGE ( 'NONE', *, *, #7923, .T. ) ;
#7590 = CARTESIAN_POINT ( 'NONE',  ( -80.73000000000001819, -111.5450820850404767, 0.000000000000000000 ) ) ;
#7591 = PLANE ( 'NONE',  #2953 ) ;
#7592 = CARTESIAN_POINT ( 'NONE',  ( -25.39999999999567493, 457.1997093200683935, 11.81000000000000050 ) ) ;
#7593 = DIRECTION ( 'NONE',  ( -0.000000000000000000, 0.000000000000000000, -1.000000000000000000 ) ) ;
#7594 = VECTOR ( 'NONE', #4194, 1000.000000000000000 ) ;
#7595 = EDGE_CURVE ( 'NONE', #6628, #5840, #5956, .T. ) ;
#7596 = CARTESIAN_POINT ( 'NONE',  ( -292.9900000000000091, -99.73508208504048866, 11.81000000000000050 ) ) ;
#7597 = ORIENTED_EDGE ( 'NONE', *, *, #4600, .F. ) ;
#7598 = PLANE ( 'NONE',  #2286 ) ;
#7599 =( REPRESENTATION_RELATIONSHIP ('NONE','NONE', #853, #3527 ) REPRESENTATION_RELATIONSHIP_WITH_TRANSFORMATION ( #253 )SHAPE_REPRESENTATION_RELATIONSHIP( ) );
#7600 = VECTOR ( 'NONE', #5429, 1000.000000000000000 ) ;
#7601 = LINE ( 'NONE', #667, #3814 ) ;
#7602 = FACE_OUTER_BOUND ( 'NONE', #4809, .T. ) ;
#7603 = FACE_OUTER_BOUND ( 'NONE', #2762, .T. ) ;
#7604 = VERTEX_POINT ( 'NONE', #1012 ) ;
#7605 = CARTESIAN_POINT ( 'NONE',  ( -258.9856692731957537, -140.7078101317848677, 0.000000000000000000 ) ) ;
#7606 = DIRECTION ( 'NONE',  ( -1.224621265208487691E-16, -1.000000000000000000, 1.734723475976801702E-18 ) ) ;
#7607 = EDGE_CURVE ( 'NONE', #6220, #8588, #3907, .T. ) ;
#7608 = DIRECTION ( 'NONE',  ( -1.000000000000000000, -1.706325926237332771E-16, 0.000000000000000000 ) ) ;
#7609 = ADVANCED_FACE ( 'NONE', ( #8021 ), #2407, .T. ) ;
#7610 = ORIENTED_EDGE ( 'NONE', *, *, #5599, .F. ) ;
#7611 = ORIENTED_EDGE ( 'NONE', *, *, #3241, .T. ) ;
#7612 = DIRECTION ( 'NONE',  ( 2.014845802307676854E-15, 1.000000000000000000, 0.000000000000000000 ) ) ;
#7613 = AXIS2_PLACEMENT_3D ( 'NONE', #5585, #2813, #2948 ) ;
#7614 = CARTESIAN_POINT ( 'NONE',  ( -106.1299999999999955, -99.73508208504048866, 11.81000000000000050 ) ) ;
#7615 = DIRECTION ( 'NONE',  ( 5.463695987328531367E-16, 0.000000000000000000, 1.000000000000000000 ) ) ;
#7616 = PRODUCT_DEFINITION ( 'UNKNOWN', '', #7529, #2916 ) ;
#7617 = CARTESIAN_POINT ( 'NONE',  ( 140.5902906799316270, 58.83421516197586953, 11.81000000000000050 ) ) ;
#7618 = VECTOR ( 'NONE', #8283, 1000.000000000000000 ) ;
#7619 = EDGE_LOOP ( 'NONE', ( #7448, #4531, #336, #6090 ) ) ;
#7620 = VERTEX_POINT ( 'NONE', #7255 ) ;
#7621 = ORIENTED_EDGE ( 'NONE', *, *, #3010, .F. ) ;
#7622 = DIRECTION ( 'NONE',  ( -0.000000000000000000, 1.000000000000000000, -0.000000000000000000 ) ) ;
#7623 = CARTESIAN_POINT ( 'NONE',  ( -25.40000000000000213, 11.81000000000000050, -164.2100000000000364 ) ) ;
#7624 = VECTOR ( 'NONE', #8576, 1000.000000000000000 ) ;
#7625 = EDGE_CURVE ( 'NONE', #1973, #3225, #8701, .T. ) ;
#7626 = CARTESIAN_POINT ( 'NONE',  ( 304.7999999999999545, 66.25491791495960570, 11.81000000000000050 ) ) ;
#7627 = DIRECTION ( 'NONE',  ( 1.000000000000000000, 0.000000000000000000, 0.000000000000000000 ) ) ;
#7628 = DIRECTION ( 'NONE',  ( 0.000000000000000000, 0.000000000000000000, 1.000000000000000000 ) ) ;
#7629 = PLANE ( 'NONE',  #8867 ) ;
#7630 = VECTOR ( 'NONE', #7227, 1000.000000000000000 ) ;
#7631 = AXIS2_PLACEMENT_3D ( 'NONE', #6133, #8111, #4583 ) ;
#7632 = ORIENTED_EDGE ( 'NONE', *, *, #8228, .T. ) ;
#7633 = ORIENTED_EDGE ( 'NONE', *, *, #876, .T. ) ;
#7634 = DIRECTION ( 'NONE',  ( -0.000000000000000000, -0.000000000000000000, 1.000000000000000000 ) ) ;
#7635 = ADVANCED_FACE ( 'NONE', ( #5229 ), #3775, .F. ) ;
#7636 = CARTESIAN_POINT ( 'NONE',  ( -47.31900260652910362, -127.1178101317847791, 0.000000000000000000 ) ) ;
#7637 = CARTESIAN_POINT ( 'NONE',  ( -47.31900260652910362, -93.25114346511811902, 0.000000000000000000 ) ) ;
#7638 = VECTOR ( 'NONE', #8505, 1000.000000000000000 ) ;
#7639 = CARTESIAN_POINT ( 'NONE',  ( 33.86666666666673819, 304.8000000000000114, 0.000000000000000000 ) ) ;
#7640 = CARTESIAN_POINT ( 'NONE',  ( -267.5900000000000318, -111.5450820850404625, 0.000000000000000000 ) ) ;
#7641 = ORIENTED_EDGE ( 'NONE', *, *, #6600, .T. ) ;
#7642 = PRODUCT_DEFINITION_SHAPE ( 'NONE', 'NONE',  #8937 ) ;
#7643 = VECTOR ( 'NONE', #5629, 1000.000000000000000 ) ;
#7644 = CARTESIAN_POINT ( 'NONE',  ( -13.58999999999560160, 139.6997093200683935, 0.000000000000000000 ) ) ;
#7645 = VECTOR ( 'NONE', #3163, 1000.000000000000000 ) ;
#7646 = EDGE_CURVE ( 'NONE', #3599, #5988, #6045, .T. ) ;
#7647 = CARTESIAN_POINT ( 'NONE',  ( -382.7386812835923138, -126.9278101317851082, 0.000000000000000000 ) ) ;
#7648 = PLANE ( 'NONE',  #6073 ) ;
#7649 = ORIENTED_EDGE ( 'NONE', *, *, #6604, .F. ) ;
#7650 = DIRECTION ( 'NONE',  ( 4.553079989440438697E-17, -1.000000000000000000, 0.000000000000000000 ) ) ;
#7651 = APPLICATION_PROTOCOL_DEFINITION ( 'draft international standard', 'automotive_design', 1998, #8848 ) ;
#7652 = AXIS2_PLACEMENT_3D ( 'NONE', #8247, #4168, #8102 ) ;
#7653 = DIRECTION ( 'NONE',  ( 0.000000000000000000, 1.000000000000000000, 0.000000000000000000 ) ) ;
#7654 = ORIENTED_EDGE ( 'NONE', *, *, #5599, .T. ) ;
#7655 = VECTOR ( 'NONE', #799, 1000.000000000000000 ) ;
#7656 = ORIENTED_EDGE ( 'NONE', *, *, #7561, .F. ) ;
#7657 = ADVANCED_FACE ( 'NONE', ( #3139 ), #1146, .T. ) ;
#7658 = DIRECTION ( 'NONE',  ( 0.000000000000000000, 0.000000000000000000, 1.000000000000000000 ) ) ;
#7659 = DIRECTION ( 'NONE',  ( 1.000000000000000000, 0.000000000000000000, 0.000000000000000000 ) ) ;
#7660 = DIRECTION ( 'NONE',  ( -0.000000000000000000, 1.000000000000000000, 0.000000000000000000 ) ) ;
#7661 = FILL_AREA_STYLE ('',( #177 ) ) ;
#7662 = EDGE_CURVE ( 'NONE', #8119, #6990, #4536, .T. ) ;
#7663 = LINE ( 'NONE', #3535, #1251 ) ;
#7664 = VERTEX_POINT ( 'NONE', #4585 ) ;
#7665 = ADVANCED_FACE ( 'NONE', ( #3950 ), #1909, .T. ) ;
#7666 = CARTESIAN_POINT ( 'NONE',  ( -13.58999999999560160, 139.6997093200683935, 11.81000000000000050 ) ) ;
#7667 = ADVANCED_FACE ( 'NONE', ( #8613 ), #7350, .T. ) ;
#7668 = DIRECTION ( 'NONE',  ( 0.000000000000000000, 1.000000000000000000, 0.000000000000000000 ) ) ;
#7669 = AXIS2_PLACEMENT_3D ( 'NONE', #1400, #1262, #6207 ) ;
#7670 = PLANE ( 'NONE',  #7613 ) ;
#7671 = FACE_OUTER_BOUND ( 'NONE', #5883, .T. ) ;
#7672 = PLANE ( 'NONE',  #5586 ) ;
#7673 = VERTEX_POINT ( 'NONE', #8738 ) ;
#7674 = VECTOR ( 'NONE', #4090, 1000.000000000000000 ) ;
#7675 = FACE_OUTER_BOUND ( 'NONE', #1440, .T. ) ;
#7676 = ORIENTED_EDGE ( 'NONE', *, *, #5630, .F. ) ;
#7677 = EDGE_CURVE ( 'NONE', #4470, #6163, #1191, .T. ) ;
#7678 = ORIENTED_EDGE ( 'NONE', *, *, #6965, .T. ) ;
#7679 = PLANE ( 'NONE',  #541 ) ;
#7680 = DIRECTION ( 'NONE',  ( 0.000000000000000000, -0.000000000000000000, 1.000000000000000000 ) ) ;
#7681 = CARTESIAN_POINT ( 'NONE',  ( -675.7286812835919818, -76.12781013178523892, 0.000000000000000000 ) ) ;
#7682 = VERTEX_POINT ( 'NONE', #2584 ) ;
#7683 = CARTESIAN_POINT ( 'NONE',  ( -352.1190026065291363, -140.7078101317848393, 11.81000000000000050 ) ) ;
#7684 = PLANE ( 'NONE',  #1822 ) ;
#7685 = CARTESIAN_POINT ( 'NONE',  ( -687.5386812835920409, -126.9278101317851366, 0.000000000000000000 ) ) ;
#7686 = DIRECTION ( 'NONE',  ( -1.000000000000000000, 0.000000000000000000, 4.370956789862819572E-15 ) ) ;
#7687 = VECTOR ( 'NONE', #2903, 1000.000000000000000 ) ;
#7688 = ORIENTED_EDGE ( 'NONE', *, *, #3983, .T. ) ;
#7689 = DIRECTION ( 'NONE',  ( 1.000000000000000000, 1.706325926237332771E-16, -0.000000000000000000 ) ) ;
#7690 = ORIENTED_EDGE ( 'NONE', *, *, #5810, .T. ) ;
#7691 = PRESENTATION_LAYER_ASSIGNMENT (  '', '', ( #4808 ) ) ;
#7692 = ORIENTED_EDGE ( 'NONE', *, *, #7569, .F. ) ;
#7693 = LINE ( 'NONE', #6344, #8063 ) ;
#7694 = DIRECTION ( 'NONE',  ( 0.000000000000000000, 0.000000000000000000, 1.000000000000000000 ) ) ;
#7695 = DIRECTION ( 'NONE',  ( -1.000000000000000000, -1.706325926237332771E-16, 0.000000000000000000 ) ) ;
#7696 = VECTOR ( 'NONE', #3956, 1000.000000000000000 ) ;
#7697 = EDGE_CURVE ( 'NONE', #8038, #4581, #6717, .T. ) ;
#7698 = DIRECTION ( 'NONE',  ( 0.000000000000000000, 1.000000000000000000, 0.000000000000000000 ) ) ;
#7699 = EDGE_LOOP ( 'NONE', ( #3235, #8327, #4781, #3412, #2268, #2002, #7188, #3107, #3480, #5579, #6327, #2482, #4866, #1904, #1011, #8849, #530, #328, #2887, #8314, #2614, #714, #168, #4611, #2884, #1089, #5476, #4576, #2318, #944, #8537, #6100, #1415, #6248, #8286, #4131, #5169, #1951, #1716, #1040 ) ) ;
#7700 = ADVANCED_FACE ( 'NONE', ( #5584 ), #3501, .F. ) ;
#7701 = ORIENTED_EDGE ( 'NONE', *, *, #6188, .T. ) ;
#7702 = CARTESIAN_POINT ( 'NONE',  ( 292.9900000000000091, 66.25491791495960570, 11.81000000000000050 ) ) ;
#7703 = CARTESIAN_POINT ( 'NONE',  ( 140.5900000000000034, 267.5900000000000318, 11.81000000000000050 ) ) ;
#7704 = CARTESIAN_POINT ( 'NONE',  ( 152.4000000000000057, 304.8000000000000114, 0.000000000000000000 ) ) ;
#7705 = PRODUCT_DEFINITION_SHAPE ( 'NONE', 'NONE',  #8929 ) ;
#7706 = EDGE_CURVE ( 'NONE', #1301, #3542, #6898, .T. ) ;
#7707 = ORIENTED_EDGE ( 'NONE', *, *, #127, .T. ) ;
#7708 = DIRECTION ( 'NONE',  ( 0.000000000000000000, 0.000000000000000000, -1.000000000000000000 ) ) ;
#7709 = DIRECTION ( 'NONE',  ( 1.000000000000000000, 1.706325926237332771E-16, -0.000000000000000000 ) ) ;
#7710 = ORIENTED_EDGE ( 'NONE', *, *, #6552, .F. ) ;
#7711 = DIRECTION ( 'NONE',  ( 0.000000000000000000, 0.000000000000000000, 1.000000000000000000 ) ) ;
#7712 = EDGE_LOOP ( 'NONE', ( #1130, #2088, #8350, #3639 ) ) ;
#7713 = ORIENTED_EDGE ( 'NONE', *, *, #8531, .T. ) ;
#7714 = DIRECTION ( 'NONE',  ( -1.000000000000000000, -0.000000000000000000, -0.000000000000000000 ) ) ;
#7715 = CARTESIAN_POINT ( 'NONE',  ( -340.3090026065291340, -127.1178101317848075, 11.81000000000000050 ) ) ;
#7716 = DIRECTION ( 'NONE',  ( 1.706325926237332771E-16, -1.000000000000000000, -0.000000000000000000 ) ) ;
#7717 = CARTESIAN_POINT ( 'NONE',  ( -687.5386812835920409, -76.12781013178523892, 0.000000000000000000 ) ) ;
#7718 = FILL_AREA_STYLE ('',( #107 ) ) ;
#7719 = CARTESIAN_POINT ( 'NONE',  ( -165.0998546600341967, -4.665784838024212178, 11.81000000000000050 ) ) ;
#7720 = EDGE_CURVE ( 'NONE', #8689, #6737, #646, .T. ) ;
#7721 = VECTOR ( 'NONE', #5683, 1000.000000000000000 ) ;
#7722 = LINE ( 'NONE', #2918, #5389 ) ;
#7723 = VERTEX_POINT ( 'NONE', #7 ) ;
#7724 = CARTESIAN_POINT ( 'NONE',  ( 33.86666666666673819, -304.8000000000000114, 0.000000000000000000 ) ) ;
#7725 = AXIS2_PLACEMENT_3D ( 'NONE', #6023, #3211, #7327 ) ;
#7726 = PLANE ( 'NONE',  #8910 ) ;
#7727 = FACE_OUTER_BOUND ( 'NONE', #2581, .T. ) ;
#7728 = DIRECTION ( 'NONE',  ( -1.000000000000000000, -0.000000000000000000, -0.000000000000000000 ) ) ;
#7729 = SHAPE_DEFINITION_REPRESENTATION ( #6490, #746 ) ;
#7730 = ADVANCED_FACE ( 'NONE', ( #4858 ), #4816, .F. ) ;
#7731 = VECTOR ( 'NONE', #8043, 1000.000000000000000 ) ;
#7732 = EDGE_LOOP ( 'NONE', ( #7954, #2668, #1316, #5, #4039, #6054, #97, #1275, #2123, #3088, #3383, #641, #7783, #3075, #7546, #3462, #1168, #5391, #1847, #3257, #1640, #5378, #296, #2132, #8527, #3432, #6671, #3942, #6713, #2222, #7413, #1642, #4018, #4, #606, #5531, #3794, #7710, #4072, #2351, #8561, #3136, #56, #6408, #7341, #4952, #5363, #8827, #3305, #1444, #1049, #2426 ) ) ;
#7733 = LINE ( 'NONE', #213, #4887 ) ;
#7734 = ORIENTED_EDGE ( 'NONE', *, *, #1214, .F. ) ;
#7735 = ORIENTED_EDGE ( 'NONE', *, *, #593, .T. ) ;
#7736 = CARTESIAN_POINT ( 'NONE',  ( -394.5486812835924297, -114.2278101317851764, 0.000000000000000000 ) ) ;
#7737 = LINE ( 'NONE', #1708, #3138 ) ;
#7738 = LINE ( 'NONE', #864, #6924 ) ;
#7739 = ADVANCED_FACE ( 'NONE', ( #1374 ), #2092, .F. ) ;
#7740 = CARTESIAN_POINT ( 'NONE',  ( -340.3090026065290772, 25.28218986821520531, 11.81000000000000050 ) ) ;
#7741 = VECTOR ( 'NONE', #4148, 1000.000000000000000 ) ;
#7742 =( NAMED_UNIT ( * ) SI_UNIT ( $, .STERADIAN. ) SOLID_ANGLE_UNIT ( ) );
#7743 = LINE ( 'NONE', #2255, #1399 ) ;
#7744 = VECTOR ( 'NONE', #2901, 1000.000000000000000 ) ;
#7745 = VERTEX_POINT ( 'NONE', #5405 ) ;
#7746 = EDGE_LOOP ( 'NONE', ( #3636, #2932, #4779, #5025 ) ) ;
#7747 = CARTESIAN_POINT ( 'NONE',  ( 152.4000000000000057, 304.8000000000000114, 0.000000000000000000 ) ) ;
#7748 = CARTESIAN_POINT ( 'NONE',  ( 152.3999999999999773, -80.73000000000001819, 11.81000000000000050 ) ) ;
#7749 = ADVANCED_FACE ( 'NONE', ( #7488 ), #696, .T. ) ;
#7750 = VECTOR ( 'NONE', #4668, 1000.000000000000000 ) ;
#7751 = ORIENTED_EDGE ( 'NONE', *, *, #4774, .F. ) ;
#7752 = CARTESIAN_POINT ( 'NONE',  ( 140.5900000000000034, -267.5900000000000318, 11.81000000000000050 ) ) ;
#7753 = CARTESIAN_POINT ( 'NONE',  ( 33.86666666666673819, 304.8000000000000114, 0.000000000000000000 ) ) ;
#7754 = EDGE_LOOP ( 'NONE', ( #1466, #1671, #2731, #6846 ) ) ;
#7755 = CARTESIAN_POINT ( 'NONE',  ( -292.9900000000000091, -99.73508208504048866, 11.81000000000000050 ) ) ;
#7756 = VERTEX_POINT ( 'NONE', #4674 ) ;
#7757 = ORIENTED_EDGE ( 'NONE', *, *, #6053, .T. ) ;
#7758 = CARTESIAN_POINT ( 'NONE',  ( 140.5902906799316270, 33.43421516197587096, 0.000000000000000000 ) ) ;
#7759 = VECTOR ( 'NONE', #119, 1000.000000000000000 ) ;
#7760 = DIRECTION ( 'NONE',  ( -0.000000000000000000, -1.000000000000000000, -0.000000000000000000 ) ) ;
#7761 = EDGE_CURVE ( 'NONE', #7918, #1650, #1281, .T. ) ;
#7762 = CARTESIAN_POINT ( 'NONE',  ( -687.5386812835920409, -140.5178101317850974, 11.81000000000000050 ) ) ;
#7763 = LINE ( 'NONE', #3604, #8048 ) ;
#7764 = CARTESIAN_POINT ( 'NONE',  ( 33.86666666666673819, -292.9900000000000091, 0.000000000000000000 ) ) ;
#7765 = APPLICATION_CONTEXT ( 'automotive_design' ) ;
#7766 = ADVANCED_FACE ( 'NONE', ( #1419 ), #1233, .F. ) ;
#7767 = VECTOR ( 'NONE', #27, 1000.000000000000000 ) ;
#7768 = VECTOR ( 'NONE', #3427, 1000.000000000000000 ) ;
#7769 = VERTEX_POINT ( 'NONE', #4181 ) ;
#7770 = DIRECTION ( 'NONE',  ( 0.000000000000000000, 0.000000000000000000, 1.000000000000000000 ) ) ;
#7771 = AXIS2_PLACEMENT_3D ( 'NONE', #4340, #3661, #1486 ) ;
#7772 = VECTOR ( 'NONE', #1605, 1000.000000000000000 ) ;
#7773 = CARTESIAN_POINT ( 'NONE',  ( -687.5386812835920409, -50.72781013178524034, 0.000000000000000000 ) ) ;
#7774 = DIRECTION ( 'NONE',  ( 0.000000000000000000, -0.000000000000000000, 1.000000000000000000 ) ) ;
#7775 = DIRECTION ( 'NONE',  ( 0.000000000000000000, 0.000000000000000000, 1.000000000000000000 ) ) ;
#7776 = ITEM_DEFINED_TRANSFORMATION ( 'NONE', 'NONE', #6801,  #3886 ) ;
#7777 = VECTOR ( 'NONE', #7077, 1000.000000000000000 ) ;
#7778 = LINE ( 'NONE', #7057, #1337 ) ;
#7779 = ORIENTED_EDGE ( 'NONE', *, *, #4136, .T. ) ;
#7780 = FACE_OUTER_BOUND ( 'NONE', #1637, .T. ) ;
#7781 = ORIENTED_EDGE ( 'NONE', *, *, #4041, .F. ) ;
#7782 = EDGE_CURVE ( 'NONE', #3030, #6560, #6225, .T. ) ;
#7783 = ORIENTED_EDGE ( 'NONE', *, *, #8496, .T. ) ;
#7784 = LINE ( 'NONE', #7909, #7502 ) ;
#7785 = CARTESIAN_POINT ( 'NONE',  ( 279.4000000000043542, 419.9897093200684139, 0.000000000000000000 ) ) ;
#7786 = DIRECTION ( 'NONE',  ( -0.000000000000000000, -0.000000000000000000, 1.000000000000000000 ) ) ;
#7787 = PRODUCT_DEFINITION_SHAPE ( 'NONE', 'NONE',  #7170 ) ;
#7788 = VECTOR ( 'NONE', #2606, 1000.000000000000000 ) ;
#7789 = DIRECTION ( 'NONE',  ( 0.000000000000000000, 1.000000000000000000, 0.000000000000000000 ) ) ;
#7790 = VECTOR ( 'NONE', #7322, 1000.000000000000000 ) ;
#7791 = LINE ( 'NONE', #4349, #5012 ) ;
#7792 = EDGE_CURVE ( 'NONE', #8716, #7673, #2812, .T. ) ;
#7793 =( GEOMETRIC_REPRESENTATION_CONTEXT ( 3 ) GLOBAL_UNCERTAINTY_ASSIGNED_CONTEXT ( ( #2378 ) ) GLOBAL_UNIT_ASSIGNED_CONTEXT ( ( #1613, #2467, #3873 ) ) REPRESENTATION_CONTEXT ( 'NONE', 'WORKASPACE' ) );
#7794 = ORIENTED_EDGE ( 'NONE', *, *, #4172, .T. ) ;
#7795 = CARTESIAN_POINT ( 'NONE',  ( 140.5900000000000034, -106.1299999999999955, 0.000000000000000000 ) ) ;
#7796 = CARTESIAN_POINT ( 'NONE',  ( -346.6871619467640357, 0.000000000000000000, -616.1005700363344886 ) ) ;
#7797 = MECHANICAL_DESIGN_GEOMETRIC_PRESENTATION_REPRESENTATION (  '', ( #5489 ), #7369 ) ;
#7798 =( NAMED_UNIT ( * ) PLANE_ANGLE_UNIT ( ) SI_UNIT ( $, .RADIAN. ) );
#7799 = VERTEX_POINT ( 'NONE', #2769 ) ;
#7800 = CARTESIAN_POINT ( 'NONE',  ( 152.4002906799316008, -4.665784838024103820, 0.000000000000000000 ) ) ;
#7801 = VERTEX_POINT ( 'NONE', #3992 ) ;
#7802 = CARTESIAN_POINT ( 'NONE',  ( 292.9900000000000091, 32.38825124829293145, 0.000000000000000000 ) ) ;
#7803 = EDGE_CURVE ( 'NONE', #3342, #3039, #6809, .T. ) ;
#7804 = ORIENTED_EDGE ( 'NONE', *, *, #7886, .F. ) ;
#7805 = PRODUCT_DEFINITION_FORMATION_WITH_SPECIFIED_SOURCE ( 'ANY', '', #115, .NOT_KNOWN. ) ;
#7806 = ORIENTED_EDGE ( 'NONE', *, *, #1728, .F. ) ;
#7807 = CARTESIAN_POINT ( 'NONE',  ( -292.9900000000000091, -52.27841541837379680, 0.000000000000000000 ) ) ;
#7808 = DIRECTION ( 'NONE',  ( 0.000000000000000000, 0.000000000000000000, 1.000000000000000000 ) ) ;
#7809 = LINE ( 'NONE', #885, #2706 ) ;
#7810 = PLANE ( 'NONE',  #6878 ) ;
#7811 = CARTESIAN_POINT ( 'NONE',  ( 80.73000000000001819, -111.5450820850404767, 0.000000000000000000 ) ) ;
#7812 = CARTESIAN_POINT ( 'NONE',  ( -25.39999999999567493, 457.1997093200683935, 11.81000000000000050 ) ) ;
#7813 = EDGE_CURVE ( 'NONE', #260, #6628, #2005, .T. ) ;
#7814 = ORIENTED_EDGE ( 'NONE', *, *, #567, .T. ) ;
#7815 = DIRECTION ( 'NONE',  ( 0.000000000000000000, 1.000000000000000000, 0.000000000000000000 ) ) ;
#7816 = EDGE_CURVE ( 'NONE', #7664, #7918, #4773, .T. ) ;
#7817 = LINE ( 'NONE', #5104, #3850 ) ;
#7818 = CARTESIAN_POINT ( 'NONE',  ( -457.1999999999999886, -4.665784838024156223, 0.000000000000000000 ) ) ;
#7819 = DIRECTION ( 'NONE',  ( -0.000000000000000000, 0.000000000000000000, -1.000000000000000000 ) ) ;
#7820 = PLANE ( 'NONE',  #1229 ) ;
#7821 = APPLICATION_PROTOCOL_DEFINITION ( 'draft international standard', 'automotive_design', 1998, #2961 ) ;
#7822 = PRODUCT_DEFINITION_CONTEXT ( 'detailed design', #3434, 'design' ) ;
#7823 = LINE ( 'NONE', #5836, #1901 ) ;
#7824 = ORIENTED_EDGE ( 'NONE', *, *, #6351, .T. ) ;
#7825 = CARTESIAN_POINT ( 'NONE',  ( 4.402728182029136406E-12, -152.4002906799316861, 0.000000000000000000 ) ) ;
#7826 = ORIENTED_EDGE ( 'NONE', *, *, #5171, .F. ) ;
#7827 = ORIENTED_EDGE ( 'NONE', *, *, #5396, .F. ) ;
#7828 = LINE ( 'NONE', #3112, #4596 ) ;
#7829 = CARTESIAN_POINT ( 'NONE',  ( 304.7999999999999545, 66.25491791495960570, 0.000000000000000000 ) ) ;
#7830 = LINE ( 'NONE', #4893, #407 ) ;
#7831 = FACE_OUTER_BOUND ( 'NONE', #8744, .T. ) ;
#7832 = EDGE_CURVE ( 'NONE', #1333, #488, #5541, .T. ) ;
#7833 = CARTESIAN_POINT ( 'NONE',  ( -394.5486812835924297, -76.12781013178522471, 0.000000000000000000 ) ) ;
#7834 = AXIS2_PLACEMENT_3D ( 'NONE', #4529, #6578, #5177 ) ;
#7835 = ORIENTED_EDGE ( 'NONE', *, *, #7857, .T. ) ;
#7836 = VERTEX_POINT ( 'NONE', #6851 ) ;
#7837 = DIRECTION ( 'NONE',  ( 0.000000000000000000, 0.000000000000000000, -1.000000000000000000 ) ) ;
#7838 = LINE ( 'NONE', #1634, #8502 ) ;
#7839 = VECTOR ( 'NONE', #2775, 1000.000000000000000 ) ;
#7840 = EDGE_CURVE ( 'NONE', #4055, #2634, #3415, .T. ) ;
#7841 = ORIENTED_EDGE ( 'NONE', *, *, #735, .T. ) ;
#7842 = CARTESIAN_POINT ( 'NONE',  ( -172.4989142387372567, 0.000000000000000000, -1294.423107283573927 ) ) ;
#7843 = VERTEX_POINT ( 'NONE', #2049 ) ;
#7844 = LINE ( 'NONE', #148, #2648 ) ;
#7845 = ORIENTED_EDGE ( 'NONE', *, *, #1892, .T. ) ;
#7846 = ORIENTED_EDGE ( 'NONE', *, *, #8830, .T. ) ;
#7847 = DIRECTION ( 'NONE',  ( 0.000000000000000000, -1.000000000000000000, 0.000000000000000000 ) ) ;
#7848 = PLANE ( 'NONE',  #2811 ) ;
#7849 = CARTESIAN_POINT ( 'NONE',  ( -59.12900260652914852, 50.68218986821523941, 11.81000000000000050 ) ) ;
#7850 = DIRECTION ( 'NONE',  ( 0.000000000000000000, 0.000000000000000000, 1.000000000000000000 ) ) ;
#7851 = CARTESIAN_POINT ( 'NONE',  ( 139.7000000000043087, 457.1997093200683935, 0.000000000000000000 ) ) ;
#7852 = ORIENTED_EDGE ( 'NONE', *, *, #5910, .T. ) ;
#7853 = PRODUCT ( 'Petrov', 'Petrov', '', ( #2035 ) ) ;
#7854 = CARTESIAN_POINT ( 'NONE',  ( -382.7386812835923138, -76.12781013178522471, 0.000000000000000000 ) ) ;
#7855 = CARTESIAN_POINT ( 'NONE',  ( -304.8000000000000114, 91.65491791495955454, 0.000000000000000000 ) ) ;
#7856 = CARTESIAN_POINT ( 'NONE',  ( -25.40000000000000213, 11.81000000000000050, 164.2100000000000364 ) ) ;
#7857 = EDGE_CURVE ( 'NONE', #1496, #8677, #6941, .T. ) ;
#7858 = LINE ( 'NONE', #7271, #8455 ) ;
#7859 = DIRECTION ( 'NONE',  ( 1.000000000000000000, 1.706325926237332771E-16, 0.000000000000000000 ) ) ;
#7860 = ORIENTED_EDGE ( 'NONE', *, *, #1700, .F. ) ;
#7861 = SURFACE_STYLE_USAGE ( .BOTH. , #1746 ) ;
#7862 = ORIENTED_EDGE ( 'NONE', *, *, #1214, .T. ) ;
#7863 = VECTOR ( 'NONE', #6422, 1000.000000000000000 ) ;
#7864 = EDGE_LOOP ( 'NONE', ( #2163, #1870, #47, #911 ) ) ;
#7865 = SURFACE_STYLE_USAGE ( .BOTH. , #5884 ) ;
#7866 = DIRECTION ( 'NONE',  ( -1.092739197465705287E-15, 1.000000000000000000, 0.000000000000000000 ) ) ;
#7867 = CARTESIAN_POINT ( 'NONE',  ( -457.1999999999999886, 20.73421516197585035, 0.000000000000000000 ) ) ;
#7868 = ADVANCED_FACE ( 'NONE', ( #6443 ), #5676, .F. ) ;
#7869 = CARTESIAN_POINT ( 'NONE',  ( 279.4000000000043542, 139.6997093200683935, 0.000000000000000000 ) ) ;
#7870 = CARTESIAN_POINT ( 'NONE',  ( 199.7190026065291022, 304.8000000000000114, 152.5178101317847279 ) ) ;
#7871 = AXIS2_PLACEMENT_3D ( 'NONE', #219, #7789, #5079 ) ;
#7872 = EDGE_CURVE ( 'NONE', #1396, #8284, #6488, .T. ) ;
#7873 = DIRECTION ( 'NONE',  ( -1.000000000000000000, -1.706325926237332771E-16, 0.000000000000000000 ) ) ;
#7874 = ORIENTED_EDGE ( 'NONE', *, *, #4904, .F. ) ;
#7875 = VERTEX_POINT ( 'NONE', #7796 ) ;
#7876 = SURFACE_STYLE_USAGE ( .BOTH. , #4525 ) ;
#7877 = VECTOR ( 'NONE', #8185, 1000.000000000000000 ) ;
#7878 = DIRECTION ( 'NONE',  ( 2.175315503602243824E-16, -1.000000000000000000, 0.000000000000000000 ) ) ;
#7879 = ORIENTED_EDGE ( 'NONE', *, *, #4493, .T. ) ;
#7880 = LINE ( 'NONE', #5903, #3927 ) ;
#7881 = PLANE ( 'NONE',  #6884 ) ;
#7882 = VECTOR ( 'NONE', #6996, 1000.000000000000000 ) ;
#7883 = VERTEX_POINT ( 'NONE', #3633 ) ;
#7884 = ORIENTED_EDGE ( 'NONE', *, *, #5630, .T. ) ;
#7885 = ORIENTED_EDGE ( 'NONE', *, *, #2038, .F. ) ;
#7886 = EDGE_CURVE ( 'NONE', #6611, #1882, #4311, .T. ) ;
#7887 = CARTESIAN_POINT ( 'NONE',  ( -152.3999999999999773, -292.9900000000000091, 11.81000000000000050 ) ) ;
#7888 = AXIS2_PLACEMENT_3D ( 'NONE', #6183, #6665, #8118 ) ;
#7889 = DIRECTION ( 'NONE',  ( 1.000000000000000000, 0.000000000000000000, -0.000000000000000000 ) ) ;
#7890 = CARTESIAN_POINT ( 'NONE',  ( -152.3999999999999773, 304.8000000000000114, 0.000000000000000000 ) ) ;
#7891 = FACE_OUTER_BOUND ( 'NONE', #8657, .T. ) ;
#7892 = ORIENTED_EDGE ( 'NONE', *, *, #6936, .T. ) ;
#7893 = AXIS2_PLACEMENT_3D ( 'NONE', #7283, #1799, #1080 ) ;
#7894 = VERTEX_POINT ( 'NONE', #6399 ) ;
#7895 = EDGE_CURVE ( 'NONE', #1812, #1631, #2260, .T. ) ;
#7896 = LINE ( 'NONE', #3869, #6471 ) ;
#7897 = FACE_OUTER_BOUND ( 'NONE', #7144, .T. ) ;
#7898 = DIRECTION ( 'NONE',  ( 1.706325926237332771E-16, -1.000000000000000000, 0.000000000000000000 ) ) ;
#7899 = FACE_OUTER_BOUND ( 'NONE', #8036, .T. ) ;
#7900 = VECTOR ( 'NONE', #5161, 1000.000000000000000 ) ;
#7901 = LINE ( 'NONE', #2928, #453 ) ;
#7902 = ORIENTED_EDGE ( 'NONE', *, *, #3887, .F. ) ;
#7903 = VECTOR ( 'NONE', #1392, 1000.000000000000000 ) ;
#7904 = EDGE_CURVE ( 'NONE', #4337, #8060, #1591, .T. ) ;
#7905 =( NAMED_UNIT ( * ) PLANE_ANGLE_UNIT ( ) SI_UNIT ( $, .RADIAN. ) );
#7906 = VECTOR ( 'NONE', #1876, 1000.000000000000000 ) ;
#7907 = EDGE_LOOP ( 'NONE', ( #3764, #3727, #5626, #7846 ) ) ;
#7908 = ORIENTED_EDGE ( 'NONE', *, *, #828, .F. ) ;
#7909 = CARTESIAN_POINT ( 'NONE',  ( -304.8000000000000114, 6.988251248292873363, 11.81000000000000050 ) ) ;
#7910 = LINE ( 'NONE', #2250, #5456 ) ;
#7911 = CARTESIAN_POINT ( 'NONE',  ( -139.6998546600342195, -4.665784838024212178, 11.81000000000000050 ) ) ;
#7912 = CARTESIAN_POINT ( 'NONE',  ( -25.39999999999999147, 11.81000000000000050, -304.8000000000000114 ) ) ;
#7913 = DIRECTION ( 'NONE',  ( -0.8660254037844415942, 1.479114197289396697E-31, 0.4999999999999947820 ) ) ;
#7914 = AXIS2_PLACEMENT_3D ( 'NONE', #6385, #8457, #2977 ) ;
#7915 = VECTOR ( 'NONE', #6620, 1000.000000000000000 ) ;
#7916 = CARTESIAN_POINT ( 'NONE',  ( -59.26666666666662309, 304.8000000000000114, 11.81000000000000050 ) ) ;
#7917 = EDGE_CURVE ( 'NONE', #1118, #5954, #2856, .T. ) ;
#7918 = VERTEX_POINT ( 'NONE', #3041 ) ;
#7919 = VECTOR ( 'NONE', #6179, 1000.000000000000000 ) ;
#7920 = ORIENTED_EDGE ( 'NONE', *, *, #1128, .F. ) ;
#7922 = DIRECTION ( 'NONE',  ( 2.900420671469659582E-16, -1.000000000000000000, 0.000000000000000000 ) ) ;
#7921 = VECTOR ( 'NONE', #4069, 1000.000000000000000 ) ;
#7923 = EDGE_CURVE ( 'NONE', #246, #6628, #773, .T. ) ;
#7924 = CARTESIAN_POINT ( 'NONE',  ( -394.5486812835924297, -152.3278101317851281, 11.81000000000000050 ) ) ;
#7925 = PRODUCT_DEFINITION_SHAPE ( 'NONE', 'NONE',  #8942 ) ;
#7926 = VECTOR ( 'NONE', #8915, 1000.000000000000000 ) ;
#7927 = EDGE_LOOP ( 'NONE', ( #4097, #6907, #4350, #2339 ) ) ;
#7928 = CARTESIAN_POINT ( 'NONE',  ( -223.2989142387372681, 11.81000000000000050, -1142.023107283573609 ) ) ;
#7929 = CARTESIAN_POINT ( 'NONE',  ( 114.3000000000043030, -140.5902906799316554, 0.000000000000000000 ) ) ;
#7930 = ORIENTED_EDGE ( 'NONE', *, *, #8028, .F. ) ;
#7931 = VERTEX_POINT ( 'NONE', #8428 ) ;
#7932 = EDGE_CURVE ( 'NONE', #7498, #3346, #8385, .T. ) ;
#7933 = ORIENTED_EDGE ( 'NONE', *, *, #4514, .T. ) ;
#7934 = EDGE_CURVE ( 'NONE', #1925, #6611, #2992, .T. ) ;
#7935 = CARTESIAN_POINT ( 'NONE',  ( -140.5900000000000034, 267.5900000000000318, 11.81000000000000050 ) ) ;
#7936 = MECHANICAL_DESIGN_GEOMETRIC_PRESENTATION_REPRESENTATION (  '', ( #3466 ), #4182 ) ;
#7937 = FACE_OUTER_BOUND ( 'NONE', #2902, .T. ) ;
#7938 = FACE_OUTER_BOUND ( 'NONE', #4607, .T. ) ;
#7939 = LINE ( 'NONE', #6589, #4499 ) ;
#7940 = EDGE_CURVE ( 'NONE', #6131, #6661, #2176, .T. ) ;
#7941 = ORIENTED_EDGE ( 'NONE', *, *, #7558, .T. ) ;
#7942 = DIRECTION ( 'NONE',  ( 2.014845802307676854E-15, 1.000000000000000000, 0.000000000000000000 ) ) ;
#7943 = EDGE_LOOP ( 'NONE', ( #3115, #7287, #1823, #3621 ) ) ;
#7944 = DIRECTION ( 'NONE',  ( 1.000000000000000000, -9.106159978880874930E-17, 0.000000000000000000 ) ) ;
#7945 = DIRECTION ( 'NONE',  ( -0.000000000000000000, -0.000000000000000000, 1.000000000000000000 ) ) ;
#7946 = CARTESIAN_POINT ( 'NONE',  ( -59.26666666666662309, 304.8000000000000114, 0.000000000000000000 ) ) ;
#7947 = DIRECTION ( 'NONE',  ( 1.000000000000000000, 0.000000000000000000, 0.000000000000000000 ) ) ;
#7948 = AXIS2_PLACEMENT_3D ( 'NONE', #1213, #4702, #7606 ) ;
#7949 = DIRECTION ( 'NONE',  ( -0.000000000000000000, -0.000000000000000000, 1.000000000000000000 ) ) ;
#7950 = EDGE_CURVE ( 'NONE', #5820, #2874, #3677, .T. ) ;
#7951 = EDGE_LOOP ( 'NONE', ( #8152, #2520, #630, #3800 ) ) ;
#7952 = DIRECTION ( 'NONE',  ( 0.000000000000000000, -0.000000000000000000, 1.000000000000000000 ) ) ;
#7953 = CARTESIAN_POINT ( 'NONE',  ( -139.6998546600342195, -4.665784838024212178, 0.000000000000000000 ) ) ;
#7954 = ORIENTED_EDGE ( 'NONE', *, *, #2427, .F. ) ;
#7955 = ORIENTED_EDGE ( 'NONE', *, *, #5129, .F. ) ;
#7956 = DIRECTION ( 'NONE',  ( 1.706325926237332771E-16, -1.000000000000000000, 0.000000000000000000 ) ) ;
#7957 = PLANE ( 'NONE',  #3430 ) ;
#7958 = LINE ( 'NONE', #6610, #5624 ) ;
#7959 = ORIENTED_EDGE ( 'NONE', *, *, #4483, .F. ) ;
#7960 = FACE_OUTER_BOUND ( 'NONE', #1777, .T. ) ;
#7961 = DIRECTION ( 'NONE',  ( -5.987523604105477544E-30, -1.000000000000000000, 1.387778780781445367E-17 ) ) ;
#7962 = CARTESIAN_POINT ( 'NONE',  ( 304.8000000000000114, -86.14508208504039999, 11.81000000000000050 ) ) ;
#7963 = ORIENTED_EDGE ( 'NONE', *, *, #4673, .T. ) ;
#7964 = VERTEX_POINT ( 'NONE', #91 ) ;
#7965 = CARTESIAN_POINT ( 'NONE',  ( -394.5486812835923160, -126.9278101317851082, 11.81000000000000050 ) ) ;
#7966 = DIRECTION ( 'NONE',  ( -1.000000000000000000, -1.706325926237332771E-16, 0.000000000000000000 ) ) ;
#7967 = EDGE_CURVE ( 'NONE', #3225, #6220, #4263, .T. ) ;
#7968 = STYLED_ITEM ( 'NONE', ( #7542 ), #113 ) ;
#7969 = ORIENTED_EDGE ( 'NONE', *, *, #2087, .T. ) ;
#7970 = LINE ( 'NONE', #6495, #2393 ) ;
#7971 = EDGE_CURVE ( 'NONE', #5988, #960, #139, .T. ) ;
#7972 = ORIENTED_EDGE ( 'NONE', *, *, #8267, .F. ) ;
#7973 = VERTEX_POINT ( 'NONE', #2135 ) ;
#7974 = EDGE_LOOP ( 'NONE', ( #3832, #4484, #1672, #4512 ) ) ;
#7975 = VECTOR ( 'NONE', #8525, 1000.000000000000000 ) ;
#7976 = CARTESIAN_POINT ( 'NONE',  ( -152.3999999999999773, -304.8000000000000114, 11.81000000000000050 ) ) ;
#7977 = PLANE ( 'NONE',  #933 ) ;
#7978 = EDGE_CURVE ( 'NONE', #6639, #3810, #4990, .T. ) ;
#7979 = CARTESIAN_POINT ( 'NONE',  ( -233.5856692731958617, -140.7078101317848109, 0.000000000000000000 ) ) ;
#7980 = ORIENTED_EDGE ( 'NONE', *, *, #6496, .F. ) ;
#7981 = EDGE_CURVE ( 'NONE', #438, #2624, #873, .T. ) ;
#7982 = ORIENTED_EDGE ( 'NONE', *, *, #2461, .T. ) ;
#7983 = CARTESIAN_POINT ( 'NONE',  ( -292.9900000000000091, -26.87841541837379111, 0.000000000000000000 ) ) ;
#7984 = VERTEX_POINT ( 'NONE', #5085 ) ;
#7985 = CARTESIAN_POINT ( 'NONE',  ( -223.2989142387372681, 0.000000000000000000, -1294.423107283573700 ) ) ;
#7986 = DIRECTION ( 'NONE',  ( -0.000000000000000000, -0.000000000000000000, 1.000000000000000000 ) ) ;
#7987 = EDGE_CURVE ( 'NONE', #8736, #2453, #7838, .T. ) ;
#7988 = CARTESIAN_POINT ( 'NONE',  ( 152.4002906799316008, 33.43421516197587096, 11.81000000000000050 ) ) ;
#7989 = LINE ( 'NONE', #3153, #5202 ) ;
#7990 = CARTESIAN_POINT ( 'NONE',  ( -13.58999999999560160, 139.6997093200683935, 0.000000000000000000 ) ) ;
#7991 = ITEM_DEFINED_TRANSFORMATION ( 'NONE', 'NONE', #5797,  #3886 ) ;
#7992 = CARTESIAN_POINT ( 'NONE',  ( 4.402728182029136406E-12, 457.1997093200683935, 11.81000000000000050 ) ) ;
#7993 = VERTEX_POINT ( 'NONE', #4905 ) ;
#7994 = CARTESIAN_POINT ( 'NONE',  ( -59.12900260652909168, -127.1178101317847791, 0.000000000000000000 ) ) ;
#7995 = ORIENTED_EDGE ( 'NONE', *, *, #1505, .F. ) ;
#7996 = DIRECTION ( 'NONE',  ( 0.000000000000000000, -0.000000000000000000, 1.000000000000000000 ) ) ;
#7997 = EDGE_CURVE ( 'NONE', #1396, #2867, #1463, .T. ) ;
#7998 = LINE ( 'NONE', #4515, #2841 ) ;
#7999 = FACE_OUTER_BOUND ( 'NONE', #2766, .T. ) ;
#8000 = VERTEX_POINT ( 'NONE', #5173 ) ;
#8001 = LINE ( 'NONE', #1077, #3397 ) ;
#8002 = DIRECTION ( 'NONE',  ( 0.000000000000000000, 0.000000000000000000, -1.000000000000000000 ) ) ;
#8003 = FACE_OUTER_BOUND ( 'NONE', #4533, .T. ) ;
#8004 = VECTOR ( 'NONE', #6033, 1000.000000000000000 ) ;
#8005 = VERTEX_POINT ( 'NONE', #411 ) ;
#8006 = ADVANCED_FACE ( 'NONE', ( #7289 ), #1674, .F. ) ;
#8007 = ORIENTED_EDGE ( 'NONE', *, *, #8424, .F. ) ;
#8008 = CARTESIAN_POINT ( 'NONE',  ( -13.58999999999560160, 419.9897093200684139, 0.000000000000000000 ) ) ;
#8009 = CARTESIAN_POINT ( 'NONE',  ( -457.1999999999999886, 58.83421516197583401, 11.81000000000000050 ) ) ;
#8010 = VECTOR ( 'NONE', #5312, 1000.000000000000000 ) ;
#8011 =( NAMED_UNIT ( * ) SI_UNIT ( $, .STERADIAN. ) SOLID_ANGLE_UNIT ( ) );
#8012 = ORIENTED_EDGE ( 'NONE', *, *, #1523, .T. ) ;
#8013 = DIRECTION ( 'NONE',  ( -1.000000000000000000, -1.706325926237332771E-16, 0.000000000000000000 ) ) ;
#8014 = PLANE ( 'NONE',  #6594 ) ;
#8015 = ORIENTED_EDGE ( 'NONE', *, *, #7230, .F. ) ;
#8016 = ORIENTED_EDGE ( 'NONE', *, *, #5929, .T. ) ;
#8017 = VECTOR ( 'NONE', #1741, 1000.000000000000000 ) ;
#8018 = ORIENTED_EDGE ( 'NONE', *, *, #4803, .T. ) ;
#8019 = EDGE_CURVE ( 'NONE', #2499, #6938, #6530, .T. ) ;
#8020 = CARTESIAN_POINT ( 'NONE',  ( 267.5900000000000318, -111.5450820850404909, 0.000000000000000000 ) ) ;
#8021 = FACE_OUTER_BOUND ( 'NONE', #3420, .T. ) ;
#8022 = DIRECTION ( 'NONE',  ( 1.000000000000000000, 0.000000000000000000, -0.000000000000000000 ) ) ;
#8023 = LINE ( 'NONE', #8536, #5285 ) ;
#8024 = ORIENTED_EDGE ( 'NONE', *, *, #8720, .T. ) ;
#8025 = VERTEX_POINT ( 'NONE', #8009 ) ;
#8026 = CARTESIAN_POINT ( 'NONE',  ( 152.4002906799316008, 20.73421516197590009, 0.000000000000000000 ) ) ;
#8027 = EDGE_LOOP ( 'NONE', ( #7390, #1413, #8295, #5102 ) ) ;
#8028 = EDGE_CURVE ( 'NONE', #4294, #2607, #3176, .T. ) ;
#8029 = DIRECTION ( 'NONE',  ( 1.000000000000000000, 0.000000000000000000, 0.000000000000000000 ) ) ;
#8030 = VECTOR ( 'NONE', #6901, 1000.000000000000000 ) ;
#8031 = CARTESIAN_POINT ( 'NONE',  ( 279.4000000000043542, 165.0997093200683992, 11.81000000000000050 ) ) ;
#8032 = EDGE_CURVE ( 'NONE', #5959, #5930, #1805, .T. ) ;
#8033 = CARTESIAN_POINT ( 'NONE',  ( -33.86666666666661740, 304.8000000000000114, 11.81000000000000050 ) ) ;
#8034 = VECTOR ( 'NONE', #4899, 1000.000000000000000 ) ;
#8035 = LINE ( 'NONE', #2471, #8700 ) ;
#8036 = EDGE_LOOP ( 'NONE', ( #5235, #8394, #2383, #7075 ) ) ;
#8037 = DIRECTION ( 'NONE',  ( 0.000000000000000000, 0.000000000000000000, 1.000000000000000000 ) ) ;
#8038 = VERTEX_POINT ( 'NONE', #2484 ) ;
#8039 = VECTOR ( 'NONE', #1524, 1000.000000000000000 ) ;
#8040 = FACE_OUTER_BOUND ( 'NONE', #4422, .T. ) ;
#8041 = DIRECTION ( 'NONE',  ( -0.000000000000000000, -0.000000000000000000, 1.000000000000000000 ) ) ;
#8042 = VERTEX_POINT ( 'NONE', #1087 ) ;
#8043 = DIRECTION ( 'NONE',  ( -1.000000000000000000, -1.706325926237332771E-16, 0.000000000000000000 ) ) ;
#8044 = DIRECTION ( 'NONE',  ( -0.4999999999999952260, 4.409062787713184523E-17, -0.8660254037844413721 ) ) ;
#8045 =( REPRESENTATION_RELATIONSHIP ('NONE','NONE', #853, #2302 ) REPRESENTATION_RELATIONSHIP_WITH_TRANSFORMATION ( #6467 )SHAPE_REPRESENTATION_RELATIONSHIP( ) );
#8046 = VECTOR ( 'NONE', #8037, 1000.000000000000000 ) ;
#8047 = CARTESIAN_POINT ( 'NONE',  ( -304.8000000000000114, -26.87841541837379111, 0.000000000000000000 ) ) ;
#8048 = VECTOR ( 'NONE', #7174, 1000.000000000000000 ) ;
#8049 = ADVANCED_FACE ( 'NONE', ( #5302 ), #5258, .F. ) ;
#8050 = ORIENTED_EDGE ( 'NONE', *, *, #1769, .F. ) ;
#8051 = ORIENTED_EDGE ( 'NONE', *, *, #7267, .T. ) ;
#8052 = CARTESIAN_POINT ( 'NONE',  ( -340.3090026065290772, -33.98447679845147462, 11.81000000000000050 ) ) ;
#8053 = CARTESIAN_POINT ( 'NONE',  ( 292.9900000000000091, 91.65491791495954033, 0.000000000000000000 ) ) ;
#8054 = VECTOR ( 'NONE', #6235, 1000.000000000000000 ) ;
#8055 = VECTOR ( 'NONE', #1461, 1000.000000000000000 ) ;
#8056 = EDGE_CURVE ( 'NONE', #8529, #6560, #2354, .T. ) ;
#8057 = ORIENTED_EDGE ( 'NONE', *, *, #1879, .T. ) ;
#8058 = FILL_AREA_STYLE_COLOUR ( '', #4652 ) ;
#8059 = DIRECTION ( 'NONE',  ( 2.937719688360373903E-16, -1.000000000000000000, -0.000000000000000000 ) ) ;
#8060 = VERTEX_POINT ( 'NONE', #4572 ) ;
#8061 = ORIENTED_EDGE ( 'NONE', *, *, #1007, .T. ) ;
#8062 = VECTOR ( 'NONE', #4621, 1000.000000000000000 ) ;
#8063 = VECTOR ( 'NONE', #1361, 1000.000000000000000 ) ;
#8064 = ORIENTED_EDGE ( 'NONE', *, *, #474, .F. ) ;
#8065 = DIRECTION ( 'NONE',  ( 1.000000000000000000, 0.000000000000000000, 0.000000000000000000 ) ) ;
#8066 = CARTESIAN_POINT ( 'NONE',  ( -408.1386812835921774, -152.3278101317849860, 0.000000000000000000 ) ) ;
#8067 = LINE ( 'NONE', #7439, #5274 ) ;
#8068 = AXIS2_PLACEMENT_3D ( 'NONE', #4332, #4968, #7774 ) ;
#8069 = DIRECTION ( 'NONE',  ( 0.000000000000000000, -0.000000000000000000, 1.000000000000000000 ) ) ;
#8070 = AXIS2_PLACEMENT_3D ( 'NONE', #3340, #6828, #3384 ) ;
#8071 = ORIENTED_EDGE ( 'NONE', *, *, #7041, .F. ) ;
#8072 = ORIENTED_EDGE ( 'NONE', *, *, #2819, .F. ) ;
#8073 = DIRECTION ( 'NONE',  ( 1.706325926237332771E-16, -1.000000000000000000, -0.000000000000000000 ) ) ;
#8074 = ORIENTED_EDGE ( 'NONE', *, *, #1223, .T. ) ;
#8075 =( GEOMETRIC_REPRESENTATION_CONTEXT ( 3 ) GLOBAL_UNCERTAINTY_ASSIGNED_CONTEXT ( ( #8711 ) ) GLOBAL_UNIT_ASSIGNED_CONTEXT ( ( #471, #7453, #4737 ) ) REPRESENTATION_CONTEXT ( 'NONE', 'WORKASPACE' ) );
#8076 = DIRECTION ( 'NONE',  ( 0.000000000000000000, -1.000000000000000000, 0.000000000000000000 ) ) ;
#8077 = DIRECTION ( 'NONE',  ( 0.000000000000000000, 1.000000000000000000, 0.000000000000000000 ) ) ;
#8078 = DIRECTION ( 'NONE',  ( 0.000000000000000000, -0.000000000000000000, 1.000000000000000000 ) ) ;
#8079 = PLANE ( 'NONE',  #211 ) ;
#8080 = CONTEXT_DEPENDENT_SHAPE_REPRESENTATION ( #5452, #8361 ) ;
#8081 = UNCERTAINTY_MEASURE_WITH_UNIT (LENGTH_MEASURE( 1.000000000000000082E-05 ), #6575, 'distance_accuracy_value', 'NONE');
#8082 =( GEOMETRIC_REPRESENTATION_CONTEXT ( 3 ) GLOBAL_UNCERTAINTY_ASSIGNED_CONTEXT ( ( #5748 ) ) GLOBAL_UNIT_ASSIGNED_CONTEXT ( ( #6082, #6844, #4850 ) ) REPRESENTATION_CONTEXT ( 'NONE', 'WORKASPACE' ) );
#8083 = ADVANCED_FACE ( 'NONE', ( #7204 ), #6621, .T. ) ;
#8084 = PLANE ( 'NONE',  #8121 ) ;
#8085 = ORIENTED_EDGE ( 'NONE', *, *, #4534, .F. ) ;
#8086 = EDGE_CURVE ( 'NONE', #6882, #4308, #1044, .T. ) ;
#8087 = CARTESIAN_POINT ( 'NONE',  ( -394.5486812835924297, -76.12781013178522471, 11.81000000000000050 ) ) ;
#8088 =( GEOMETRIC_REPRESENTATION_CONTEXT ( 3 ) GLOBAL_UNCERTAINTY_ASSIGNED_CONTEXT ( ( #6823 ) ) GLOBAL_UNIT_ASSIGNED_CONTEXT ( ( #5808, #2348, #6434 ) ) REPRESENTATION_CONTEXT ( 'NONE', 'WORKASPACE' ) );
#8089 = ORIENTED_EDGE ( 'NONE', *, *, #4991, .F. ) ;
#8090 = FACE_OUTER_BOUND ( 'NONE', #4648, .T. ) ;
#8091 = CARTESIAN_POINT ( 'NONE',  ( -408.1386812835921774, -152.3278101317849860, 11.81000000000000050 ) ) ;
#8092 = FACE_OUTER_BOUND ( 'NONE', #8573, .T. ) ;
#8093 = ORIENTED_EDGE ( 'NONE', *, *, #8, .T. ) ;
#8094 = DIRECTION ( 'NONE',  ( -1.000000000000000000, -0.000000000000000000, 4.370956789862815627E-15 ) ) ;
#8095 = SHAPE_DEFINITION_REPRESENTATION ( #7787, #853 ) ;
#8096 = EDGE_CURVE ( 'NONE', #4999, #499, #1852, .T. ) ;
#8097 = PRODUCT_DEFINITION_FORMATION_WITH_SPECIFIED_SOURCE ( 'ANY', '', #1636, .NOT_KNOWN. ) ;
#8098 = FACE_OUTER_BOUND ( 'NONE', #7344, .T. ) ;
#8099 = VERTEX_POINT ( 'NONE', #3219 ) ;
#8100 = ORIENTED_EDGE ( 'NONE', *, *, #1714, .F. ) ;
#8101 = DIRECTION ( 'NONE',  ( -1.000000000000000000, -0.000000000000000000, -0.000000000000000000 ) ) ;
#8102 = DIRECTION ( 'NONE',  ( 0.000000000000000000, -0.000000000000000000, -1.000000000000000000 ) ) ;
#8103 = EDGE_CURVE ( 'NONE', #7875, #4038, #491, .T. ) ;
#8104 = FACE_OUTER_BOUND ( 'NONE', #5306, .T. ) ;
#8105 = ORIENTED_EDGE ( 'NONE', *, *, #8641, .T. ) ;
#8106 = CARTESIAN_POINT ( 'NONE',  ( -445.3899999999999864, 96.93421516197595622, 11.81000000000000050 ) ) ;
#8107 = CARTESIAN_POINT ( 'NONE',  ( -233.5856692731958617, -140.7078101317848393, 11.81000000000000050 ) ) ;
#8108 = ORIENTED_EDGE ( 'NONE', *, *, #4012, .T. ) ;
#8109 = ORIENTED_EDGE ( 'NONE', *, *, #3093, .F. ) ;
#8110 = ORIENTED_EDGE ( 'NONE', *, *, #6732, .F. ) ;
#8111 = DIRECTION ( 'NONE',  ( 1.000000000000000000, 0.000000000000000000, 0.000000000000000000 ) ) ;
#8112 = CARTESIAN_POINT ( 'NONE',  ( -326.7190026065292159, -152.5178101317848132, 0.000000000000000000 ) ) ;
#8113 = CARTESIAN_POINT ( 'NONE',  ( -346.6871619467640357, 11.81000000000000050, -616.1005700363344886 ) ) ;
#8114 = EDGE_CURVE ( 'NONE', #7215, #2634, #1178, .T. ) ;
#8115 = VECTOR ( 'NONE', #1238, 1000.000000000000000 ) ;
#8116 = FILL_AREA_STYLE_COLOUR ( '', #7458 ) ;
#8117 = CARTESIAN_POINT ( 'NONE',  ( -59.12900260652914852, -93.25114346511811902, 11.81000000000000050 ) ) ;
#8118 = DIRECTION ( 'NONE',  ( 0.000000000000000000, -0.000000000000000000, -1.000000000000000000 ) ) ;
#8119 = VERTEX_POINT ( 'NONE', #5127 ) ;
#8120 = ORIENTED_EDGE ( 'NONE', *, *, #2838, .F. ) ;
#8121 = AXIS2_PLACEMENT_3D ( 'NONE', #4553, #3202, #4602 ) ;
#8122 = ORIENTED_EDGE ( 'NONE', *, *, #2461, .F. ) ;
#8123 = CARTESIAN_POINT ( 'NONE',  ( -419.9900000000000091, -4.665784838024156223, 0.000000000000000000 ) ) ;
#8124 = PLANE ( 'NONE',  #1067 ) ;
#8125 = DIRECTION ( 'NONE',  ( -0.000000000000000000, -0.000000000000000000, 1.000000000000000000 ) ) ;
#8126 = DIRECTION ( 'NONE',  ( 0.000000000000000000, 0.000000000000000000, 1.000000000000000000 ) ) ;
#8127 = ITEM_DEFINED_TRANSFORMATION ( 'NONE', 'NONE', #7948,  #3886 ) ;
#8128 = VECTOR ( 'NONE', #3791, 1000.000000000000000 ) ;
#8129 = DIRECTION ( 'NONE',  ( 2.937719688360373903E-16, -1.000000000000000000, -0.000000000000000000 ) ) ;
#8130 = ORIENTED_EDGE ( 'NONE', *, *, #464, .F. ) ;
#8131 = CARTESIAN_POINT ( 'NONE',  ( -13.58999999999560160, -140.5902906799316554, 11.81000000000000050 ) ) ;
#8132 = ORIENTED_EDGE ( 'NONE', *, *, #3405, .F. ) ;
#8133 = EDGE_CURVE ( 'NONE', #6445, #3686, #2397, .T. ) ;
#8134 = CARTESIAN_POINT ( 'NONE',  ( 267.5900000000043519, 419.9897093200684139, 0.000000000000000000 ) ) ;
#8135 = LINE ( 'NONE', #4698, #7479 ) ;
#8136 = LINE ( 'NONE', #2561, #8653 ) ;
#8137 = ORIENTED_EDGE ( 'NONE', *, *, #3723, .F. ) ;
#8138 = LINE ( 'NONE', #7519, #3693 ) ;
#8139 = DIRECTION ( 'NONE',  ( 5.551115123125782702E-17, -1.734723475976794961E-18, -1.000000000000000000 ) ) ;
#8140 = CARTESIAN_POINT ( 'NONE',  ( -352.1190026065291363, 25.28218986821520531, 11.81000000000000050 ) ) ;
#8141 = ORIENTED_EDGE ( 'NONE', *, *, #1867, .T. ) ;
#8142 = VERTEX_POINT ( 'NONE', #2446 ) ;
#8143 = EDGE_CURVE ( 'NONE', #5255, #4068, #3807, .T. ) ;
#8144 = DIRECTION ( 'NONE',  ( -1.000000000000000000, -4.553079989440439314E-17, -0.000000000000000000 ) ) ;
#8145 = CARTESIAN_POINT ( 'NONE',  ( 25.40000000000001279, 11.81000000000000050, -304.8000000000000682 ) ) ;
#8146 = ADVANCED_FACE ( 'NONE', ( #3895 ), #1761, .F. ) ;
#8147 = CARTESIAN_POINT ( 'NONE',  ( -25.39999999999560387, -115.1902906799316355, 11.81000000000000050 ) ) ;
#8148 = VECTOR ( 'NONE', #2824, 1000.000000000000000 ) ;
#8149 = EDGE_LOOP ( 'NONE', ( #1736, #4813, #3518, #2178 ) ) ;
#8150 = CARTESIAN_POINT ( 'NONE',  ( -13.58999999999560160, 419.9897093200684139, 0.000000000000000000 ) ) ;
#8151 = ORIENTED_EDGE ( 'NONE', *, *, #5222, .F. ) ;
#8152 = ORIENTED_EDGE ( 'NONE', *, *, #429, .F. ) ;
#8153 = ORIENTED_EDGE ( 'NONE', *, *, #8304, .F. ) ;
#8154 = ORIENTED_EDGE ( 'NONE', *, *, #5722, .T. ) ;
#8155 = CARTESIAN_POINT ( 'NONE',  ( -13.58999999999560160, 445.3897093200684481, 0.000000000000000000 ) ) ;
#8156 = VECTOR ( 'NONE', #5936, 1000.000000000000000 ) ;
#8157 = EDGE_CURVE ( 'NONE', #5523, #4052, #5986, .T. ) ;
#8158 = DIRECTION ( 'NONE',  ( -0.000000000000000000, -0.000000000000000000, 1.000000000000000000 ) ) ;
#8159 = PLANE ( 'NONE',  #6447 ) ;
#8160 = ORIENTED_EDGE ( 'NONE', *, *, #8032, .F. ) ;
#8161 = CARTESIAN_POINT ( 'NONE',  ( -394.5486812835923160, -88.82781013178517071, 0.000000000000000000 ) ) ;
#8162 = DIRECTION ( 'NONE',  ( 1.000000000000000000, 0.000000000000000000, 0.000000000000000000 ) ) ;
#8163 = AXIS2_PLACEMENT_3D ( 'NONE', #1203, #3379, #4688 ) ;
#8164 = ORIENTED_EDGE ( 'NONE', *, *, #509, .F. ) ;
#8165 = CARTESIAN_POINT ( 'NONE',  ( 152.4002906799316008, 71.53421516197586527, 0.000000000000000000 ) ) ;
#8166 = ORIENTED_EDGE ( 'NONE', *, *, #8842, .F. ) ;
#8167 = ADVANCED_FACE ( 'NONE', ( #7247 ), #5945, .F. ) ;
#8168 = ORIENTED_EDGE ( 'NONE', *, *, #8712, .F. ) ;
#8169 = CARTESIAN_POINT ( 'NONE',  ( 304.7999999999999545, 66.25491791495960570, 11.81000000000000050 ) ) ;
#8170 = LINE ( 'NONE', #2019, #1784 ) ;
#8171 = DIRECTION ( 'NONE',  ( 0.000000000000000000, 0.000000000000000000, 1.000000000000000000 ) ) ;
#8172 = CARTESIAN_POINT ( 'NONE',  ( -152.3999999999999773, 304.8000000000000114, 11.81000000000000050 ) ) ;
#8173 = ITEM_DEFINED_TRANSFORMATION ( 'NONE', 'NONE', #4339,  #3886 ) ;
#8174 = UNCERTAINTY_MEASURE_WITH_UNIT (LENGTH_MEASURE( 1.000000000000000082E-05 ), #2151, 'distance_accuracy_value', 'NONE');
#8175 = EDGE_CURVE ( 'NONE', #8142, #8060, #1220, .T. ) ;
#8176 = PLANE ( 'NONE',  #1908 ) ;
#8177 = PRESENTATION_LAYER_ASSIGNMENT (  '', '', ( #3553 ) ) ;
#8178 = ORIENTED_EDGE ( 'NONE', *, *, #8292, .T. ) ;
#8179 = DIRECTION ( 'NONE',  ( -1.000000000000000000, -0.000000000000000000, -0.000000000000000000 ) ) ;
#8180 = ORIENTED_EDGE ( 'NONE', *, *, #6359, .T. ) ;
#8181 = FACE_OUTER_BOUND ( 'NONE', #3258, .T. ) ;
#8182 = PLANE ( 'NONE',  #8195 ) ;
#8183 = PLANE ( 'NONE',  #2006 ) ;
#8184 = ORIENTED_EDGE ( 'NONE', *, *, #1041, .T. ) ;
#8185 = DIRECTION ( 'NONE',  ( -0.000000000000000000, -1.000000000000000000, -0.000000000000000000 ) ) ;
#8186 = VECTOR ( 'NONE', #6534, 1000.000000000000000 ) ;
#8187 = DIRECTION ( 'NONE',  ( 1.224621265208487691E-16, -1.000000000000000000, 1.734723475976801702E-18 ) ) ;
#8188 = EDGE_CURVE ( 'NONE', #4251, #4055, #4806, .T. ) ;
#8189 = DIRECTION ( 'NONE',  ( 0.000000000000000000, -1.000000000000000000, 0.000000000000000000 ) ) ;
#8190 = AXIS2_PLACEMENT_3D ( 'NONE', #8769, #3256, #2611 ) ;
#8191 = ORIENTED_EDGE ( 'NONE', *, *, #6296, .T. ) ;
#8192 = ORIENTED_EDGE ( 'NONE', *, *, #5998, .T. ) ;
#8193 = LINE ( 'NONE', #8052, #6914 ) ;
#8194 = PLANE ( 'NONE',  #8511 ) ;
#8195 = AXIS2_PLACEMENT_3D ( 'NONE', #2698, #1978, #4203 ) ;
#8196 = ADVANCED_FACE ( 'NONE', ( #1991 ), #3310, .F. ) ;
#8197 = EDGE_CURVE ( 'NONE', #3804, #6131, #589, .T. ) ;
#8198 = ORIENTED_EDGE ( 'NONE', *, *, #5466, .F. ) ;
#8199 = DIRECTION ( 'NONE',  ( -1.000000000000000000, -0.000000000000000000, -0.000000000000000000 ) ) ;
#8200 = CARTESIAN_POINT ( 'NONE',  ( -47.31900260652910362, -33.98447679845144620, 11.81000000000000050 ) ) ;
#8201 = ORIENTED_EDGE ( 'NONE', *, *, #4117, .T. ) ;
#8202 = VERTEX_POINT ( 'NONE', #7614 ) ;
#8203 = VERTEX_POINT ( 'NONE', #6081 ) ;
#8204 = ADVANCED_FACE ( 'NONE', ( #4124 ), #6032, .T. ) ;
#8205 = VECTOR ( 'NONE', #196, 1000.000000000000000 ) ;
#8207 = VECTOR ( 'NONE', #6993, 1000.000000000000000 ) ;
#8206 = PLANE ( 'NONE',  #7492 ) ;
#8208 = DIRECTION ( 'NONE',  ( 1.000000000000000000, 0.000000000000000000, 0.000000000000000000 ) ) ;
#8209 = DIRECTION ( 'NONE',  ( -9.106159978880878627E-17, 1.000000000000000000, -0.000000000000000000 ) ) ;
#8210 = AXIS2_PLACEMENT_3D ( 'NONE', #321, #8690, #2524 ) ;
#8211 = ADVANCED_FACE ( 'NONE', ( #3355 ), #8194, .T. ) ;
#8212 = ORIENTED_EDGE ( 'NONE', *, *, #2955, .F. ) ;
#8213 = VECTOR ( 'NONE', #6978, 1000.000000000000000 ) ;
#8214 = PLANE ( 'NONE',  #1610 ) ;
#8215 = DIRECTION ( 'NONE',  ( -0.000000000000000000, -0.000000000000000000, 1.000000000000000000 ) ) ;
#8216 = ADVANCED_FACE ( 'NONE', ( #1406 ), #4034, .F. ) ;
#8217 = ORIENTED_EDGE ( 'NONE', *, *, #4319, .T. ) ;
#8218 = DIRECTION ( 'NONE',  ( 1.000000000000000000, 0.000000000000000000, 0.000000000000000000 ) ) ;
#8219 = ORIENTED_EDGE ( 'NONE', *, *, #7782, .F. ) ;
#8220 = VERTEX_POINT ( 'NONE', #8863 ) ;
#8221 = CARTESIAN_POINT ( 'NONE',  ( -352.1190026065291363, 50.68218986821522520, 11.81000000000000050 ) ) ;
#8222 = VECTOR ( 'NONE', #6345, 1000.000000000000000 ) ;
#8223 = AXIS2_PLACEMENT_3D ( 'NONE', #7277, #2511, #6871 ) ;
#8224 = LINE ( 'NONE', #5509, #3089 ) ;
#8225 = CARTESIAN_POINT ( 'NONE',  ( -152.3999999999999773, 80.73000000000001819, 0.000000000000000000 ) ) ;
#8226 = CARTESIAN_POINT ( 'NONE',  ( 152.4002906799316008, 58.83421516197587664, 11.81000000000000050 ) ) ;
#8227 = CONTEXT_DEPENDENT_SHAPE_REPRESENTATION ( #8294, #3809 ) ;
#8228 = EDGE_CURVE ( 'NONE', #5984, #8883, #5533, .T. ) ;
#8229 = COLOUR_RGB ( '',1.000000000000000000, 1.000000000000000000, 1.000000000000000000 ) ;
#8230 = LINE ( 'NONE', #2065, #2777 ) ;
#8231 = ORIENTED_EDGE ( 'NONE', *, *, #8253, .T. ) ;
#8232 = DIRECTION ( 'NONE',  ( -1.000000000000000000, -0.000000000000000000, -0.000000000000000000 ) ) ;
#8233 =( REPRESENTATION_RELATIONSHIP ('NONE','NONE', #853, #1344 ) REPRESENTATION_RELATIONSHIP_WITH_TRANSFORMATION ( #1527 )SHAPE_REPRESENTATION_RELATIONSHIP( ) );
#8234 = LINE ( 'NONE', #4498, #4111 ) ;
#8235 = ORIENTED_EDGE ( 'NONE', *, *, #586, .F. ) ;
#8236 = DIRECTION ( 'NONE',  ( 4.370956789862819572E-15, -0.000000000000000000, 1.000000000000000000 ) ) ;
#8237 = PLANE ( 'NONE',  #3571 ) ;
#8238 = FACE_OUTER_BOUND ( 'NONE', #7732, .T. ) ;
#8239 = ORIENTED_EDGE ( 'NONE', *, *, #8596, .T. ) ;
#8240 = CARTESIAN_POINT ( 'NONE',  ( -258.9856692731957537, -152.5178101317848416, 11.81000000000000050 ) ) ;
#8241 =( NAMED_UNIT ( * ) SI_UNIT ( $, .STERADIAN. ) SOLID_ANGLE_UNIT ( ) );
#8242 = EDGE_CURVE ( 'NONE', #4950, #3374, #2080, .T. ) ;
#8243 = PLANE ( 'NONE',  #6892 ) ;
#8244 = VERTEX_POINT ( 'NONE', #5487 ) ;
#8245 = VERTEX_POINT ( 'NONE', #1898 ) ;
#8246 = DIRECTION ( 'NONE',  ( 0.000000000000000000, 1.000000000000000000, 0.000000000000000000 ) ) ;
#8247 = CARTESIAN_POINT ( 'NONE',  ( -352.1190026065291363, -33.98447679845147462, 0.000000000000000000 ) ) ;
#8248 = AXIS2_PLACEMENT_3D ( 'NONE', #1124, #1667, #5295 ) ;
#8249 = ORIENTED_EDGE ( 'NONE', *, *, #182, .F. ) ;
#8250 = CARTESIAN_POINT ( 'NONE',  ( 267.5900000000000318, -111.5450820850404909, 0.000000000000000000 ) ) ;
#8251 = ORIENTED_EDGE ( 'NONE', *, *, #1014, .T. ) ;
#8252 = EDGE_LOOP ( 'NONE', ( #3291, #7163, #8061, #8638 ) ) ;
#8253 = EDGE_CURVE ( 'NONE', #438, #6072, #302, .T. ) ;
#8254 = LINE ( 'NONE', #90, #5612 ) ;
#8255 = DIRECTION ( 'NONE',  ( -0.000000000000000000, -0.000000000000000000, -1.000000000000000000 ) ) ;
#8256 = EDGE_CURVE ( 'NONE', #3688, #5331, #8820, .T. ) ;
#8257 = PLANE ( 'NONE',  #1236 ) ;
#8258 = EDGE_CURVE ( 'NONE', #3373, #1451, #7527, .T. ) ;
#8259 = LINE ( 'NONE', #8161, #3200 ) ;
#8260 = DIRECTION ( 'NONE',  ( 0.000000000000000000, -0.000000000000000000, -1.000000000000000000 ) ) ;
#8261 = EDGE_LOOP ( 'NONE', ( #230, #7295, #8811, #803 ) ) ;
#8262 = CARTESIAN_POINT ( 'NONE',  ( -33.86666666666661740, 304.8000000000000114, 11.81000000000000050 ) ) ;
#8263 = ORIENTED_EDGE ( 'NONE', *, *, #7403, .T. ) ;
#8264 = EDGE_LOOP ( 'NONE', ( #7499, #3492, #129, #5504 ) ) ;
#8265 = FACE_OUTER_BOUND ( 'NONE', #8360, .T. ) ;
#8266 = VECTOR ( 'NONE', #2095, 1000.000000000000000 ) ;
#8267 = EDGE_CURVE ( 'NONE', #7518, #332, #7475, .T. ) ;
#8268 = DIRECTION ( 'NONE',  ( -2.900420671469659582E-16, 1.000000000000000000, -0.000000000000000000 ) ) ;
#8269 = LINE ( 'NONE', #5553, #1553 ) ;
#8270 = SURFACE_STYLE_FILL_AREA ( #7718 ) ;
#8271 = PLANE ( 'NONE',  #507 ) ;
#8272 = ADVANCED_FACE ( 'NONE', ( #3451 ), #7427, .T. ) ;
#8273 = STYLED_ITEM ( 'NONE', ( #3264 ), #485 ) ;
#8274 = ORIENTED_EDGE ( 'NONE', *, *, #2022, .T. ) ;
#8275 = DIRECTION ( 'NONE',  ( 0.000000000000000000, 0.000000000000000000, 1.000000000000000000 ) ) ;
#8276 = CARTESIAN_POINT ( 'NONE',  ( -687.5386812835920409, -88.82781013178518492, 0.000000000000000000 ) ) ;
#8277 = PRODUCT_DEFINITION ( 'UNKNOWN', '', #5512, #111 ) ;
#8278 = DIRECTION ( 'NONE',  ( 1.000000000000000000, 0.000000000000000000, -0.000000000000000000 ) ) ;
#8279 = VECTOR ( 'NONE', #3431, 1000.000000000000000 ) ;
#8280 = CARTESIAN_POINT ( 'NONE',  ( -172.4989142387372567, 11.81000000000000050, -1294.423107283573927 ) ) ;
#8281 = EDGE_LOOP ( 'NONE', ( #6772, #5918, #1800, #3422 ) ) ;
#8282 = DIRECTION ( 'NONE',  ( 2.175315503602243824E-16, -1.000000000000000000, 0.000000000000000000 ) ) ;
#8283 = DIRECTION ( 'NONE',  ( 1.000000000000000000, 4.553079989440437711E-16, 0.000000000000000000 ) ) ;
#8284 = VERTEX_POINT ( 'NONE', #6215 ) ;
#8285 = EDGE_CURVE ( 'NONE', #8860, #6611, #540, .T. ) ;
#8286 = ORIENTED_EDGE ( 'NONE', *, *, #2108, .T. ) ;
#8287 = LINE ( 'NONE', #4167, #5915 ) ;
#8288 = DIRECTION ( 'NONE',  ( -1.000000000000000000, 0.000000000000000000, 0.000000000000000000 ) ) ;
#8289 = CARTESIAN_POINT ( 'NONE',  ( 254.0000000000042348, 445.3897093200683912, 0.000000000000000000 ) ) ;
#8290 = ORIENTED_EDGE ( 'NONE', *, *, #1407, .T. ) ;
#8291 = CARTESIAN_POINT ( 'NONE',  ( 140.5902906799316270, 96.93421516197595622, 11.81000000000000050 ) ) ;
#8292 = EDGE_CURVE ( 'NONE', #8860, #8220, #5393, .T. ) ;
#8293 = ORIENTED_EDGE ( 'NONE', *, *, #2391, .F. ) ;
#8294 =( REPRESENTATION_RELATIONSHIP ('NONE','NONE', #853, #746 ) REPRESENTATION_RELATIONSHIP_WITH_TRANSFORMATION ( #8894 )SHAPE_REPRESENTATION_RELATIONSHIP( ) );
#8295 = ORIENTED_EDGE ( 'NONE', *, *, #8342, .T. ) ;
#8296 = DIRECTION ( 'NONE',  ( -0.000000000000000000, -1.000000000000000000, -0.000000000000000000 ) ) ;
#8297 = DIRECTION ( 'NONE',  ( 1.000000000000000000, 1.706325926237332771E-16, 0.000000000000000000 ) ) ;
#8298 = DIRECTION ( 'NONE',  ( -1.836970198721756672E-16, 1.000000000000000000, 0.000000000000000000 ) ) ;
#8299 = ORIENTED_EDGE ( 'NONE', *, *, #5008, .F. ) ;
#8300 = DIRECTION ( 'NONE',  ( 1.000000000000000000, 1.706325926237332771E-16, -0.000000000000000000 ) ) ;
#8301 = DIRECTION ( 'NONE',  ( 0.000000000000000000, -0.000000000000000000, 1.000000000000000000 ) ) ;
#8302 = ORIENTED_EDGE ( 'NONE', *, *, #6980, .T. ) ;
#8303 = DIRECTION ( 'NONE',  ( 0.000000000000000000, -1.000000000000000000, 0.000000000000000000 ) ) ;
#8304 = EDGE_CURVE ( 'NONE', #1367, #1833, #83, .T. ) ;
#8305 = VECTOR ( 'NONE', #2319, 1000.000000000000000 ) ;
#8306 = VERTEX_POINT ( 'NONE', #766 ) ;
#8307 = ORIENTED_EDGE ( 'NONE', *, *, #2629, .T. ) ;
#8308 = FACE_OUTER_BOUND ( 'NONE', #5496, .T. ) ;
#8309 = PLANE ( 'NONE',  #781 ) ;
#8310 = PLANE ( 'NONE',  #1829 ) ;
#8311 = CARTESIAN_POINT ( 'NONE',  ( -457.1999999999999886, 33.43421516197582832, 0.000000000000000000 ) ) ;
#8312 = VECTOR ( 'NONE', #3908, 1000.000000000000000 ) ;
#8313 = EDGE_CURVE ( 'NONE', #2820, #8099, #4299, .T. ) ;
#8314 = ORIENTED_EDGE ( 'NONE', *, *, #4145, .F. ) ;
#8315 = FACE_OUTER_BOUND ( 'NONE', #2497, .T. ) ;
#8316 = VECTOR ( 'NONE', #443, 1000.000000000000000 ) ;
#8317 = DIRECTION ( 'NONE',  ( 1.000000000000000000, -9.106159978880874930E-17, 0.000000000000000000 ) ) ;
#8318 = EDGE_CURVE ( 'NONE', #3672, #5591, #1628, .T. ) ;
#8319 = DIRECTION ( 'NONE',  ( 0.000000000000000000, 0.000000000000000000, 1.000000000000000000 ) ) ;
#8320 = DIRECTION ( 'NONE',  ( 0.000000000000000000, 1.000000000000000000, 0.000000000000000000 ) ) ;
#8321 = ORIENTED_EDGE ( 'NONE', *, *, #8805, .F. ) ;
#8322 = LINE ( 'NONE', #4701, #8735 ) ;
#8323 = CONTEXT_DEPENDENT_SHAPE_REPRESENTATION ( #6958, #3743 ) ;
#8324 = AXIS2_PLACEMENT_3D ( 'NONE', #7259, #8703, #1818 ) ;
#8325 = PLANE ( 'NONE',  #6912 ) ;
#8326 = ORIENTED_EDGE ( 'NONE', *, *, #5661, .F. ) ;
#8327 = ORIENTED_EDGE ( 'NONE', *, *, #3516, .T. ) ;
#8328 = FACE_OUTER_BOUND ( 'NONE', #4497, .T. ) ;
#8329 = VECTOR ( 'NONE', #4268, 1000.000000000000000 ) ;
#8330 = CARTESIAN_POINT ( 'NONE',  ( -258.9856692731957537, -152.5178101317848416, 0.000000000000000000 ) ) ;
#8331 = FACE_OUTER_BOUND ( 'NONE', #3251, .T. ) ;
#8332 = FILL_AREA_STYLE ('',( #7528 ) ) ;
#8333 = EDGE_CURVE ( 'NONE', #17, #4693, #1454, .T. ) ;
#8334 = LINE ( 'NONE', #5714, #1541 ) ;
#8335 = VECTOR ( 'NONE', #8780, 1000.000000000000000 ) ;
#8336 = ORIENTED_EDGE ( 'NONE', *, *, #4742, .F. ) ;
#8337 = VERTEX_POINT ( 'NONE', #6390 ) ;
#8338 = VERTEX_POINT ( 'NONE', #2937 ) ;
#8339 = CARTESIAN_POINT ( 'NONE',  ( -687.5386812835920409, -140.5178101317850974, 0.000000000000000000 ) ) ;
#8340 = CARTESIAN_POINT ( 'NONE',  ( -172.4989142387372567, 11.81000000000000050, -1294.423107283573927 ) ) ;
#8341 = VECTOR ( 'NONE', #6157, 1000.000000000000000 ) ;
#8342 = EDGE_CURVE ( 'NONE', #6539, #3064, #6971, .T. ) ;
#8343 = LINE ( 'NONE', #4312, #7310 ) ;
#8344 = DIRECTION ( 'NONE',  ( 1.706325926237332771E-16, -1.000000000000000000, -0.000000000000000000 ) ) ;
#8345 = DIRECTION ( 'NONE',  ( 1.000000000000000000, -2.014845802307676854E-15, -0.000000000000000000 ) ) ;
#8346 = EDGE_LOOP ( 'NONE', ( #3733, #5434, #2039, #4891, #4227, #8898, #7167, #4114, #5649, #4922, #2751, #3263, #6987, #5021, #8544, #743, #8784, #8192, #5205, #2786, #2721, #6807, #5353, #2027, #7483, #5234, #6099, #2733 ) ) ;
#8347 = LINE ( 'NONE', #3547, #345 ) ;
#8348 = VECTOR ( 'NONE', #5197, 1000.000000000000000 ) ;
#8349 = VECTOR ( 'NONE', #788, 1000.000000000000000 ) ;
#8350 = ORIENTED_EDGE ( 'NONE', *, *, #8648, .F. ) ;
#8351 = ORIENTED_EDGE ( 'NONE', *, *, #7646, .F. ) ;
#8352 = CARTESIAN_POINT ( 'NONE',  ( -346.6871619467640357, 11.81000000000000050, -616.1005700363344886 ) ) ;
#8353 = CARTESIAN_POINT ( 'NONE',  ( 304.8000000000000114, -26.87841541837373427, 0.000000000000000000 ) ) ;
#8354 = DIRECTION ( 'NONE',  ( -0.000000000000000000, -1.000000000000000000, -0.000000000000000000 ) ) ;
#8355 = VECTOR ( 'NONE', #8887, 1000.000000000000000 ) ;
#8356 = LINE ( 'NONE', #3558, #3831 ) ;
#8357 = VECTOR ( 'NONE', #7622, 1000.000000000000000 ) ;
#8358 = PRODUCT_DEFINITION_CONTEXT ( 'detailed design', #4353, 'design' ) ;
#8359 = DIRECTION ( 'NONE',  ( 0.000000000000000000, -1.000000000000000000, -0.000000000000000000 ) ) ;
#8360 = EDGE_LOOP ( 'NONE', ( #6520, #5307, #4081, #7432, #6139, #4768, #3979, #5546, #8659, #7333, #7589, #1502, #588, #2429, #8074, #356, #4106, #4094, #4398, #2988, #4955, #5517, #4209, #4562, #284, #4941, #6450, #1104, #1330, #6275, #449, #4555, #8235, #8168, #1754, #454, #4882, #6425, #495, #363, #6038, #6151, #4717, #8698, #2204, #7566, #6983, #703, #2462, #8885, #794, #985 ) ) ;
#8361 = PRODUCT_DEFINITION_SHAPE ( 'NONE', 'NONE',  #8953 ) ;
#8362 = AXIS2_PLACEMENT_3D ( 'NONE', #3186, #3229, #6584 ) ;
#8363 = DIRECTION ( 'NONE',  ( 0.000000000000000000, 0.000000000000000000, 1.000000000000000000 ) ) ;
#8364 = VECTOR ( 'NONE', #3623, 1000.000000000000000 ) ;
#8365 = FACE_OUTER_BOUND ( 'NONE', #3630, .T. ) ;
#8366 = CARTESIAN_POINT ( 'NONE',  ( -25.40000000000000213, 0.000000000000000000, -164.2100000000000364 ) ) ;
#8367 = VERTEX_POINT ( 'NONE', #3494 ) ;
#8368 = EDGE_CURVE ( 'NONE', #7620, #3066, #1584, .T. ) ;
#8369 = DIRECTION ( 'NONE',  ( -0.000000000000000000, -0.000000000000000000, 1.000000000000000000 ) ) ;
#8370 = AXIS2_PLACEMENT_3D ( 'NONE', #3034, #1840, #3209 ) ;
#8371 = ADVANCED_FACE ( 'NONE', ( #6257 ), #1490, .F. ) ;
#8372 = CARTESIAN_POINT ( 'NONE',  ( -382.7386812835923138, -126.9278101317851082, 0.000000000000000000 ) ) ;
#8373 = ORIENTED_EDGE ( 'NONE', *, *, #6067, .F. ) ;
#8374 = VECTOR ( 'NONE', #1740, 1000.000000000000000 ) ;
#8375 = VERTEX_POINT ( 'NONE', #4386 ) ;
#8376 = PLANE ( 'NONE',  #8775 ) ;
#8377 = DIRECTION ( 'NONE',  ( 0.000000000000000000, 0.000000000000000000, 1.000000000000000000 ) ) ;
#8378 = ADVANCED_FACE ( 'NONE', ( #5760 ), #3575, .T. ) ;
#8379 = CARTESIAN_POINT ( 'NONE',  ( -25.39999999999560387, -115.1902906799316355, 0.000000000000000000 ) ) ;
#8380 = FACE_OUTER_BOUND ( 'NONE', #2185, .T. ) ;
#8381 = ORIENTED_EDGE ( 'NONE', *, *, #8412, .F. ) ;
#8382 = EDGE_LOOP ( 'NONE', ( #5354, #8610, #881, #563 ) ) ;
#8383 = CARTESIAN_POINT ( 'NONE',  ( 114.3000000000043030, 445.3897093200683912, 0.000000000000000000 ) ) ;
#8384 = EDGE_CURVE ( 'NONE', #5902, #2652, #41, .T. ) ;
#8385 = LINE ( 'NONE', #275, #3737 ) ;
#8386 = AXIS2_PLACEMENT_3D ( 'NONE', #4116, #626, #6118 ) ;
#8387 = CARTESIAN_POINT ( 'NONE',  ( -152.3999999999999773, -304.8000000000000114, 0.000000000000000000 ) ) ;
#8388 = ORIENTED_EDGE ( 'NONE', *, *, #2754, .F. ) ;
#8389 = CARTESIAN_POINT ( 'NONE',  ( -292.9900000000000091, 91.65491791495954033, 11.81000000000000050 ) ) ;
#8390 = LINE ( 'NONE', #8433, #3266 ) ;
#8391 = VERTEX_POINT ( 'NONE', #7016 ) ;
#8392 = CARTESIAN_POINT ( 'NONE',  ( 114.3000000000043173, -152.4002906799316861, 0.000000000000000000 ) ) ;
#8393 = ORIENTED_EDGE ( 'NONE', *, *, #4615, .F. ) ;
#8394 = ORIENTED_EDGE ( 'NONE', *, *, #1668, .F. ) ;
#8395 = CARTESIAN_POINT ( 'NONE',  ( 127.0000000000001137, 304.8000000000000114, 0.000000000000000000 ) ) ;
#8396 = EDGE_CURVE ( 'NONE', #4700, #4660, #5709, .T. ) ;
#8397 = CARTESIAN_POINT ( 'NONE',  ( -47.31900260652910362, -67.85114346511811334, 11.81000000000000050 ) ) ;
#8398 = PLANE ( 'NONE',  #7587 ) ;
#8399 = CARTESIAN_POINT ( 'NONE',  ( 279.4000000000043542, 165.0997093200683992, 0.000000000000000000 ) ) ;
#8400 =( REPRESENTATION_RELATIONSHIP ('NONE','NONE', #853, #4212 ) REPRESENTATION_RELATIONSHIP_WITH_TRANSFORMATION ( #2117 )SHAPE_REPRESENTATION_RELATIONSHIP( ) );
#8401 = DIRECTION ( 'NONE',  ( -0.000000000000000000, -0.000000000000000000, 1.000000000000000000 ) ) ;
#8402 = ORIENTED_EDGE ( 'NONE', *, *, #8675, .F. ) ;
#8403 = EDGE_CURVE ( 'NONE', #3530, #6893, #133, .T. ) ;
#8404 = CARTESIAN_POINT ( 'NONE',  ( -457.1999999999999886, 58.83421516197583401, 0.000000000000000000 ) ) ;
#8405 = CARTESIAN_POINT ( 'NONE',  ( 304.8000000000000114, -26.87841541837373427, 0.000000000000000000 ) ) ;
#8406 = FACE_OUTER_BOUND ( 'NONE', #8598, .T. ) ;
#8407 = FACE_OUTER_BOUND ( 'NONE', #8818, .T. ) ;
#8408 = PRODUCT_CONTEXT ( 'NONE', #1738, 'mechanical' ) ;
#8409 = VECTOR ( 'NONE', #2460, 1000.000000000000000 ) ;
#8410 = DIRECTION ( 'NONE',  ( 0.000000000000000000, -1.000000000000000000, 0.000000000000000000 ) ) ;
#8411 = ORIENTED_EDGE ( 'NONE', *, *, #2445, .F. ) ;
#8412 = EDGE_CURVE ( 'NONE', #4814, #4488, #7738, .T. ) ;
#8413 = FACE_OUTER_BOUND ( 'NONE', #5792, .T. ) ;
#8414 = ORIENTED_EDGE ( 'NONE', *, *, #704, .T. ) ;
#8415 = VECTOR ( 'NONE', #8606, 1000.000000000000000 ) ;
#8416 = VERTEX_POINT ( 'NONE', #4213 ) ;
#8417 = DIRECTION ( 'NONE',  ( -0.000000000000000000, 1.000000000000000000, -0.000000000000000000 ) ) ;
#8418 = DIRECTION ( 'NONE',  ( -1.706325926237332771E-16, 1.000000000000000000, 0.000000000000000000 ) ) ;
#8419 = DIRECTION ( 'NONE',  ( 0.000000000000000000, -0.000000000000000000, -1.000000000000000000 ) ) ;
#8420 = LINE ( 'NONE', #2253, #6574 ) ;
#8421 =( NAMED_UNIT ( * ) PLANE_ANGLE_UNIT ( ) SI_UNIT ( $, .RADIAN. ) );
#8422 = VECTOR ( 'NONE', #8801, 1000.000000000000000 ) ;
#8423 = DIRECTION ( 'NONE',  ( 0.000000000000000000, -1.000000000000000000, 0.000000000000000000 ) ) ;
#8424 = EDGE_CURVE ( 'NONE', #2153, #4802, #8462, .T. ) ;
#8425 = EDGE_LOOP ( 'NONE', ( #4508, #428, #3358, #2942 ) ) ;
#8426 = DIRECTION ( 'NONE',  ( -1.000000000000000000, 0.000000000000000000, 0.000000000000000000 ) ) ;
#8427 = EDGE_CURVE ( 'NONE', #5740, #5265, #2251, .T. ) ;
#8428 = CARTESIAN_POINT ( 'NONE',  ( -59.12900260652914852, -152.5178101317848984, 11.81000000000000050 ) ) ;
#8429 = DIRECTION ( 'NONE',  ( 0.000000000000000000, 0.000000000000000000, 1.000000000000000000 ) ) ;
#8430 = PRODUCT_DEFINITION_SHAPE ( 'NONE', 'NONE',  #8957 ) ;
#8431 = ORIENTED_EDGE ( 'NONE', *, *, #1493, .F. ) ;
#8432 = DIRECTION ( 'NONE',  ( -0.000000000000000000, 0.000000000000000000, -1.000000000000000000 ) ) ;
#8433 = CARTESIAN_POINT ( 'NONE',  ( 127.0000000000001137, 292.9900000000000091, 0.000000000000000000 ) ) ;
#8434 = VERTEX_POINT ( 'NONE', #7113 ) ;
#8435 = DIRECTION ( 'NONE',  ( -1.836970198721756672E-16, 1.000000000000000000, 0.000000000000000000 ) ) ;
#8436 = ORIENTED_EDGE ( 'NONE', *, *, #1315, .F. ) ;
#8437 = EDGE_CURVE ( 'NONE', #1767, #8668, #905, .T. ) ;
#8438 = LINE ( 'NONE', #2909, #3578 ) ;
#8439 = DIRECTION ( 'NONE',  ( 0.000000000000000000, 0.000000000000000000, -1.000000000000000000 ) ) ;
#8440 = DIRECTION ( 'NONE',  ( 0.000000000000000000, -1.000000000000000000, 0.000000000000000000 ) ) ;
#8441 = CARTESIAN_POINT ( 'NONE',  ( -258.9856692731957537, -152.5178101317848416, 0.000000000000000000 ) ) ;
#8442 = LINE ( 'NONE', #7093, #2669 ) ;
#8443 = VECTOR ( 'NONE', #936, 1000.000000000000000 ) ;
#8444 = ADVANCED_FACE ( 'NONE', ( #5573 ), #218, .T. ) ;
#8445 = ORIENTED_EDGE ( 'NONE', *, *, #6351, .F. ) ;
#8446 = PLANE ( 'NONE',  #5022 ) ;
#8447 = VECTOR ( 'NONE', #8440, 1000.000000000000000 ) ;
#8448 = PLANE ( 'NONE',  #3715 ) ;
#8449 = LINE ( 'NONE', #4204, #997 ) ;
#8450 = CARTESIAN_POINT ( 'NONE',  ( -140.5900000000000034, -292.9900000000000091, 0.000000000000000000 ) ) ;
#8451 = DIRECTION ( 'NONE',  ( -4.370956789862819572E-15, 0.000000000000000000, -1.000000000000000000 ) ) ;
#8452 = PRODUCT_CONTEXT ( 'NONE', #2326, 'mechanical' ) ;
#8453 = EDGE_CURVE ( 'NONE', #1833, #7723, #7830, .T. ) ;
#8454 = DIRECTION ( 'NONE',  ( -1.000000000000000000, -1.092739197465705287E-15, 0.000000000000000000 ) ) ;
#8455 = VECTOR ( 'NONE', #5968, 1000.000000000000000 ) ;
#8456 = ORIENTED_EDGE ( 'NONE', *, *, #3250, .F. ) ;
#8457 = DIRECTION ( 'NONE',  ( -1.000000000000000000, 0.000000000000000000, 0.000000000000000000 ) ) ;
#8458 = ORIENTED_EDGE ( 'NONE', *, *, #5108, .T. ) ;
#8459 = ORIENTED_EDGE ( 'NONE', *, *, #3356, .T. ) ;
#8460 = FILL_AREA_STYLE ('',( #3031 ) ) ;
#8461 = CARTESIAN_POINT ( 'NONE',  ( 33.86666666666673819, -304.8000000000000114, 11.81000000000000050 ) ) ;
#8462 = LINE ( 'NONE', #8510, #3877 ) ;
#8463 = DIRECTION ( 'NONE',  ( -1.836970198721756426E-16, -1.000000000000000000, 0.000000000000000000 ) ) ;
#8464 = AXIS2_PLACEMENT_3D ( 'NONE', #2538, #7396, #8069 ) ;
#8465 = EDGE_CURVE ( 'NONE', #917, #3318, #2346, .T. ) ;
#8466 = DIRECTION ( 'NONE',  ( -1.000000000000000000, 0.000000000000000000, 0.000000000000000000 ) ) ;
#8467 = VECTOR ( 'NONE', #2951, 1000.000000000000000 ) ;
#8468 = ORIENTED_EDGE ( 'NONE', *, *, #1240, .T. ) ;
#8469 = CARTESIAN_POINT ( 'NONE',  ( -25.39999999999560387, 445.3897093200683912, 11.81000000000000050 ) ) ;
#8470 = DIRECTION ( 'NONE',  ( 1.000000000000000000, 1.706325926237332771E-16, -0.000000000000000000 ) ) ;
#8471 = EDGE_CURVE ( 'NONE', #5493, #2403, #355, .T. ) ;
#8472 = CARTESIAN_POINT ( 'NONE',  ( 267.5900000000000318, -99.73508208504051709, 0.000000000000000000 ) ) ;
#8473 = AXIS2_PLACEMENT_3D ( 'NONE', #1321, #5537, #3944 ) ;
#8474 = ORIENTED_EDGE ( 'NONE', *, *, #7426, .T. ) ;
#8475 = PLANE ( 'NONE',  #1617 ) ;
#8476 = CARTESIAN_POINT ( 'NONE',  ( 152.4002906799316008, 71.53421516197586527, 11.81000000000000050 ) ) ;
#8477 = ADVANCED_FACE ( 'NONE', ( #398 ), #3070, .F. ) ;
#8478 = ORIENTED_EDGE ( 'NONE', *, *, #4971, .T. ) ;
#8479 = DIRECTION ( 'NONE',  ( 0.000000000000000000, -0.000000000000000000, -1.000000000000000000 ) ) ;
#8480 = VERTEX_POINT ( 'NONE', #8719 ) ;
#8481 = VERTEX_POINT ( 'NONE', #5118 ) ;
#8482 = VECTOR ( 'NONE', #8319, 1000.000000000000000 ) ;
#8483 = PLANE ( 'NONE',  #827 ) ;
#8484 = CARTESIAN_POINT ( 'NONE',  ( -340.3090026065290772, -93.25114346511814745, 11.81000000000000050 ) ) ;
#8485 = LINE ( 'NONE', #4918, #3144 ) ;
#8486 = ADVANCED_FACE ( 'NONE', ( #3114 ), #2514, .T. ) ;
#8487 = CARTESIAN_POINT ( 'NONE',  ( -59.12900260652914852, -152.5178101317847847, 11.81000000000000050 ) ) ;
#8488 = ADVANCED_FACE ( 'NONE', ( #7999 ), #991, .T. ) ;
#8489 = VECTOR ( 'NONE', #8275, 1000.000000000000000 ) ;
#8490 = VECTOR ( 'NONE', #4597, 1000.000000000000000 ) ;
#8491 = FACE_OUTER_BOUND ( 'NONE', #1266, .T. ) ;
#8492 = ORIENTED_EDGE ( 'NONE', *, *, #5282, .F. ) ;
#8493 = DIRECTION ( 'NONE',  ( -1.000000000000000000, -0.000000000000000000, -0.000000000000000000 ) ) ;
#8494 = VECTOR ( 'NONE', #2840, 1000.000000000000000 ) ;
#8495 = VECTOR ( 'NONE', #6750, 1000.000000000000000 ) ;
#8496 = EDGE_CURVE ( 'NONE', #7074, #2979, #7958, .T. ) ;
#8497 = DIRECTION ( 'NONE',  ( -0.000000000000000000, 0.000000000000000000, -1.000000000000000000 ) ) ;
#8498 = PLANE ( 'NONE',  #8662 ) ;
#8499 = CARTESIAN_POINT ( 'NONE',  ( -292.9900000000000091, 6.988251248292873363, 0.000000000000000000 ) ) ;
#8500 = CARTESIAN_POINT ( 'NONE',  ( 279.4000000000043542, 139.6997093200683935, 0.000000000000000000 ) ) ;
#8501 = PRODUCT_CONTEXT ( 'NONE', #4819, 'mechanical' ) ;
#8502 = VECTOR ( 'NONE', #5815, 1000.000000000000000 ) ;
#8503 = VECTOR ( 'NONE', #862, 1000.000000000000000 ) ;
#8504 = ORIENTED_EDGE ( 'NONE', *, *, #1303, .F. ) ;
#8505 = DIRECTION ( 'NONE',  ( 0.000000000000000000, 0.000000000000000000, 1.000000000000000000 ) ) ;
#8506 = VERTEX_POINT ( 'NONE', #2386 ) ;
#8507 = EDGE_LOOP ( 'NONE', ( #7885, #7995, #2501, #2145 ) ) ;
#8508 = ADVANCED_FACE ( 'NONE', ( #313 ), #5887, .T. ) ;
#8509 = CARTESIAN_POINT ( 'NONE',  ( 106.1299999999999955, -111.5450820850404767, 0.000000000000000000 ) ) ;
#8510 = CARTESIAN_POINT ( 'NONE',  ( -59.12900260652914852, -33.98447679845144620, 11.81000000000000050 ) ) ;
#8511 = AXIS2_PLACEMENT_3D ( 'NONE', #1362, #4763, #6125 ) ;
#8512 = CARTESIAN_POINT ( 'NONE',  ( 140.5900000000000034, 106.1299999999999955, 11.81000000000000050 ) ) ;
#8513 = VECTOR ( 'NONE', #7460, 1000.000000000000000 ) ;
#8514 = FILL_AREA_STYLE_COLOUR ( '', #1304 ) ;
#8515 = DIRECTION ( 'NONE',  ( 4.200324197239087429E-15, 1.000000000000000000, 0.000000000000000000 ) ) ;
#8516 = CARTESIAN_POINT ( 'NONE',  ( -140.4523359398625075, -152.5178101317848700, 11.81000000000000050 ) ) ;
#8517 = ORIENTED_EDGE ( 'NONE', *, *, #855, .T. ) ;
#8518 = VERTEX_POINT ( 'NONE', #7911 ) ;
#8519 = CARTESIAN_POINT ( 'NONE',  ( 152.3999999999999773, -267.5900000000000318, 0.000000000000000000 ) ) ;
#8520 = APPLICATION_CONTEXT ( 'automotive_design' ) ;
#8521 = CARTESIAN_POINT ( 'NONE',  ( 4.402728182029136406E-12, 457.1997093200683935, 0.000000000000000000 ) ) ;
#8522 = COLOUR_RGB ( '',1.000000000000000000, 1.000000000000000000, 1.000000000000000000 ) ;
#8523 = DIRECTION ( 'NONE',  ( 1.000000000000000000, 0.000000000000000000, -0.000000000000000000 ) ) ;
#8524 = VERTEX_POINT ( 'NONE', #4427 ) ;
#8525 = DIRECTION ( 'NONE',  ( -1.000000000000000000, -0.000000000000000000, -0.000000000000000000 ) ) ;
#8526 = LINE ( 'NONE', #5091, #3987 ) ;
#8527 = ORIENTED_EDGE ( 'NONE', *, *, #7107, .T. ) ;
#8528 = DIRECTION ( 'NONE',  ( -4.370956789862819572E-15, 1.000000000000000000, 0.000000000000000000 ) ) ;
#8529 = VERTEX_POINT ( 'NONE', #1709 ) ;
#8530 = AXIS2_PLACEMENT_3D ( 'NONE', #8813, #1356, #4025 ) ;
#8531 = EDGE_CURVE ( 'NONE', #2612, #5954, #2432, .T. ) ;
#8532 = ORIENTED_EDGE ( 'NONE', *, *, #7923, .F. ) ;
#8533 = CARTESIAN_POINT ( 'NONE',  ( -304.8000000000000114, 66.25491791495954885, 11.81000000000000050 ) ) ;
#8534 = LINE ( 'NONE', #925, #6001 ) ;
#8535 = DIRECTION ( 'NONE',  ( 1.000000000000000000, 0.000000000000000000, 0.000000000000000000 ) ) ;
#8536 = CARTESIAN_POINT ( 'NONE',  ( -547.8386812835921091, -152.3278101317850712, 0.000000000000000000 ) ) ;
#8537 = ORIENTED_EDGE ( 'NONE', *, *, #3174, .T. ) ;
#8538 = EDGE_CURVE ( 'NONE', #2046, #631, #5844, .T. ) ;
#8539 = CARTESIAN_POINT ( 'NONE',  ( -304.8000000000000114, -111.5450820850404625, 0.000000000000000000 ) ) ;
#8540 = LINE ( 'NONE', #7855, #4874 ) ;
#8541 = EDGE_CURVE ( 'NONE', #2794, #8025, #948, .T. ) ;
#8542 = CARTESIAN_POINT ( 'NONE',  ( -59.26666666666662309, 292.9900000000000091, 11.81000000000000050 ) ) ;
#8543 = DIRECTION ( 'NONE',  ( -1.000000000000000000, 0.000000000000000000, 0.000000000000000000 ) ) ;
#8544 = ORIENTED_EDGE ( 'NONE', *, *, #8541, .T. ) ;
#8545 = PRESENTATION_STYLE_ASSIGNMENT (( #7861 ) ) ;
#8546 = ORIENTED_EDGE ( 'NONE', *, *, #5446, .T. ) ;
#8547 = ORIENTED_EDGE ( 'NONE', *, *, #509, .T. ) ;
#8548 = DIRECTION ( 'NONE',  ( -0.000000000000000000, -1.000000000000000000, -0.000000000000000000 ) ) ;
#8549 = DIRECTION ( 'NONE',  ( -0.000000000000000000, -0.000000000000000000, 1.000000000000000000 ) ) ;
#8550 = DIRECTION ( 'NONE',  ( -1.000000000000000000, -0.000000000000000000, -0.000000000000000000 ) ) ;
#8551 = LINE ( 'NONE', #176, #1221 ) ;
#8552 = CARTESIAN_POINT ( 'NONE',  ( 25.40000000000001279, 11.81000000000000050, 304.8000000000000682 ) ) ;
#8553 = EDGE_CURVE ( 'NONE', #2929, #2905, #1752, .T. ) ;
#8554 = VECTOR ( 'NONE', #2579, 1000.000000000000000 ) ;
#8555 = VERTEX_POINT ( 'NONE', #1034 ) ;
#8556 = VERTEX_POINT ( 'NONE', #3799 ) ;
#8557 = PLANE ( 'NONE',  #4309 ) ;
#8558 = CARTESIAN_POINT ( 'NONE',  ( -346.6871619467640357, 0.000000000000000000, -616.1005700363344886 ) ) ;
#8559 = VECTOR ( 'NONE', #8619, 1000.000000000000000 ) ;
#8560 = EDGE_CURVE ( 'NONE', #2774, #1139, #263, .T. ) ;
#8561 = ORIENTED_EDGE ( 'NONE', *, *, #2512, .F. ) ;
#8562 = PLANE ( 'NONE',  #7834 ) ;
#8563 = FACE_OUTER_BOUND ( 'NONE', #6922, .T. ) ;
#8564 = ORIENTED_EDGE ( 'NONE', *, *, #6379, .T. ) ;
#8565 = ORIENTED_EDGE ( 'NONE', *, *, #2012, .F. ) ;
#8566 = ORIENTED_EDGE ( 'NONE', *, *, #7268, .T. ) ;
#8567 = CARTESIAN_POINT ( 'NONE',  ( -140.5900000000000034, -106.1299999999999955, 0.000000000000000000 ) ) ;
#8568 = CARTESIAN_POINT ( 'NONE',  ( 33.86666666666673819, 304.8000000000000114, 11.81000000000000050 ) ) ;
#8569 = CARTESIAN_POINT ( 'NONE',  ( 304.8000000000000114, -52.27841541837373995, 0.000000000000000000 ) ) ;
#8570 = DIRECTION ( 'NONE',  ( 0.000000000000000000, 1.000000000000000000, 0.000000000000000000 ) ) ;
#8571 = ADVANCED_FACE ( 'NONE', ( #7192 ), #4561, .T. ) ;
#8572 = CARTESIAN_POINT ( 'NONE',  ( -340.3090026065290772, 25.28218986821520531, 0.000000000000000000 ) ) ;
#8573 = EDGE_LOOP ( 'NONE', ( #4930, #2486, #2160, #7611 ) ) ;
#8574 = PRODUCT_DEFINITION_SHAPE ( 'NONE', 'NONE',  #634 ) ;
#8575 = DIRECTION ( 'NONE',  ( 0.000000000000000000, 1.000000000000000000, 0.000000000000000000 ) ) ;
#8576 = DIRECTION ( 'NONE',  ( -0.000000000000000000, -0.000000000000000000, 1.000000000000000000 ) ) ;
#8577 = PLANE ( 'NONE',  #5631 ) ;
#8578 = FACE_OUTER_BOUND ( 'NONE', #1595, .T. ) ;
#8579 = CONTEXT_DEPENDENT_SHAPE_REPRESENTATION ( #649, #2787 ) ;
#8580 = VECTOR ( 'NONE', #8303, 1000.000000000000000 ) ;
#8581 = EDGE_CURVE ( 'NONE', #6272, #6072, #8682, .T. ) ;
#8582 = DIRECTION ( 'NONE',  ( 1.000000000000000000, 0.000000000000000000, 0.000000000000000000 ) ) ;
#8583 = VERTEX_POINT ( 'NONE', #1121 ) ;
#8584 = ADVANCED_FACE ( 'NONE', ( #3884 ), #441, .T. ) ;
#8585 = DIRECTION ( 'NONE',  ( -1.000000000000000000, -0.000000000000000000, -0.000000000000000000 ) ) ;
#8586 = ORIENTED_EDGE ( 'NONE', *, *, #7311, .F. ) ;
#8587 = VECTOR ( 'NONE', #8435, 1000.000000000000000 ) ;
#8588 = VERTEX_POINT ( 'NONE', #7416 ) ;
#8589 =( NAMED_UNIT ( * ) SI_UNIT ( $, .STERADIAN. ) SOLID_ANGLE_UNIT ( ) );
#8590 = FACE_OUTER_BOUND ( 'NONE', #5245, .T. ) ;
#8591 = CARTESIAN_POINT ( 'NONE',  ( -352.1190026065291363, -93.25114346511814745, 0.000000000000000000 ) ) ;
#8592 = LINE ( 'NONE', #357, #6153 ) ;
#8593 = DIRECTION ( 'NONE',  ( -0.8660254037844417052, -1.311306198885165840E-16, 0.4999999999999947820 ) ) ;
#8594 = ADVANCED_FACE ( 'NONE', ( #481 ), #1308, .F. ) ;
#8595 = VECTOR ( 'NONE', #7695, 1000.000000000000000 ) ;
#8596 = EDGE_CURVE ( 'NONE', #5255, #2265, #6740, .T. ) ;
#8597 = CARTESIAN_POINT ( 'NONE',  ( 152.4002906799316008, 20.73421516197590009, 0.000000000000000000 ) ) ;
#8598 = EDGE_LOOP ( 'NONE', ( #8696, #7381, #3486, #6517 ) ) ;
#8599 = ORIENTED_EDGE ( 'NONE', *, *, #6337, .T. ) ;
#8600 = FACE_OUTER_BOUND ( 'NONE', #2765, .T. ) ;
#8601 = AXIS2_PLACEMENT_3D ( 'NONE', #5835, #2551, #4504 ) ;
#8602 = DIRECTION ( 'NONE',  ( 0.000000000000000000, -0.000000000000000000, -1.000000000000000000 ) ) ;
#8603 =( NAMED_UNIT ( * ) PLANE_ANGLE_UNIT ( ) SI_UNIT ( $, .RADIAN. ) );
#8604 = EDGE_CURVE ( 'NONE', #4522, #5365, #6833, .T. ) ;
#8605 = VERTEX_POINT ( 'NONE', #8810 ) ;
#8606 = DIRECTION ( 'NONE',  ( -0.000000000000000000, -0.000000000000000000, 1.000000000000000000 ) ) ;
#8607 = DIRECTION ( 'NONE',  ( 0.000000000000000000, 0.000000000000000000, 1.000000000000000000 ) ) ;
#8608 = MECHANICAL_DESIGN_GEOMETRIC_PRESENTATION_REPRESENTATION (  '', ( #3553 ), #1522 ) ;
#8609 = ORIENTED_EDGE ( 'NONE', *, *, #1493, .T. ) ;
#8610 = ORIENTED_EDGE ( 'NONE', *, *, #908, .F. ) ;
#8611 = VERTEX_POINT ( 'NONE', #8764 ) ;
#8612 = VERTEX_POINT ( 'NONE', #580 ) ;
#8613 = FACE_OUTER_BOUND ( 'NONE', #6438, .T. ) ;
#8614 = AXIS2_PLACEMENT_3D ( 'NONE', #1239, #12, #7628 ) ;
#8615 = LINE ( 'NONE', #968, #351 ) ;
#8616 = LINE ( 'NONE', #1647, #1666 ) ;
#8617 = EDGE_LOOP ( 'NONE', ( #1944, #7389, #7169, #498 ) ) ;
#8618 = VERTEX_POINT ( 'NONE', #5382 ) ;
#8619 = DIRECTION ( 'NONE',  ( 0.000000000000000000, 0.000000000000000000, 1.000000000000000000 ) ) ;
#8620 = VECTOR ( 'NONE', #8423, 1000.000000000000000 ) ;
#8621 = ORIENTED_EDGE ( 'NONE', *, *, #400, .F. ) ;
#8622 = DIRECTION ( 'NONE',  ( -1.000000000000000000, -1.706325926237332771E-16, 0.000000000000000000 ) ) ;
#8623 = DIRECTION ( 'NONE',  ( 0.000000000000000000, 0.000000000000000000, 1.000000000000000000 ) ) ;
#8624 = FILL_AREA_STYLE_COLOUR ( '', #6929 ) ;
#8625 = FACE_OUTER_BOUND ( 'NONE', #8149, .T. ) ;
#8626 = VECTOR ( 'NONE', #6020, 1000.000000000000000 ) ;
#8627 = ITEM_DEFINED_TRANSFORMATION ( 'NONE', 'NONE', #5938,  #3886 ) ;
#8628 = CARTESIAN_POINT ( 'NONE',  ( -126.9999999999999716, -292.9900000000000091, 11.81000000000000050 ) ) ;
#8629 = EDGE_LOOP ( 'NONE', ( #8436, #6483, #2219, #1766 ) ) ;
#8630 = VECTOR ( 'NONE', #128, 1000.000000000000000 ) ;
#8631 = AXIS2_PLACEMENT_3D ( 'NONE', #4548, #2547, #8078 ) ;
#8632 = ORIENTED_EDGE ( 'NONE', *, *, #2576, .T. ) ;
#8633 = ORIENTED_EDGE ( 'NONE', *, *, #8465, .F. ) ;
#8634 = EDGE_CURVE ( 'NONE', #6895, #463, #623, .T. ) ;
#8635 = CARTESIAN_POINT ( 'NONE',  ( 304.8000000000000114, 6.988251248292928430, 11.81000000000000050 ) ) ;
#8636 = LINE ( 'NONE', #8718, #5020 ) ;
#8637 = CARTESIAN_POINT ( 'NONE',  ( -457.1999999999999886, 58.83421516197583401, 11.81000000000000050 ) ) ;
#8638 = ORIENTED_EDGE ( 'NONE', *, *, #5716, .T. ) ;
#8639 = CARTESIAN_POINT ( 'NONE',  ( -47.31900260652908941, 50.68218986821523941, 11.81000000000000050 ) ) ;
#8640 = DIRECTION ( 'NONE',  ( -0.8660254037844414832, 1.311306198885165840E-16, 0.4999999999999948930 ) ) ;
#8641 = EDGE_CURVE ( 'NONE', #6354, #4055, #7464, .T. ) ;
#8642 = VECTOR ( 'NONE', #4322, 1000.000000000000000 ) ;
#8643 = VECTOR ( 'NONE', #3586, 1000.000000000000000 ) ;
#8644 = LINE ( 'NONE', #3803, #2399 ) ;
#8645 = ORIENTED_EDGE ( 'NONE', *, *, #4432, .T. ) ;
#8646 = AXIS2_PLACEMENT_3D ( 'NONE', #958, #5039, #4222 ) ;
#8647 = VERTEX_POINT ( 'NONE', #6695 ) ;
#8648 = EDGE_CURVE ( 'NONE', #8716, #212, #8136, .T. ) ;
#8650 = CARTESIAN_POINT ( 'NONE',  ( -80.73000000000001819, -111.5450820850404767, 11.81000000000000050 ) ) ;
#8649 = VECTOR ( 'NONE', #7414, 1000.000000000000000 ) ;
#8651 = DIRECTION ( 'NONE',  ( -2.900420671469659582E-16, 1.000000000000000000, -0.000000000000000000 ) ) ;
#8652 = ADVANCED_FACE ( 'NONE', ( #8092 ), #8183, .F. ) ;
#8653 = VECTOR ( 'NONE', #4071, 1000.000000000000000 ) ;
#8654 = EDGE_LOOP ( 'NONE', ( #8251, #3901, #7345, #7879 ) ) ;
#8655 = PRESENTATION_STYLE_ASSIGNMENT (( #1723 ) ) ;
#8656 = CARTESIAN_POINT ( 'NONE',  ( -445.3899999999999864, 96.93421516197595622, 11.81000000000000050 ) ) ;
#8657 = EDGE_LOOP ( 'NONE', ( #6123, #3042, #6111, #3148 ) ) ;
#8658 = ORIENTED_EDGE ( 'NONE', *, *, #4404, .F. ) ;
#8659 = ORIENTED_EDGE ( 'NONE', *, *, #2599, .T. ) ;
#8660 = EDGE_CURVE ( 'NONE', #1820, #965, #3389, .T. ) ;
#8661 = CARTESIAN_POINT ( 'NONE',  ( -152.3999999999999773, -267.5900000000000318, 11.81000000000000050 ) ) ;
#8662 = AXIS2_PLACEMENT_3D ( 'NONE', #6247, #1395, #2793 ) ;
#8663 = LINE ( 'NONE', #5957, #4695 ) ;
#8664 = DIRECTION ( 'NONE',  ( 1.000000000000000000, -2.937719688360373903E-16, 0.000000000000000000 ) ) ;
#8665 = CARTESIAN_POINT ( 'NONE',  ( -340.3090026065291340, -8.584476798451465385, 0.000000000000000000 ) ) ;
#8666 = ORIENTED_EDGE ( 'NONE', *, *, #6559, .T. ) ;
#8667 = DIRECTION ( 'NONE',  ( 1.000000000000000000, 0.000000000000000000, 0.000000000000000000 ) ) ;
#8668 = VERTEX_POINT ( 'NONE', #1210 ) ;
#8669 = EDGE_CURVE ( 'NONE', #1161, #8480, #3973, .T. ) ;
#8670 = DIRECTION ( 'NONE',  ( 0.000000000000000000, 0.000000000000000000, 1.000000000000000000 ) ) ;
#8671 = LINE ( 'NONE', #8798, #4303 ) ;
#8672 = MECHANICAL_DESIGN_GEOMETRIC_PRESENTATION_REPRESENTATION (  '', ( #5647 ), #426 ) ;
#8673 = DIRECTION ( 'NONE',  ( -2.175315503602243824E-16, 1.000000000000000000, -0.000000000000000000 ) ) ;
#8674 = ITEM_DEFINED_TRANSFORMATION ( 'NONE', 'NONE', #3326,  #3886 ) ;
#8675 = EDGE_CURVE ( 'NONE', #1379, #5523, #2071, .T. ) ;
#8676 = CARTESIAN_POINT ( 'NONE',  ( -304.8000000000000114, 66.25491791495954885, 11.81000000000000050 ) ) ;
#8677 = VERTEX_POINT ( 'NONE', #4022 ) ;
#8678 = DIRECTION ( 'NONE',  ( -1.000000000000000000, -9.106159978880877395E-17, 0.000000000000000000 ) ) ;
#8679 = EDGE_LOOP ( 'NONE', ( #1428, #6284, #53, #6519 ) ) ;
#8680 = DIRECTION ( 'NONE',  ( 0.000000000000000000, 1.000000000000000000, 0.000000000000000000 ) ) ;
#8681 = DIRECTION ( 'NONE',  ( 1.000000000000000000, 0.000000000000000000, 0.000000000000000000 ) ) ;
#8682 = LINE ( 'NONE', #2476, #5196 ) ;
#8683 = ORIENTED_EDGE ( 'NONE', *, *, #8453, .F. ) ;
#8684 = LINE ( 'NONE', #2563, #1378 ) ;
#8685 = DIRECTION ( 'NONE',  ( 0.000000000000000000, 0.000000000000000000, -1.000000000000000000 ) ) ;
#8686 =( REPRESENTATION_RELATIONSHIP ('NONE','NONE', #853, #746 ) REPRESENTATION_RELATIONSHIP_WITH_TRANSFORMATION ( #3023 )SHAPE_REPRESENTATION_RELATIONSHIP( ) );
#8687 = ADVANCED_FACE ( 'NONE', ( #8238 ), #6115, .F. ) ;
#8688 = DIRECTION ( 'NONE',  ( -0.000000000000000000, -0.000000000000000000, 1.000000000000000000 ) ) ;
#8689 = VERTEX_POINT ( 'NONE', #8903 ) ;
#8690 = DIRECTION ( 'NONE',  ( -1.000000000000000000, -2.175315503602243824E-16, 0.000000000000000000 ) ) ;
#8691 = MECHANICAL_DESIGN_GEOMETRIC_PRESENTATION_REPRESENTATION (  '', ( #7968 ), #1173 ) ;
#8692 = EDGE_CURVE ( 'NONE', #5457, #3096, #4798, .T. ) ;
#8693 = ORIENTED_EDGE ( 'NONE', *, *, #7932, .F. ) ;
#8694 = LINE ( 'NONE', #1677, #8415 ) ;
#8695 = DIRECTION ( 'NONE',  ( -0.000000000000000000, -0.000000000000000000, 1.000000000000000000 ) ) ;
#8696 = ORIENTED_EDGE ( 'NONE', *, *, #8877, .F. ) ;
#8697 = EDGE_LOOP ( 'NONE', ( #6670, #1542, #7969, #744 ) ) ;
#8698 = ORIENTED_EDGE ( 'NONE', *, *, #340, .T. ) ;
#8699 = EDGE_CURVE ( 'NONE', #3988, #8556, #5475, .T. ) ;
#8700 = VECTOR ( 'NONE', #5204, 1000.000000000000000 ) ;
#8701 = LINE ( 'NONE', #329, #403 ) ;
#8702 = LINE ( 'NONE', #5054, #1934 ) ;
#8703 = DIRECTION ( 'NONE',  ( -1.000000000000000000, 0.000000000000000000, -0.000000000000000000 ) ) ;
#8704 = ORIENTED_EDGE ( 'NONE', *, *, #897, .F. ) ;
#8705 = PLANE ( 'NONE',  #4511 ) ;
#8706 = ORIENTED_EDGE ( 'NONE', *, *, #5786, .T. ) ;
#8707 = LINE ( 'NONE', #8123, #1985 ) ;
#8708 = ADVANCED_BREP_SHAPE_REPRESENTATION ( '', ( #2927, #3886 ), #2023 ) ;
#8709 = LINE ( 'NONE', #5198, #8490 ) ;
#8710 = DIRECTION ( 'NONE',  ( 0.000000000000000000, 0.000000000000000000, 1.000000000000000000 ) ) ;
#8711 = UNCERTAINTY_MEASURE_WITH_UNIT (LENGTH_MEASURE( 1.000000000000000082E-05 ), #471, 'distance_accuracy_value', 'NONE');
#8712 = EDGE_CURVE ( 'NONE', #2265, #3958, #4113, .T. ) ;
#8713 = DIRECTION ( 'NONE',  ( 0.000000000000000000, 0.000000000000000000, -1.000000000000000000 ) ) ;
#8714 = ORIENTED_EDGE ( 'NONE', *, *, #3676, .F. ) ;
#8715 = DIRECTION ( 'NONE',  ( 0.000000000000000000, -0.000000000000000000, 1.000000000000000000 ) ) ;
#8716 = VERTEX_POINT ( 'NONE', #8280 ) ;
#8717 = DIRECTION ( 'NONE',  ( -0.000000000000000000, -0.000000000000000000, 1.000000000000000000 ) ) ;
#8718 = CARTESIAN_POINT ( 'NONE',  ( -223.2989142387372681, 11.81000000000000050, -1142.023107283573609 ) ) ;
#8719 = CARTESIAN_POINT ( 'NONE',  ( 59.26666666666674388, -292.9900000000000091, 11.81000000000000050 ) ) ;
#8720 = EDGE_CURVE ( 'NONE', #8618, #408, #7373, .T. ) ;
#8721 = VERTEX_POINT ( 'NONE', #4287 ) ;
#8722 = FACE_OUTER_BOUND ( 'NONE', #3731, .T. ) ;
#8723 = DIRECTION ( 'NONE',  ( -8.628166150854816622E-32, 3.557970109941299370E-18, -1.000000000000000000 ) ) ;
#8724 = LINE ( 'NONE', #5123, #6601 ) ;
#8725 = VECTOR ( 'NONE', #8077, 1000.000000000000000 ) ;
#8726 = ORIENTED_EDGE ( 'NONE', *, *, #7792, .F. ) ;
#8727 = ORIENTED_EDGE ( 'NONE', *, *, #8830, .F. ) ;
#8728 = DIRECTION ( 'NONE',  ( -1.000000000000000000, 0.000000000000000000, -0.000000000000000000 ) ) ;
#8729 = CARTESIAN_POINT ( 'NONE',  ( -382.7386812835923138, -114.2278101317851764, 11.81000000000000050 ) ) ;
#8730 = AXIS2_PLACEMENT_3D ( 'NONE', #1234, #8787, #461 ) ;
#8731 = ORIENTED_EDGE ( 'NONE', *, *, #5940, .T. ) ;
#8732 = DIRECTION ( 'NONE',  ( -1.000000000000000000, 1.092739197465705287E-15, -0.000000000000000000 ) ) ;
#8733 = DIRECTION ( 'NONE',  ( 1.706325926237332771E-16, -1.000000000000000000, -0.000000000000000000 ) ) ;
#8734 = ORIENTED_EDGE ( 'NONE', *, *, #4501, .F. ) ;
#8735 = VECTOR ( 'NONE', #6206, 1000.000000000000000 ) ;
#8736 = VERTEX_POINT ( 'NONE', #8366 ) ;
#8737 = CARTESIAN_POINT ( 'NONE',  ( 127.0000000000001137, 304.8000000000000114, 0.000000000000000000 ) ) ;
#8738 = CARTESIAN_POINT ( 'NONE',  ( -172.4989142387372567, 0.000000000000000000, -1294.423107283573927 ) ) ;
#8739 = EDGE_CURVE ( 'NONE', #212, #1404, #2923, .T. ) ;
#8740 = DIRECTION ( 'NONE',  ( 1.000000000000000000, -0.000000000000000000, -0.000000000000000000 ) ) ;
#8741 = CARTESIAN_POINT ( 'NONE',  ( 140.5902906799316270, 96.93421516197595622, 11.81000000000000050 ) ) ;
#8742 = COLOUR_RGB ( '',1.000000000000000000, 1.000000000000000000, 1.000000000000000000 ) ;
#8743 = EDGE_CURVE ( 'NONE', #395, #7883, #4927, .T. ) ;
#8744 = EDGE_LOOP ( 'NONE', ( #1485, #620, #779, #4096 ) ) ;
#8745 = ORIENTED_EDGE ( 'NONE', *, *, #7720, .T. ) ;
#8746 = PLANE ( 'NONE',  #614 ) ;
#8747 = ORIENTED_EDGE ( 'NONE', *, *, #8368, .F. ) ;
#8748 = CARTESIAN_POINT ( 'NONE',  ( -419.9900000000000091, -4.665784838024156223, 0.000000000000000000 ) ) ;
#8749 = VECTOR ( 'NONE', #8301, 1000.000000000000000 ) ;
#8750 = EDGE_CURVE ( 'NONE', #3810, #2593, #3613, .T. ) ;
#8751 = DIRECTION ( 'NONE',  ( 1.000000000000000000, -4.200324197239087429E-15, -0.000000000000000000 ) ) ;
#8752 = DIRECTION ( 'NONE',  ( -2.175315503602243824E-16, 1.000000000000000000, -0.000000000000000000 ) ) ;
#8753 = SURFACE_SIDE_STYLE ('',( #6011 ) ) ;
#8754 = DIRECTION ( 'NONE',  ( -4.553079989440437711E-16, 1.000000000000000000, 0.000000000000000000 ) ) ;
#8755 = VECTOR ( 'NONE', #7608, 1000.000000000000000 ) ;
#8756 = CARTESIAN_POINT ( 'NONE',  ( -292.9900000000000091, 91.65491791495954033, 11.81000000000000050 ) ) ;
#8757 = ORIENTED_EDGE ( 'NONE', *, *, #5015, .T. ) ;
#8758 = LINE ( 'NONE', #6201, #4153 ) ;
#8759 = ADVANCED_FACE ( 'NONE', ( #7603 ), #7099, .F. ) ;
#8760 = ORIENTED_EDGE ( 'NONE', *, *, #4064, .T. ) ;
#8761 = CARTESIAN_POINT ( 'NONE',  ( -140.5900000000000034, -292.9900000000000091, 0.000000000000000000 ) ) ;
#8762 = VECTOR ( 'NONE', #2922, 1000.000000000000000 ) ;
#8763 = CARTESIAN_POINT ( 'NONE',  ( 25.40000000000000213, 11.81000000000000050, 164.2100000000000364 ) ) ;
#8764 = CARTESIAN_POINT ( 'NONE',  ( -292.9900000000000091, -26.87841541837378401, 11.81000000000000050 ) ) ;
#8765 = ORIENTED_EDGE ( 'NONE', *, *, #8634, .T. ) ;
#8766 = LINE ( 'NONE', #2388, #2223 ) ;
#8767 = CARTESIAN_POINT ( 'NONE',  ( 70.89891423873723397, 304.8000000000000682, 1345.223107283573654 ) ) ;
#8768 =( GEOMETRIC_REPRESENTATION_CONTEXT ( 3 ) GLOBAL_UNCERTAINTY_ASSIGNED_CONTEXT ( ( #3920 ) ) GLOBAL_UNIT_ASSIGNED_CONTEXT ( ( #5113, #7905, #437 ) ) REPRESENTATION_CONTEXT ( 'NONE', 'WORKASPACE' ) );
#8769 = CARTESIAN_POINT ( 'NONE',  ( 0.000000000000000000, 0.000000000000000000, 11.81000000000000050 ) ) ;
#8770 = VECTOR ( 'NONE', #155, 1000.000000000000000 ) ;
#8771 = ORIENTED_EDGE ( 'NONE', *, *, #6588, .F. ) ;
#8772 = ADVANCED_FACE ( 'NONE', ( #4243 ), #891, .F. ) ;
#8773 = CARTESIAN_POINT ( 'NONE',  ( -352.1190026065291363, -33.98447679845147462, 0.000000000000000000 ) ) ;
#8774 = AXIS2_PLACEMENT_3D ( 'NONE', #4193, #3473, #2779 ) ;
#8775 = AXIS2_PLACEMENT_3D ( 'NONE', #4846, #727, #7658 ) ;
#8776 =( NAMED_UNIT ( * ) PLANE_ANGLE_UNIT ( ) SI_UNIT ( $, .RADIAN. ) );
#8777 = CARTESIAN_POINT ( 'NONE',  ( -59.26666666666662309, 304.8000000000000114, 11.81000000000000050 ) ) ;
#8778 = ORIENTED_EDGE ( 'NONE', *, *, #4742, .T. ) ;
#8779 = DIRECTION ( 'NONE',  ( -0.000000000000000000, 1.000000000000000000, 0.000000000000000000 ) ) ;
#8780 = DIRECTION ( 'NONE',  ( -1.000000000000000000, -0.000000000000000000, -0.000000000000000000 ) ) ;
#8781 = VERTEX_POINT ( 'NONE', #3485 ) ;
#8782 = ORIENTED_EDGE ( 'NONE', *, *, #5329, .F. ) ;
#8783 = VECTOR ( 'NONE', #2312, 1000.000000000000000 ) ;
#8784 = ORIENTED_EDGE ( 'NONE', *, *, #3906, .T. ) ;
#8785 = CARTESIAN_POINT ( 'NONE',  ( 59.26666666666674388, 304.8000000000000114, 0.000000000000000000 ) ) ;
#8786 = CARTESIAN_POINT ( 'NONE',  ( 140.5900000000000034, -106.1299999999999955, 11.81000000000000050 ) ) ;
#8787 = DIRECTION ( 'NONE',  ( 1.000000000000000000, 0.000000000000000000, 0.000000000000000000 ) ) ;
#8788 = VECTOR ( 'NONE', #1318, 1000.000000000000000 ) ;
#8789 = LINE ( 'NONE', #2586, #2389 ) ;
#8790 = LINE ( 'NONE', #508, #6677 ) ;
#8791 = ORIENTED_EDGE ( 'NONE', *, *, #4649, .T. ) ;
#8792 = CARTESIAN_POINT ( 'NONE',  ( -172.4989142387372567, 0.000000000000000000, -1142.023107283573381 ) ) ;
#8793 = ADVANCED_FACE ( 'NONE', ( #5607 ), #849, .F. ) ;
#8794 = ORIENTED_EDGE ( 'NONE', *, *, #8175, .F. ) ;
#8795 = ORIENTED_EDGE ( 'NONE', *, *, #3619, .F. ) ;
#8796 = DIRECTION ( 'NONE',  ( 1.706325926237332771E-16, -1.000000000000000000, -0.000000000000000000 ) ) ;
#8797 = DIRECTION ( 'NONE',  ( 4.200324197239087429E-15, 1.000000000000000000, 0.000000000000000000 ) ) ;
#8798 = CARTESIAN_POINT ( 'NONE',  ( -165.0998546600341967, 7.144215161975789208, 0.000000000000000000 ) ) ;
#8799 = FILL_AREA_STYLE ('',( #8624 ) ) ;
#8800 = CARTESIAN_POINT ( 'NONE',  ( 106.1299999999999955, -111.5450820850404767, 0.000000000000000000 ) ) ;
#8801 = DIRECTION ( 'NONE',  ( -1.000000000000000000, -0.000000000000000000, -0.000000000000000000 ) ) ;
#8802 = EDGE_CURVE ( 'NONE', #7513, #8202, #8449, .T. ) ;
#8803 = ORIENTED_EDGE ( 'NONE', *, *, #4943, .T. ) ;
#8804 = CARTESIAN_POINT ( 'NONE',  ( -352.1190026065291363, -8.584476798451465385, 0.000000000000000000 ) ) ;
#8805 = EDGE_CURVE ( 'NONE', #6969, #2830, #757, .T. ) ;
#8806 = AXIS2_PLACEMENT_3D ( 'NONE', #4565, #5164, #315 ) ;
#8807 = ORIENTED_EDGE ( 'NONE', *, *, #6155, .F. ) ;
#8808 = CARTESIAN_POINT ( 'NONE',  ( -445.3899999999999864, 96.93421516197595622, 0.000000000000000000 ) ) ;
#8809 = CARTESIAN_POINT ( 'NONE',  ( -25.40000000000000213, 11.81000000000000050, -164.2100000000000364 ) ) ;
#8810 = CARTESIAN_POINT ( 'NONE',  ( -382.7386812835923138, -126.9278101317851082, 11.81000000000000050 ) ) ;
#8811 = ORIENTED_EDGE ( 'NONE', *, *, #3581, .F. ) ;
#8812 = CARTESIAN_POINT ( 'NONE',  ( -25.40000000000000213, 0.000000000000000000, 164.2100000000000364 ) ) ;
#8813 = CARTESIAN_POINT ( 'NONE',  ( -59.76005695491222269, -304.8001453399657521, 1037.102325910920172 ) ) ;
#8814 = VECTOR ( 'NONE', #8144, 1000.000000000000000 ) ;
#8815 = LINE ( 'NONE', #4616, #4289 ) ;
#8816 = ADVANCED_FACE ( 'NONE', ( #6333 ), #7648, .F. ) ;
#8817 = VERTEX_POINT ( 'NONE', #7006 ) ;
#8818 = EDGE_LOOP ( 'NONE', ( #5637, #1241, #234, #512 ) ) ;
#8819 =( LENGTH_UNIT ( ) NAMED_UNIT ( * ) SI_UNIT ( .MILLI., .METRE. ) );
#8820 = LINE ( 'NONE', #682, #7926 ) ;
#8821 = CARTESIAN_POINT ( 'NONE',  ( -140.5900000000000034, -106.1299999999999955, 0.000000000000000000 ) ) ;
#8822 = EDGE_CURVE ( 'NONE', #3064, #3898, #1525, .T. ) ;
#8823 = VERTEX_POINT ( 'NONE', #2877 ) ;
#8824 = CARTESIAN_POINT ( 'NONE',  ( -13.58999999999560160, 165.0997093200683992, 11.81000000000000050 ) ) ;
#8825 = VERTEX_POINT ( 'NONE', #162 ) ;
#8826 = ORIENTED_EDGE ( 'NONE', *, *, #3295, .T. ) ;
#8827 = ORIENTED_EDGE ( 'NONE', *, *, #4107, .F. ) ;
#8828 = CARTESIAN_POINT ( 'NONE',  ( -687.5386812835920409, -114.2278101317851906, 0.000000000000000000 ) ) ;
#8829 = DIRECTION ( 'NONE',  ( 0.000000000000000000, 0.000000000000000000, 1.000000000000000000 ) ) ;
#8830 = EDGE_CURVE ( 'NONE', #7074, #3783, #5017, .T. ) ;
#8831 = CARTESIAN_POINT ( 'NONE',  ( -457.1999999999999886, 33.43421516197582832, 0.000000000000000000 ) ) ;
#8832 = DIRECTION ( 'NONE',  ( -1.000000000000000000, -0.000000000000000000, -0.000000000000000000 ) ) ;
#8833 = CARTESIAN_POINT ( 'NONE',  ( -445.3899999999999864, 96.93421516197595622, 11.81000000000000050 ) ) ;
#8834 = VERTEX_POINT ( 'NONE', #3523 ) ;
#8835 = CARTESIAN_POINT ( 'NONE',  ( -675.7286812835919818, -76.12781013178523892, 11.81000000000000050 ) ) ;
#8836 = ORIENTED_EDGE ( 'NONE', *, *, #3616, .T. ) ;
#8837 =( GEOMETRIC_REPRESENTATION_CONTEXT ( 3 ) GLOBAL_UNCERTAINTY_ASSIGNED_CONTEXT ( ( #6013 ) ) GLOBAL_UNIT_ASSIGNED_CONTEXT ( ( #4316, #4359, #6312 ) ) REPRESENTATION_CONTEXT ( 'NONE', 'WORKASPACE' ) );
#8838 = ORIENTED_EDGE ( 'NONE', *, *, #5998, .F. ) ;
#8839 = CARTESIAN_POINT ( 'NONE',  ( -352.1190026065291363, -152.5178101317848132, 0.000000000000000000 ) ) ;
#8840 = DIRECTION ( 'NONE',  ( 0.000000000000000000, 0.000000000000000000, 1.000000000000000000 ) ) ;
#8841 = CARTESIAN_POINT ( 'NONE',  ( -382.7386812835923138, -114.2278101317851764, 0.000000000000000000 ) ) ;
#8842 = EDGE_CURVE ( 'NONE', #8202, #3536, #207, .T. ) ;
#8843 = DIRECTION ( 'NONE',  ( -0.000000000000000000, -0.000000000000000000, 1.000000000000000000 ) ) ;
#8844 = AXIS2_PLACEMENT_3D ( 'NONE', #5467, #8359, #4921 ) ;
#8845 = DIRECTION ( 'NONE',  ( 0.000000000000000000, -0.000000000000000000, 1.000000000000000000 ) ) ;
#8846 = ORIENTED_EDGE ( 'NONE', *, *, #5333, .F. ) ;
#8847 = CARTESIAN_POINT ( 'NONE',  ( 80.73000000000001819, -111.5450820850404767, 0.000000000000000000 ) ) ;
#8848 = APPLICATION_CONTEXT ( 'automotive_design' ) ;
#8849 = ORIENTED_EDGE ( 'NONE', *, *, #5028, .F. ) ;
#8850 = DIRECTION ( 'NONE',  ( 0.000000000000000000, 0.000000000000000000, 1.000000000000000000 ) ) ;
#8851 = DIRECTION ( 'NONE',  ( -1.000000000000000000, 1.092739197465705287E-15, -0.000000000000000000 ) ) ;
#8852 = CARTESIAN_POINT ( 'NONE',  ( -352.1190026065291363, -93.25114346511814745, 0.000000000000000000 ) ) ;
#8853 = ADVANCED_FACE ( 'NONE', ( #8406 ), #4838, .T. ) ;
#8854 = ORIENTED_EDGE ( 'NONE', *, *, #4673, .F. ) ;
#8855 = ADVANCED_FACE ( 'NONE', ( #7727 ), #8498, .F. ) ;
#8856 = CARTESIAN_POINT ( 'NONE',  ( -59.12900260652919826, 25.28218986821523373, 0.000000000000000000 ) ) ;
#8857 = DIRECTION ( 'NONE',  ( 0.4999999999999948930, 1.276222519706407367E-16, 0.8660254037844414832 ) ) ;
#8858 = EDGE_CURVE ( 'NONE', #8689, #7074, #4157, .T. ) ;
#8859 = CARTESIAN_POINT ( 'NONE',  ( -13.58999999999560160, 419.9897093200684139, 11.81000000000000050 ) ) ;
#8860 = VERTEX_POINT ( 'NONE', #3828 ) ;
#8861 = ORIENTED_EDGE ( 'NONE', *, *, #3670, .F. ) ;
#8862 = CARTESIAN_POINT ( 'NONE',  ( -445.3899999999999864, 7.144215161975845163, 11.81000000000000050 ) ) ;
#8863 = CARTESIAN_POINT ( 'NONE',  ( -13.58999999999560160, -115.1902906799316355, 0.000000000000000000 ) ) ;
#8864 = EDGE_CURVE ( 'NONE', #4814, #1367, #7989, .T. ) ;
#8865 = FILL_AREA_STYLE_COLOUR ( '', #277 ) ;
#8866 = EDGE_CURVE ( 'NONE', #2979, #2774, #5834, .T. ) ;
#8867 = AXIS2_PLACEMENT_3D ( 'NONE', #7545, #6098, #653 ) ;
#8868 = ORIENTED_EDGE ( 'NONE', *, *, #5944, .F. ) ;
#8869 = LINE ( 'NONE', #8919, #3502 ) ;
#8870 = CARTESIAN_POINT ( 'NONE',  ( -59.12900260652914852, -93.25114346511811902, 0.000000000000000000 ) ) ;
#8871 = EDGE_LOOP ( 'NONE', ( #4752, #2604, #595, #3000 ) ) ;
#8872 = VERTEX_POINT ( 'NONE', #2334 ) ;
#8873 = ORIENTED_EDGE ( 'NONE', *, *, #1762, .T. ) ;
#8874 = ORIENTED_EDGE ( 'NONE', *, *, #2211, .T. ) ;
#8875 = LINE ( 'NONE', #2672, #6338 ) ;
#8876 = AXIS2_PLACEMENT_3D ( 'NONE', #949, #811, #3712 ) ;
#8877 = EDGE_CURVE ( 'NONE', #8611, #1029, #980, .T. ) ;
#8878 = CARTESIAN_POINT ( 'NONE',  ( -675.7286812835920955, -50.72781013178523324, 0.000000000000000000 ) ) ;
#8879 = DIRECTION ( 'NONE',  ( 0.000000000000000000, -1.000000000000000000, 0.000000000000000000 ) ) ;
#8880 = ORIENTED_EDGE ( 'NONE', *, *, #6624, .F. ) ;
#8881 = CARTESIAN_POINT ( 'NONE',  ( -25.39999999999560387, -115.1902906799316355, 0.000000000000000000 ) ) ;
#8882 = VECTOR ( 'NONE', #5609, 1000.000000000000000 ) ;
#8883 = VERTEX_POINT ( 'NONE', #8542 ) ;
#8884 = DIRECTION ( 'NONE',  ( 0.000000000000000000, 0.000000000000000000, 1.000000000000000000 ) ) ;
#8885 = ORIENTED_EDGE ( 'NONE', *, *, #2214, .F. ) ;
#8886 = VERTEX_POINT ( 'NONE', #935 ) ;
#8887 = DIRECTION ( 'NONE',  ( -1.000000000000000000, -1.706325926237332771E-16, 0.000000000000000000 ) ) ;
#8888 = EDGE_CURVE ( 'NONE', #3066, #2453, #5796, .T. ) ;
#8889 = VECTOR ( 'NONE', #2960, 1000.000000000000000 ) ;
#8890 = CARTESIAN_POINT ( 'NONE',  ( -152.3999999999999773, 304.8000000000000114, 11.81000000000000050 ) ) ;
#8891 = CARTESIAN_POINT ( 'NONE',  ( -292.9900000000000091, 91.65491791495954033, 11.81000000000000050 ) ) ;
#8892 =( NAMED_UNIT ( * ) PLANE_ANGLE_UNIT ( ) SI_UNIT ( $, .RADIAN. ) );
#8893 = CARTESIAN_POINT ( 'NONE',  ( -165.0998546600341967, -4.665784838024212178, 11.81000000000000050 ) ) ;
#8894 = ITEM_DEFINED_TRANSFORMATION ( 'NONE', 'NONE', #576,  #3886 ) ;
#8895 = PRODUCT_DEFINITION_CONTEXT ( 'detailed design', #1861, 'design' ) ;
#8896 = DIRECTION ( 'NONE',  ( 0.000000000000000000, 1.000000000000000000, 0.000000000000000000 ) ) ;
#8897 = AXIS2_PLACEMENT_3D ( 'NONE', #6138, #6855, #8260 ) ;
#8898 = ORIENTED_EDGE ( 'NONE', *, *, #412, .F. ) ;
#8899 = LINE ( 'NONE', #5650, #4176 ) ;
#8900 = ORIENTED_EDGE ( 'NONE', *, *, #4682, .T. ) ;
#8901 = CARTESIAN_POINT ( 'NONE',  ( -304.8000000000000114, -26.87841541837379111, 0.000000000000000000 ) ) ;
#8902 = LINE ( 'NONE', #4797, #4149 ) ;
#8903 = CARTESIAN_POINT ( 'NONE',  ( -33.86666666666661740, -304.8000000000000114, 0.000000000000000000 ) ) ;
#8904 = ORIENTED_EDGE ( 'NONE', *, *, #141, .F. ) ;
#8905 = LINE ( 'NONE', #2701, #1950 ) ;
#8906 = AXIS2_PLACEMENT_3D ( 'NONE', #6975, #6261, #179 ) ;
#8907 =( NAMED_UNIT ( * ) PLANE_ANGLE_UNIT ( ) SI_UNIT ( $, .RADIAN. ) );
#8908 = DIRECTION ( 'NONE',  ( 1.000000000000000000, 2.276539994720220581E-17, 0.000000000000000000 ) ) ;
#8909 = ADVANCED_FACE ( 'NONE', ( #432 ), #8577, .F. ) ;
#8910 = AXIS2_PLACEMENT_3D ( 'NONE', #1653, #3059, #8497 ) ;
#8911 = ORIENTED_EDGE ( 'NONE', *, *, #6106, .F. ) ;
#8912 = ORIENTED_EDGE ( 'NONE', *, *, #229, .F. ) ;
#8913 = CARTESIAN_POINT ( 'NONE',  ( -304.8000000000000114, -111.5450820850404625, 0.000000000000000000 ) ) ;
#8914 = EDGE_CURVE ( 'NONE', #2867, #8518, #5199, .T. ) ;
#8915 = DIRECTION ( 'NONE',  ( 1.000000000000000000, 0.000000000000000000, 0.000000000000000000 ) ) ;
#8916 = VECTOR ( 'NONE', #8363, 1000.000000000000000 ) ;
#8917 = VECTOR ( 'NONE', #7552, 1000.000000000000000 ) ;
#8918 = VERTEX_POINT ( 'NONE', #2374 ) ;
#8919 = CARTESIAN_POINT ( 'NONE',  ( 152.4002906799316008, 33.43421516197587096, 11.81000000000000050 ) ) ;
#8920 = FACE_OUTER_BOUND ( 'NONE', #1598, .T. ) ;
#8921 = ORIENTED_EDGE ( 'NONE', *, *, #7987, .T. ) ;
#8922 = VERTEX_POINT ( 'NONE', #4374 ) ;
#8923 = ADVANCED_FACE ( 'NONE', ( #342 ), #3196, .T. ) ;
#8924 = ORIENTED_EDGE ( 'NONE', *, *, #276, .T. ) ;
#8925 = VECTOR ( 'NONE', #1510, 1000.000000000000000 ) ;
#8926 = EDGE_CURVE ( 'NONE', #7232, #2694, #4416, .T. ) ;
#8927 = NEXT_ASSEMBLY_USAGE_OCCURRENCE ( 'NAUO1', ' ', ' ', #7170, #8277, $ ) ;
#8928 = NEXT_ASSEMBLY_USAGE_OCCURRENCE ( 'NAUO2', ' ', ' ', #7170, #3184, $ ) ;
#8929 = NEXT_ASSEMBLY_USAGE_OCCURRENCE ( 'NAUO3', ' ', ' ', #7170, #7329, $ ) ;
#8930 = NEXT_ASSEMBLY_USAGE_OCCURRENCE ( 'NAUO4', ' ', ' ', #7170, #3184, $ ) ;
#8931 = NEXT_ASSEMBLY_USAGE_OCCURRENCE ( 'NAUO5', ' ', ' ', #7170, #7329, $ ) ;
#8932 = NEXT_ASSEMBLY_USAGE_OCCURRENCE ( 'NAUO6', ' ', ' ', #7170, #3569, $ ) ;
#8933 = NEXT_ASSEMBLY_USAGE_OCCURRENCE ( 'NAUO7', ' ', ' ', #7170, #4395, $ ) ;
#8934 = NEXT_ASSEMBLY_USAGE_OCCURRENCE ( 'NAUO8', ' ', ' ', #7170, #7616, $ ) ;
#8935 = NEXT_ASSEMBLY_USAGE_OCCURRENCE ( 'NAUO9', ' ', ' ', #7170, #7616, $ ) ;
#8936 = NEXT_ASSEMBLY_USAGE_OCCURRENCE ( 'NAUO10', ' ', ' ', #7170, #3569, $ ) ;
#8937 = NEXT_ASSEMBLY_USAGE_OCCURRENCE ( 'NAUO11', ' ', ' ', #7170, #634, $ ) ;
#8938 = NEXT_ASSEMBLY_USAGE_OCCURRENCE ( 'NAUO12', ' ', ' ', #7170, #2349, $ ) ;
#8939 = NEXT_ASSEMBLY_USAGE_OCCURRENCE ( 'NAUO13', ' ', ' ', #7170, #2349, $ ) ;
#8940 = NEXT_ASSEMBLY_USAGE_OCCURRENCE ( 'NAUO14', ' ', ' ', #7170, #6510, $ ) ;
#8941 = NEXT_ASSEMBLY_USAGE_OCCURRENCE ( 'NAUO15', ' ', ' ', #7170, #6510, $ ) ;
#8942 = NEXT_ASSEMBLY_USAGE_OCCURRENCE ( 'NAUO16', ' ', ' ', #7170, #6510, $ ) ;
#8943 = NEXT_ASSEMBLY_USAGE_OCCURRENCE ( 'NAUO17', ' ', ' ', #7170, #2349, $ ) ;
#8944 = NEXT_ASSEMBLY_USAGE_OCCURRENCE ( 'NAUO18', ' ', ' ', #7170, #6510, $ ) ;
#8945 = NEXT_ASSEMBLY_USAGE_OCCURRENCE ( 'NAUO19', ' ', ' ', #7170, #634, $ ) ;
#8946 = NEXT_ASSEMBLY_USAGE_OCCURRENCE ( 'NAUO20', ' ', ' ', #7170, #6510, $ ) ;
#8947 = NEXT_ASSEMBLY_USAGE_OCCURRENCE ( 'NAUO21', ' ', ' ', #7170, #6510, $ ) ;
#8948 = NEXT_ASSEMBLY_USAGE_OCCURRENCE ( 'NAUO22', ' ', ' ', #7170, #6009, $ ) ;
#8949 = NEXT_ASSEMBLY_USAGE_OCCURRENCE ( 'NAUO23', ' ', ' ', #7170, #6009, $ ) ;
#8950 = NEXT_ASSEMBLY_USAGE_OCCURRENCE ( 'NAUO24', ' ', ' ', #7170, #6009, $ ) ;
#8951 = NEXT_ASSEMBLY_USAGE_OCCURRENCE ( 'NAUO25', ' ', ' ', #7170, #6009, $ ) ;
#8952 = NEXT_ASSEMBLY_USAGE_OCCURRENCE ( 'NAUO26', ' ', ' ', #7170, #6009, $ ) ;
#8953 = NEXT_ASSEMBLY_USAGE_OCCURRENCE ( 'NAUO27', ' ', ' ', #7170, #6009, $ ) ;
#8954 = NEXT_ASSEMBLY_USAGE_OCCURRENCE ( 'NAUO28', ' ', ' ', #7170, #6510, $ ) ;
#8955 = NEXT_ASSEMBLY_USAGE_OCCURRENCE ( 'NAUO29', ' ', ' ', #7170, #6510, $ ) ;
#8956 = NEXT_ASSEMBLY_USAGE_OCCURRENCE ( 'NAUO30', ' ', ' ', #7170, #6009, $ ) ;
#8957 = NEXT_ASSEMBLY_USAGE_OCCURRENCE ( 'NAUO31', ' ', ' ', #7170, #6009, $ ) ;
#8958 = NEXT_ASSEMBLY_USAGE_OCCURRENCE ( 'NAUO32', ' ', ' ', #7170, #6510, $ ) ;
#8959 = NEXT_ASSEMBLY_USAGE_OCCURRENCE ( 'NAUO33', ' ', ' ', #7170, #6510, $ ) ;
#8960 = NEXT_ASSEMBLY_USAGE_OCCURRENCE ( 'NAUO34', ' ', ' ', #7170, #2349, $ ) ;
#8961 = NEXT_ASSEMBLY_USAGE_OCCURRENCE ( 'NAUO35', ' ', ' ', #7170, #2349, $ ) ;
#8962 = NEXT_ASSEMBLY_USAGE_OCCURRENCE ( 'NAUO36', ' ', ' ', #7170, #6009, $ ) ;
#8963 = NEXT_ASSEMBLY_USAGE_OCCURRENCE ( 'NAUO37', ' ', ' ', #7170, #6009, $ ) ;
ENDSEC;
END-ISO-10303-21;
